Deletion Duplication?,start,end,frame,early_stop,MW,junction_peptide,Phenotype Score
Deletion,2,2,out,yes," 2,107 ",EVEDCFWEAA,
Deletion,2,3,out,yes," 4,126 ",EVEDCSKRKR,
Deletion,2,4,out,yes," 1,442 ",EVEDCC,
Deletion,2,5,out,yes," 3,372 ",EVEDCCQKCN,
Deletion,2,6,out,yes," 4,772 ",EVEDCCQTYL,
Deletion,2,8,out,yes," 2,270 ",EVEDCYHGQS,
Deletion,2,9,out,yes," 1,804 ",EVEDCSFGSS,
Deletion,2,10,out,yes," 2,864 ",EVEDCWVHDG,
Deletion,2,11,out,yes," 2,039 ",EVEDCFYIEF,
Deletion,2,12,out,yes," 3,769 ",EVEDCCASRR,
Deletion,2,13,out,yes," 2,422 ",EVEDCCIGRS,
Deletion,2,14,out,yes," 1,696 ",EVEDCLPF,
Deletion,2,15,out,yes," 4,626 ",EVEDCCFKSG,
Deletion,2,16,out,yes," 7,078 ",EVEDCYFTGC,
Deletion,2,17,out,yes," 1,986 ",EVEDCCWMLI,
Deletion,2,18,out,yes," 2,178 ",EVEDCCHRAR,
Deletion,2,20,out,yes," 1,339 ",EVEDC,
Deletion,2,22,out,yes," 4,712 ",EVEDCCFTKF,
Deletion,2,23,out,yes," 1,339 ",EVEDC,
Deletion,2,24,out,yes," 1,788 ",EVEDCSFSQ,
Deletion,2,25,out,yes," 4,891 ",EVEDCCLCQK,
Deletion,2,26,out,yes," 1,339 ",EVEDC,
Deletion,2,27,out,yes," 1,339 ",EVEDC,
Deletion,2,28,out,yes," 1,587 ",EVEDCFT,
Deletion,2,29,out,yes," 2,172 ",EVEDCCCKEA,
Deletion,2,30,out,yes," 1,339 ",EVEDC,
Deletion,2,31,out,yes," 1,339 ",EVEDC,
Deletion,2,32,out,yes," 1,339 ",EVEDC,
Deletion,2,33,out,yes," 3,109 ",EVEDCCNRKK,
Deletion,2,34,out,yes," 2,092 ",EVEDCCYSKR,
Deletion,2,35,out,yes," 1,339 ",EVEDC,
Deletion,2,36,out,yes," 2,145 ",EVEDCSFKGR,
Deletion,2,37,out,yes," 2,453 ",EVEDCCLHSF,
Deletion,2,38,out,yes," 1,339 ",EVEDC,
Deletion,2,39,out,yes," 1,339 ",EVEDC,
Deletion,2,40,out,yes," 1,339 ",EVEDC,
Deletion,2,41,out,yes," 1,763 ",EVEDCSHCP,
Deletion,2,42,out,yes," 1,339 ",EVEDC,
Deletion,2,43,out,yes," 3,101 ",EVEDCCDLTD,
Deletion,2,44,out,yes," 1,339 ",EVEDC,
Deletion,2,45,out,yes," 1,442 ",EVEDCC,
Deletion,2,46,out,yes," 3,022 ",EVEDCFTGGR,
Deletion,2,47,out,yes," 2,053 ",EVEDCCFQSF,
Deletion,2,48,out,yes," 1,339 ",EVEDC,
Deletion,2,49,out,yes," 1,339 ",EVEDC,
Deletion,2,51,out,yes," 4,891 ",EVEDCCNNAG,
Deletion,2,53,out,yes," 3,119 ",EVEDCSVGQR,
Deletion,2,54,out,yes," 1,525 ",EVEDCW,
Deletion,2,55,out,yes," 1,339 ",EVEDC,
Deletion,2,56,out,yes," 4,289 ",EVEDCCPIWK,
Deletion,2,57,out,yes," 2,226 ",EVEDCCLQEG,
Deletion,2,59,out,yes," 3,399 ",EVEDCCTSRR,
Deletion,2,60,out,yes," 2,394 ",EVEDCCGRRG,
Deletion,2,62,out,yes," 2,734 ",EVEDCSTRLK,
Deletion,2,65,out,yes," 11,685 ",EVEDCWDEQG,
Deletion,2,67,out,yes," 1,442 ",EVEDCC,
Deletion,2,68,out,yes," 1,699 ",EVEDCCTGV,
Deletion,2,69,out,yes," 9,008 ",EVEDCYYIRR,
Deletion,2,70,out,yes," 1,810 ",EVEDCFPLL,
Deletion,2,71,out,yes," 3,883 ",EVEDCCLPRP,
Deletion,2,72,out,yes," 1,442 ",EVEDCC,
Deletion,2,73,out,yes," 1,339 ",EVEDC,
Deletion,2,74,out,yes," 1,339 ",EVEDC,
Deletion,2,75,out,yes," 5,916 ",EVEDCSPGRG,
Deletion,2,78,out,yes," 1,339 ",EVEDC,
Deletion,2,7,in,no," 403,172 ",EVEDCYVDTT,
Deletion,2,21,in,no," 320,273 ",EVEDCFFDTL,
Deletion,2,50,in,no," 145,277 ",EVEDCSPTQT,
Deletion,2,52,in,no," 132,035 ",EVEDCFERIQ,
Deletion,2,61,in,no," 73,243 ",EVEDCSSVQG,
Deletion,2,63,in,no," 68,441 ",EVEDCSDLNN,
Deletion,2,64,in,no," 65,503 ",EVEDCLDLLS,
Deletion,2,66,in,no," 54,504 ",EVEDCYLFKQ,
Deletion,2,76,in,no," 6,346 ",EVEDCCEEDL,
Deletion,2,19,in,yes," 1,339 ",EVEDC,
Deletion,2,58,in,yes," 1,339 ",EVEDC,
Deletion,2,77,in,yes," 1,339 ",EVEDC,
Deletion,3,3,in,no," 423,252 ",AQFSKPKEKG,
Deletion,3,6,out,yes," 4,391 ",AQFSKARPI,
Deletion,3,7,out,yes," 5,287 ",AQFSKMLIPP,
Deletion,3,11,out,yes," 4,202 ",AQFSKFT,
Deletion,3,17,out,yes," 4,213 ",AQFSKVGC,
Deletion,3,19,out,yes," 5,549 ",AQFSKRVLMQ,
Deletion,3,21,out,yes," 5,494 ",AQFSKFLTLC,
Deletion,3,4,in,no," 420,354 ",AQFSKVDLVN,
Deletion,3,43,out,yes," 4,138 ",AQFSKAI,
Deletion,3,45,out,yes," 5,987 ",AQFSKARRTK,
Deletion,3,50,out,yes," 4,975 ",AQFSKLLLRL,
Deletion,3,5,in,no," 416,874 ",AQFSKVKNVM,
Deletion,3,52,out,yes," 6,371 ",AQFSKLKEFR,
Deletion,3,54,out,yes," 4,140 ",AQFSKGE,
Deletion,3,56,out,yes," 4,717 ",AQFSKVPFGS,
Deletion,3,58,out,yes," 7,262 ",AQFSKSCLLR,
Deletion,3,61,out,yes," 7,613 ",AQFSKRLSRV,
Deletion,3,62,out,yes," 6,233 ",AQFSKPRDSN,
Deletion,3,63,out,yes," 4,168 ",AQFSKLT,
Deletion,3,64,out,yes," 4,340 ",AQFSKWIS,
Deletion,3,65,out,yes," 5,170 ",AQFSKGTNRE,
Deletion,3,66,out,yes," 11,081 ",AQFSKTFSSK,
Deletion,3,68,out,yes," 4,710 ",AQFSKVQESK,
Deletion,3,70,out,yes," 6,528 ",AQFSKSRYSD,
Deletion,3,71,out,yes," 5,000 ",AQFSKACLVP,
Deletion,3,72,out,yes," 5,452 ",AQFSKASRNG,
Deletion,3,73,out,yes," 4,110 ",AQFSKR,
Deletion,3,74,out,yes," 4,597 ",AQFSKESASR,
Deletion,3,76,out,yes," 5,636 ",AQFSKVRKIF,
Deletion,3,77,out,yes," 4,880 ",AQFSKEEIPL,
Deletion,3,8,in,no," 398,504 ",AQFSKITVSL,
Deletion,3,9,in,no," 393,736 ",AQFSKHLEAP,
Deletion,3,10,in,no," 386,608 ",AQFSKGYMMD,
Deletion,3,12,in,no," 373,635 ",AQFSKVLQED,
Deletion,3,13,in,no," 369,206 ",AQFSKVLGDR,
Deletion,3,14,in,no," 364,940 ",AQFSKCLFSA,
Deletion,3,15,in,no," 360,874 ",AQFSKVLKAD,
Deletion,3,16,in,no," 353,949 ",AQFSKISQAV,
Deletion,3,18,in,no," 342,555 ",AQFSKAIERE,
Deletion,3,20,in,no," 329,785 ",AQFSKDEVNR,
Deletion,3,22,in,no," 317,069 ",AQFSKALQSS,
Deletion,3,23,in,no," 308,693 ",AQFSKNHIQT,
Deletion,3,24,in,no," 304,156 ",AQFSKLLVSD,
Deletion,3,25,in,no," 298,232 ",AQFSKVYARK,
Deletion,3,26,in,no," 291,441 ",AQFSKRAKEE,
Deletion,3,27,in,no," 284,587 ",AQFSKEVWAC,
Deletion,3,28,in,no," 279,342 ",AQFSKSLENL,
Deletion,3,29,in,no," 273,436 ",AQFSKAVRRQ,
Deletion,3,30,in,no," 267,341 ",AQFSKKIQSD,
Deletion,3,31,in,no," 263,168 ",AQFSKKKLQD,
Deletion,3,32,in,no," 256,330 ",AQFSKNLYKS,
Deletion,3,33,in,no," 250,333 ",AQFSKVTERK,
Deletion,3,34,in,no," 243,755 ",AQFSKATQKE,
Deletion,3,35,in,no," 236,986 ",AQFSKEYQKH,
Deletion,3,36,in,no," 231,775 ",AQFSKRLKAE,
Deletion,3,37,in,no," 225,272 ",AQFSKASIPL,
Deletion,3,38,in,no," 220,544 ",AQFSKNEDNE,
Deletion,3,39,in,no," 215,062 ",AQFSKDLRSQ,
Deletion,3,40,in,no," 208,826 ",AQFSKEIDRE,
Deletion,3,41,in,no," 201,656 ",AQFSKHTVRE,
Deletion,3,42,in,no," 194,142 ",AQFSKNIKDS,
Deletion,3,44,in,no," 181,060 ",AQFSKELQDG,
Deletion,3,46,in,no," 168,559 ",AQFSKLLVEE,
Deletion,3,47,in,no," 162,928 ",AQFSKVSRAL,
Deletion,3,48,in,no," 155,708 ",AQFSKETEIA,
Deletion,3,49,in,no," 151,893 ",AQFSKRKLED,
Deletion,3,51,in,no," 139,124 ",AQFSKATMQD,
Deletion,3,53,in,no," 126,140 ",AQFSKQLAKD,
Deletion,3,55,in,no," 112,614 ",AQFSKDLQGE,
Deletion,3,57,in,no," 99,762 ",AQFSKAFKRE,
Deletion,3,59,in,no," 84,383 ",AQFSKALRGE,
Deletion,3,60,in,no," 78,856 ",AQFSKVAVED,
Deletion,3,67,in,no," 51,232 ",AQFSKANNKP,
Deletion,3,69,in,no," 40,433 ",AQFSKTTSGE,
Deletion,3,75,in,no," 13,163 ",AQFSKPQAEA,
Deletion,3,78,in,no," 4,301 ",AQFSKDTM,
Deletion,4,4,in,no," 423,892 ",TGQKLVDLVN,
Deletion,4,5,in,no," 420,412 ",TGQKLVKNVM,
Deletion,4,6,out,yes," 7,929 ",TGQKLARPI,
Deletion,4,7,out,yes," 8,825 ",TGQKLMLIPP,
Deletion,4,11,out,yes," 7,740 ",TGQKLFT,
Deletion,4,17,out,yes," 7,751 ",TGQKLVGC,
Deletion,4,19,out,yes," 9,086 ",TGQKLRVLMQ,
Deletion,4,21,out,yes," 9,031 ",TGQKLFLTLC,
Deletion,4,43,out,yes," 7,676 ",TGQKLAI,
Deletion,4,45,out,yes," 9,525 ",TGQKLARRTK,
Deletion,4,50,out,yes," 8,513 ",TGQKLLLLRL,
Deletion,4,52,out,yes," 9,908 ",TGQKLLKEFR,
Deletion,4,54,out,yes," 7,677 ",TGQKLGE,
Deletion,4,56,out,yes," 8,254 ",TGQKLVPFGS,
Deletion,4,58,out,yes," 10,799 ",TGQKLSCLLR,
Deletion,4,61,out,yes," 11,151 ",TGQKLRLSRV,
Deletion,4,62,out,yes," 9,771 ",TGQKLPRDSN,
Deletion,4,63,out,yes," 7,706 ",TGQKLLT,
Deletion,4,64,out,yes," 7,878 ",TGQKLWIS,
Deletion,4,65,out,yes," 8,707 ",TGQKLGTNRE,
Deletion,4,66,out,yes," 14,619 ",TGQKLTFSSK,
Deletion,4,68,out,yes," 8,247 ",TGQKLVQESK,
Deletion,4,70,out,yes," 10,065 ",TGQKLSRYSD,
Deletion,4,71,out,yes," 8,538 ",TGQKLACLVP,
Deletion,4,72,out,yes," 8,989 ",TGQKLASRNG,
Deletion,4,73,out,yes," 7,647 ",TGQKLR,
Deletion,4,74,out,yes," 8,135 ",TGQKLESASR,
Deletion,4,76,out,yes," 9,173 ",TGQKLVRKIF,
Deletion,4,77,out,yes," 8,417 ",TGQKLEEIPL,
Deletion,4,8,in,no," 402,042 ",TGQKLITVSL,
Deletion,4,9,in,no," 397,274 ",TGQKLHLEAP,
Deletion,4,10,in,no," 390,145 ",TGQKLGYMMD,
Deletion,4,12,in,no," 377,173 ",TGQKLVLQED,
Deletion,4,13,in,no," 372,743 ",TGQKLVLGDR,
Deletion,4,14,in,no," 368,477 ",TGQKLCLFSA,
Deletion,4,15,in,no," 364,411 ",TGQKLVLKAD,
Deletion,4,16,in,no," 357,487 ",TGQKLISQAV,
Deletion,4,18,in,no," 346,092 ",TGQKLAIERE,
Deletion,4,20,in,no," 333,322 ",TGQKLDEVNR,
Deletion,4,22,in,no," 320,606 ",TGQKLALQSS,
Deletion,4,23,in,no," 312,230 ",TGQKLNHIQT,
Deletion,4,24,in,no," 307,694 ",TGQKLLLVSD,
Deletion,4,25,in,no," 301,770 ",TGQKLVYARK,
Deletion,4,26,in,no," 294,978 ",TGQKLRAKEE,
Deletion,4,27,in,no," 288,124 ",TGQKLEVWAC,
Deletion,4,28,in,no," 282,880 ",TGQKLSLENL,
Deletion,4,29,in,no," 276,973 ",TGQKLAVRRQ,
Deletion,4,30,in,no," 270,879 ",TGQKLKIQSD,
Deletion,4,31,in,no," 266,706 ",TGQKLKKLQD,
Deletion,4,32,in,no," 259,867 ",TGQKLNLYKS,
Deletion,4,33,in,no," 253,871 ",TGQKLVTERK,
Deletion,4,34,in,no," 247,293 ",TGQKLATQKE,
Deletion,4,35,in,no," 240,523 ",TGQKLEYQKH,
Deletion,4,36,in,no," 235,312 ",TGQKLRLKAE,
Deletion,4,37,in,no," 228,809 ",TGQKLASIPL,
Deletion,4,38,in,no," 224,082 ",TGQKLNEDNE,
Deletion,4,39,in,no," 218,599 ",TGQKLDLRSQ,
Deletion,4,40,in,no," 212,364 ",TGQKLEIDRE,
Deletion,4,41,in,no," 205,193 ",TGQKLHTVRE,
Deletion,4,42,in,no," 197,680 ",TGQKLNIKDS,
Deletion,4,44,in,no," 184,598 ",TGQKLELQDG,
Deletion,4,46,in,no," 172,097 ",TGQKLLLVEE,
Deletion,4,47,in,no," 166,465 ",TGQKLVSRAL,
Deletion,4,48,in,no," 159,245 ",TGQKLETEIA,
Deletion,4,49,in,no," 155,430 ",TGQKLRKLED,
Deletion,4,51,in,no," 142,661 ",TGQKLATMQD,
Deletion,4,53,in,no," 129,677 ",TGQKLQLAKD,
Deletion,4,55,in,no," 116,152 ",TGQKLDLQGE,
Deletion,4,57,in,no," 103,300 ",TGQKLAFKRE,
Deletion,4,59,in,no," 87,920 ",TGQKLALRGE,
Deletion,4,60,in,no," 82,394 ",TGQKLVAVED,
Deletion,4,67,in,no," 54,770 ",TGQKLANNKP,
Deletion,4,69,in,no," 43,971 ",TGQKLTTSGE,
Deletion,4,75,in,no," 16,700 ",TGQKLPQAEA,
Deletion,4,78,in,no," 7,839 ",TGQKLDTM,
Deletion,5,5,in,no," 423,309 ",LQNNNVKNVM,
Deletion,5,6,out,yes," 10,826 ",LQNNNARPI,
Deletion,5,7,out,yes," 11,722 ",LQNNNMLIPP,
Deletion,5,11,out,yes," 10,637 ",LQNNNFT,
Deletion,5,17,out,yes," 10,648 ",LQNNNVGC,
Deletion,5,19,out,yes," 11,983 ",LQNNNRVLMQ,
Deletion,5,21,out,yes," 11,929 ",LQNNNFLTLC,
Deletion,5,8,in,no," 404,939 ",LQNNNITVSL,
Deletion,5,43,out,yes," 10,573 ",LQNNNAI,
Deletion,5,45,out,yes," 12,422 ",LQNNNARRTK,
Deletion,5,50,out,yes," 11,410 ",LQNNNLLLRL,
Deletion,5,52,out,yes," 12,805 ",LQNNNLKEFR,
Deletion,5,54,out,yes," 10,575 ",LQNNNGE,
Deletion,5,56,out,yes," 11,151 ",LQNNNVPFGS,
Deletion,5,58,out,yes," 13,697 ",LQNNNSCLLR,
Deletion,5,61,out,yes," 14,048 ",LQNNNRLSRV,
Deletion,5,62,out,yes," 12,668 ",LQNNNPRDSN,
Deletion,5,63,out,yes," 10,603 ",LQNNNLT,
Deletion,5,64,out,yes," 10,775 ",LQNNNWIS,
Deletion,5,65,out,yes," 11,605 ",LQNNNGTNRE,
Deletion,5,66,out,yes," 17,516 ",LQNNNTFSSK,
Deletion,5,68,out,yes," 11,144 ",LQNNNVQESK,
Deletion,5,70,out,yes," 12,963 ",LQNNNSRYSD,
Deletion,5,71,out,yes," 11,435 ",LQNNNACLVP,
Deletion,5,72,out,yes," 11,886 ",LQNNNASRNG,
Deletion,5,73,out,yes," 10,545 ",LQNNNR,
Deletion,5,74,out,yes," 11,032 ",LQNNNESASR,
Deletion,5,76,out,yes," 12,071 ",LQNNNVRKIF,
Deletion,5,77,out,yes," 11,314 ",LQNNNEEIPL,
Deletion,5,9,in,no," 400,171 ",LQNNNHLEAP,
Deletion,5,10,in,no," 393,042 ",LQNNNGYMMD,
Deletion,5,12,in,no," 380,070 ",LQNNNVLQED,
Deletion,5,13,in,no," 375,640 ",LQNNNVLGDR,
Deletion,5,14,in,no," 371,374 ",LQNNNCLFSA,
Deletion,5,15,in,no," 367,308 ",LQNNNVLKAD,
Deletion,5,16,in,no," 360,384 ",LQNNNISQAV,
Deletion,5,18,in,no," 348,989 ",LQNNNAIERE,
Deletion,5,20,in,no," 336,219 ",LQNNNDEVNR,
Deletion,5,22,in,no," 323,503 ",LQNNNALQSS,
Deletion,5,23,in,no," 315,127 ",LQNNNNHIQT,
Deletion,5,24,in,no," 310,591 ",LQNNNLLVSD,
Deletion,5,25,in,no," 304,667 ",LQNNNVYARK,
Deletion,5,26,in,no," 297,875 ",LQNNNRAKEE,
Deletion,5,27,in,no," 291,021 ",LQNNNEVWAC,
Deletion,5,28,in,no," 285,777 ",LQNNNSLENL,
Deletion,5,29,in,no," 279,870 ",LQNNNAVRRQ,
Deletion,5,30,in,no," 273,776 ",LQNNNKIQSD,
Deletion,5,31,in,no," 269,603 ",LQNNNKKLQD,
Deletion,5,32,in,no," 262,765 ",LQNNNNLYKS,
Deletion,5,33,in,no," 256,768 ",LQNNNVTERK,
Deletion,5,34,in,no," 250,190 ",LQNNNATQKE,
Deletion,5,35,in,no," 243,420 ",LQNNNEYQKH,
Deletion,5,36,in,no," 238,209 ",LQNNNRLKAE,
Deletion,5,37,in,no," 231,707 ",LQNNNASIPL,
Deletion,5,38,in,no," 226,979 ",LQNNNNEDNE,
Deletion,5,39,in,no," 221,497 ",LQNNNDLRSQ,
Deletion,5,40,in,no," 215,261 ",LQNNNEIDRE,
Deletion,5,41,in,no," 208,091 ",LQNNNHTVRE,
Deletion,5,42,in,no," 200,577 ",LQNNNNIKDS,
Deletion,5,44,in,no," 187,495 ",LQNNNELQDG,
Deletion,5,46,in,no," 174,994 ",LQNNNLLVEE,
Deletion,5,47,in,no," 169,362 ",LQNNNVSRAL,
Deletion,5,48,in,no," 162,143 ",LQNNNETEIA,
Deletion,5,49,in,no," 158,327 ",LQNNNRKLED,
Deletion,5,51,in,no," 145,559 ",LQNNNATMQD,
Deletion,5,53,in,no," 132,575 ",LQNNNQLAKD,
Deletion,5,55,in,no," 119,049 ",LQNNNDLQGE,
Deletion,5,57,in,no," 106,197 ",LQNNNAFKRE,
Deletion,5,59,in,no," 90,817 ",LQNNNALRGE,
Deletion,5,60,in,no," 85,291 ",LQNNNVAVED,
Deletion,5,67,in,no," 57,667 ",LQNNNANNKP,
Deletion,5,69,in,no," 46,868 ",LQNNNTTSGE,
Deletion,5,75,in,no," 19,597 ",LQNNNPQAEA,
Deletion,5,78,in,no," 10,736 ",LQNNNDTM,
Deletion,6,8,in,no," 408,419 ",ILHWQITVSL,
Deletion,6,9,in,no," 403,651 ",ILHWQHLEAP,
Deletion,6,6,out,yes," 14,306 ",ILHWQARPI,
Deletion,6,7,out,yes," 15,202 ",ILHWQMLIPP,
Deletion,6,11,out,yes," 14,117 ",ILHWQFT,
Deletion,6,17,out,yes," 14,128 ",ILHWQVGC,
Deletion,6,19,out,yes," 15,464 ",ILHWQRVLMQ,
Deletion,6,21,out,yes," 15,409 ",ILHWQFLTLC,
Deletion,6,43,out,yes," 14,053 ",ILHWQAI,
Deletion,6,45,out,yes," 15,902 ",ILHWQARRTK,
Deletion,6,50,out,yes," 14,890 ",ILHWQLLLRL,
Deletion,6,52,out,yes," 16,286 ",ILHWQLKEFR,
Deletion,6,54,out,yes," 14,055 ",ILHWQGE,
Deletion,6,56,out,yes," 14,632 ",ILHWQVPFGS,
Deletion,6,58,out,yes," 17,177 ",ILHWQSCLLR,
Deletion,6,10,in,no," 396,522 ",ILHWQGYMMD,
Deletion,6,61,out,yes," 17,528 ",ILHWQRLSRV,
Deletion,6,62,out,yes," 16,148 ",ILHWQPRDSN,
Deletion,6,63,out,yes," 14,083 ",ILHWQLT,
Deletion,6,64,out,yes," 14,255 ",ILHWQWIS,
Deletion,6,65,out,yes," 15,085 ",ILHWQGTNRE,
Deletion,6,66,out,yes," 20,996 ",ILHWQTFSSK,
Deletion,6,68,out,yes," 14,625 ",ILHWQVQESK,
Deletion,6,70,out,yes," 16,443 ",ILHWQSRYSD,
Deletion,6,71,out,yes," 14,915 ",ILHWQACLVP,
Deletion,6,72,out,yes," 15,367 ",ILHWQASRNG,
Deletion,6,73,out,yes," 14,025 ",ILHWQR,
Deletion,6,74,out,yes," 14,512 ",ILHWQESASR,
Deletion,6,76,out,yes," 15,551 ",ILHWQVRKIF,
Deletion,6,77,out,yes," 14,795 ",ILHWQEEIPL,
Deletion,6,12,in,no," 383,550 ",ILHWQVLQED,
Deletion,6,13,in,no," 379,120 ",ILHWQVLGDR,
Deletion,6,14,in,no," 374,855 ",ILHWQCLFSA,
Deletion,6,15,in,no," 370,789 ",ILHWQVLKAD,
Deletion,6,16,in,no," 363,864 ",ILHWQISQAV,
Deletion,6,18,in,no," 352,470 ",ILHWQAIERE,
Deletion,6,20,in,no," 339,700 ",ILHWQDEVNR,
Deletion,6,22,in,no," 326,984 ",ILHWQALQSS,
Deletion,6,23,in,no," 318,608 ",ILHWQNHIQT,
Deletion,6,24,in,no," 314,071 ",ILHWQLLVSD,
Deletion,6,25,in,no," 308,147 ",ILHWQVYARK,
Deletion,6,26,in,no," 301,356 ",ILHWQRAKEE,
Deletion,6,27,in,no," 294,502 ",ILHWQEVWAC,
Deletion,6,28,in,no," 289,257 ",ILHWQSLENL,
Deletion,6,29,in,no," 283,351 ",ILHWQAVRRQ,
Deletion,6,30,in,no," 277,256 ",ILHWQKIQSD,
Deletion,6,31,in,no," 273,083 ",ILHWQKKLQD,
Deletion,6,32,in,no," 266,245 ",ILHWQNLYKS,
Deletion,6,33,in,no," 260,248 ",ILHWQVTERK,
Deletion,6,34,in,no," 253,670 ",ILHWQATQKE,
Deletion,6,35,in,no," 246,901 ",ILHWQEYQKH,
Deletion,6,36,in,no," 241,689 ",ILHWQRLKAE,
Deletion,6,37,in,no," 235,187 ",ILHWQASIPL,
Deletion,6,38,in,no," 230,459 ",ILHWQNEDNE,
Deletion,6,39,in,no," 224,977 ",ILHWQDLRSQ,
Deletion,6,40,in,no," 218,741 ",ILHWQEIDRE,
Deletion,6,41,in,no," 211,571 ",ILHWQHTVRE,
Deletion,6,42,in,no," 204,057 ",ILHWQNIKDS,
Deletion,6,44,in,no," 190,975 ",ILHWQELQDG,
Deletion,6,46,in,no," 178,474 ",ILHWQLLVEE,
Deletion,6,47,in,no," 172,842 ",ILHWQVSRAL,
Deletion,6,48,in,no," 165,623 ",ILHWQETEIA,
Deletion,6,49,in,no," 161,808 ",ILHWQRKLED,
Deletion,6,51,in,no," 149,039 ",ILHWQATMQD,
Deletion,6,53,in,no," 136,055 ",ILHWQQLAKD,
Deletion,6,55,in,no," 122,529 ",ILHWQDLQGE,
Deletion,6,57,in,no," 109,677 ",ILHWQAFKRE,
Deletion,6,59,in,no," 94,298 ",ILHWQALRGE,
Deletion,6,60,in,no," 88,771 ",ILHWQVAVED,
Deletion,6,67,in,no," 61,147 ",ILHWQANNKP,
Deletion,6,69,in,no," 50,348 ",ILHWQTTSGE,
Deletion,6,75,in,no," 23,078 ",ILHWQPQAEA,
Deletion,6,78,in,no," 14,216 ",ILHWQDTM,
Deletion,7,11,in,no," 396,209 ",LIHSHSLHRV,
Deletion,7,7,out,yes," 20,579 ",LIHSHRC,
Deletion,7,8,out,yes," 20,905 ",LIHSHRSRSV,
Deletion,7,9,out,yes," 21,934 ",LIHSHSIWKL,
Deletion,7,10,out,yes," 20,634 ",LIHSHRGT,
Deletion,7,12,out,yes," 21,095 ",LIHSHRCFKK,
Deletion,7,13,out,yes," 25,805 ",LIHSHRYWEI,
Deletion,7,14,out,yes," 21,950 ",LIHSHSAFLV,
Deletion,7,15,out,yes," 20,623 ",LIHSHRF,
Deletion,7,16,out,yes," 21,785 ",LIHSHRFHRL,
Deletion,7,18,out,yes," 20,572 ",LIHSHRP,
Deletion,7,19,out,yes," 20,636 ",LIHSHRGC,
Deletion,7,20,out,yes," 22,230 ",LIHSHRMKST,
Deletion,7,21,out,yes," 20,553 ",LIHSHSF,
Deletion,7,22,out,yes," 22,569 ",LIHSHRLYKV,
Deletion,7,23,out,yes," 21,078 ",LIHSHRITYK,
Deletion,7,24,out,yes," 20,553 ",LIHSHSF,
Deletion,7,25,out,yes," 21,329 ",LIHSHRSMPE,
Deletion,7,26,out,yes," 22,010 ",LIHSHRELKK,
Deletion,7,27,out,yes," 22,668 ",LIHSHRKFGH,
Deletion,7,28,out,yes," 20,898 ",LIHSHSHLKI,
Deletion,7,29,out,yes," 20,589 ",LIHSHRL,
Deletion,7,30,out,yes," 21,031 ",LIHSHRKSNL,
Deletion,7,31,out,yes," 21,324 ",LIHSHRKNYK,
Deletion,7,32,out,yes," 21,020 ",LIHSHRTCIK,
Deletion,7,33,out,yes," 20,475 ",LIHSHR,
Deletion,7,34,out,yes," 22,014 ",LIHSHRLLKK,
Deletion,7,35,out,yes," 25,815 ",LIHSHRNTRN,
Deletion,7,36,out,yes," 20,505 ",LIHSHSV,
Deletion,7,37,out,yes," 20,930 ",LIHSHRPPFL,
Deletion,7,38,out,yes," 21,336 ",LIHSHRMKTM,
Deletion,7,39,out,yes," 20,589 ",LIHSHRI,
Deletion,7,40,out,yes," 21,944 ",LIHSHRKLIG,
Deletion,7,41,out,yes," 21,219 ",LIHSHSTLSV,
Deletion,7,42,out,yes," 20,589 ",LIHSHRI,
Deletion,7,44,out,yes," 22,057 ",LIHSHRNSRM,
Deletion,7,46,out,yes," 22,279 ",LIHSHSYWWK,
Deletion,7,47,out,yes," 22,377 ",LIHSHRFPEL,
Deletion,7,48,out,yes," 20,845 ",LIHSHRKLK,
Deletion,7,49,out,yes," 20,620 ",LIHSHRGS,
Deletion,7,50,out,yes," 21,910 ",LIHSHSSYSD,
Deletion,7,51,out,yes," 23,079 ",LIHSHRQQCR,
Deletion,7,52,out,yes," 20,406 ",LIHSHS,
Deletion,7,53,out,yes," 21,724 ",LIHSHSSWPK,
Deletion,7,55,out,yes," 23,158 ",LIHSHRTSKV,
Deletion,7,57,out,yes," 20,987 ",LIHSHRPSRG,
Deletion,7,58,out,yes," 20,705 ",LIHSHRAAS,
Deletion,7,59,out,yes," 21,529 ",LIHSHRHFEE,
Deletion,7,60,out,yes," 27,012 ",LIHSHRWPSR,
Deletion,7,61,out,yes," 24,769 ",LIHSHSVCPG,
Deletion,7,63,out,yes," 20,406 ",LIHSHS,
Deletion,7,64,out,yes," 21,310 ",LIHSHSGSLE,
Deletion,7,66,out,yes," 21,835 ",LIHSHRPFQA,
Deletion,7,67,out,yes," 21,829 ",LIHSHRLIIS,
Deletion,7,69,out,yes," 22,149 ",LIHSHRLHQE,
Deletion,7,75,out,yes," 21,169 ",LIHSHSPRQR,
Deletion,7,76,out,yes," 20,475 ",LIHSHR,
Deletion,7,77,out,no," 22,184 ",LIHSHRKKYP,
Deletion,7,78,out,no," 20,808 ",LIHSHRTQC,
Deletion,7,17,in,no," 363,822 ",LIHSHRLDVD,
Deletion,7,43,in,no," 204,024 ",LIHSHRRFDR,
Deletion,7,45,in,no," 190,874 ",LIHSHRLEEQ,
Deletion,7,54,in,no," 136,530 ",LIHSHRVSER,
Deletion,7,56,in,no," 122,300 ",LIHSHRSHLE,
Deletion,7,62,in,no," 89,923 ",LIHSHSHETQ,
Deletion,7,65,in,no," 76,842 ",LIHSHRGRTG,
Deletion,7,68,in,no," 61,382 ",LIHSHRYRSL,
Deletion,7,70,in,no," 51,528 ",LIHSHSPVTL,
Deletion,7,71,in,no," 50,156 ",LIHSHRPASS,
Deletion,7,72,in,no," 47,682 ",LIHSHRLAEM,
Deletion,7,73,in,no," 45,316 ",LIHSHRDDEH,
Deletion,7,74,in,no," 39,175 ",LIHSHRNLQA,
Deletion,8,8,out,yes," 25,887 ",LLDPEDHGQS,
Deletion,8,9,out,yes," 25,453 ",LLDPEAFGSS,
Deletion,8,10,out,yes," 26,400 ",LLDPEGVHDG,
Deletion,8,11,out,yes," 25,655 ",LLDPEVYIEF,
Deletion,8,12,out,yes," 27,388 ",LLDPEGASRR,
Deletion,8,13,out,yes," 26,041 ",LLDPEGIGRS,
Deletion,8,14,out,yes," 25,347 ",LLDPEVPF,
Deletion,8,15,out,yes," 28,244 ",LLDPEGFKSG,
Deletion,8,16,out,yes," 30,695 ",LLDPEDFTGC,
Deletion,8,17,out,yes," 25,605 ",LLDPEGWMLI,
Deletion,8,18,out,yes," 25,797 ",LLDPEGHRAR,
Deletion,8,20,out,yes," 25,061 ",LLDPEG,
Deletion,8,22,out,yes," 28,331 ",LLDPEGFTKF,
Deletion,8,23,out,yes," 26,231 ",LLDPEESHTN,
Deletion,8,24,out,yes," 25,437 ",LLDPEAFSQ,
Deletion,8,25,out,yes," 28,510 ",LLDPEGLCQK,
Deletion,8,26,out,yes," 25,220 ",LLDPEES,
Deletion,8,27,out,yes," 25,634 ",LLDPEGSLGM,
Deletion,8,28,out,yes," 25,204 ",LLDPEVT,
Deletion,8,29,out,yes," 25,791 ",LLDPEGCKEA,
Deletion,8,30,out,yes," 25,457 ",LLDPEENPI,
Deletion,8,31,out,yes," 27,216 ",LLDPEEKITR,
Deletion,8,32,out,yes," 25,345 ",LLDPEELV,
Deletion,8,33,out,yes," 26,728 ",LLDPEGNRKK,
Deletion,8,34,out,yes," 25,711 ",LLDPEGYSKR,
Deletion,8,35,out,yes," 25,957 ",LLDPEGIPET,
Deletion,8,36,out,yes," 25,794 ",LLDPEAFKGR,
Deletion,8,37,out,yes," 26,072 ",LLDPEGLHSF,
Deletion,8,38,out,yes," 25,133 ",LLDPEE,
Deletion,8,39,out,yes," 27,542 ",LLDPEGFEVS,
Deletion,8,40,out,yes," 25,175 ",LLDPEGN,
Deletion,8,41,out,yes," 25,412 ",LLDPEAHCP,
Deletion,8,42,out,yes," 25,580 ",LLDPEEYKR,
Deletion,8,43,out,yes," 26,720 ",LLDPEGDLTD,
Deletion,8,44,out,yes," 33,423 ",LLDPEGTPGW,
Deletion,8,45,out,yes," 25,061 ",LLDPEG,
Deletion,8,46,out,yes," 26,639 ",LLDPEVTGGR,
Deletion,8,47,out,yes," 25,672 ",LLDPEGFQSF,
Deletion,8,48,out,yes," 25,175 ",LLDPEGN,
Deletion,8,49,out,yes," 26,003 ",LLDPEEEVRR,
Deletion,8,51,out,yes," 28,510 ",LLDPEGNNAG,
Deletion,8,53,out,yes," 26,768 ",LLDPEAVGQR,
Deletion,8,54,out,yes," 25,061 ",LLDPEG,
Deletion,8,55,out,yes," 25,411 ",LLDPEGPPR,
Deletion,8,56,out,yes," 27,908 ",LLDPEGPIWK,
Deletion,8,57,out,yes," 25,845 ",LLDPEGLQEG,
Deletion,8,59,out,yes," 27,018 ",LLDPEGTSRR,
Deletion,8,60,out,yes," 26,013 ",LLDPEGGRRG,
Deletion,8,62,out,yes," 26,383 ",LLDPEATRLK,
Deletion,8,65,out,yes," 35,221 ",LLDPEGDEQG,
Deletion,8,67,out,yes," 25,061 ",LLDPEG,
Deletion,8,68,out,yes," 25,318 ",LLDPEGTGV,
Deletion,8,69,out,yes," 32,625 ",LLDPEDYIRR,
Deletion,8,70,out,yes," 25,426 ",LLDPEVPLL,
Deletion,8,71,out,yes," 27,502 ",LLDPEGLPRP,
Deletion,8,72,out,yes," 25,061 ",LLDPEG,
Deletion,8,73,out,yes," 25,726 ",LLDPEEMMNI,
Deletion,8,74,out,yes," 25,979 ",LLDPEGICKQ,
Deletion,8,75,out,yes," 29,565 ",LLDPEAPGRG,
Deletion,8,78,out,no," 25,411 ",LLDPEGHNV,
Deletion,8,19,in,no," 360,276 ",LLDPEEGVNA,
Deletion,8,21,in,no," 343,889 ",LLDPEVFDTL,
Deletion,8,50,in,no," 168,926 ",LLDPEAPTQT,
Deletion,8,52,in,no," 155,651 ",LLDPEVERIQ,
Deletion,8,58,in,no," 116,068 ",LLDPEELPPE,
Deletion,8,61,in,no," 96,892 ",LLDPEASVQG,
Deletion,8,63,in,no," 92,089 ",LLDPEADLNN,
Deletion,8,64,in,no," 89,154 ",LLDPEVDLLS,
Deletion,8,66,in,no," 78,121 ",LLDPEDLFKQ,
Deletion,8,76,in,no," 29,965 ",LLDPEGEEDL,
Deletion,8,77,in,no," 26,575 ",LLDPEGRNTP,
Deletion,9,9,in,no," 422,021 ",HYSQQHLEAP,
Deletion,9,10,in,no," 414,892 ",HYSQQGYMMD,
Deletion,9,12,in,no," 401,920 ",HYSQQVLQED,
Deletion,9,13,in,no," 397,490 ",HYSQQVLGDR,
Deletion,9,14,in,no," 393,224 ",HYSQQCLFSA,
Deletion,9,11,out,yes," 32,487 ",HYSQQFT,
Deletion,9,17,out,yes," 32,498 ",HYSQQVGC,
Deletion,9,19,out,yes," 33,833 ",HYSQQRVLMQ,
Deletion,9,21,out,yes," 33,778 ",HYSQQFLTLC,
Deletion,9,15,in,no," 389,158 ",HYSQQVLKAD,
Deletion,9,43,out,yes," 32,423 ",HYSQQAI,
Deletion,9,45,out,yes," 34,272 ",HYSQQARRTK,
Deletion,9,50,out,yes," 33,260 ",HYSQQLLLRL,
Deletion,9,52,out,yes," 34,655 ",HYSQQLKEFR,
Deletion,9,54,out,yes," 32,424 ",HYSQQGE,
Deletion,9,56,out,yes," 33,001 ",HYSQQVPFGS,
Deletion,9,58,out,yes," 35,546 ",HYSQQSCLLR,
Deletion,9,61,out,yes," 35,898 ",HYSQQRLSRV,
Deletion,9,62,out,yes," 34,518 ",HYSQQPRDSN,
Deletion,9,63,out,yes," 32,453 ",HYSQQLT,
Deletion,9,64,out,yes," 32,625 ",HYSQQWIS,
Deletion,9,65,out,yes," 33,455 ",HYSQQGTNRE,
Deletion,9,66,out,yes," 39,366 ",HYSQQTFSSK,
Deletion,9,68,out,yes," 32,994 ",HYSQQVQESK,
Deletion,9,70,out,yes," 34,812 ",HYSQQSRYSD,
Deletion,9,71,out,yes," 33,285 ",HYSQQACLVP,
Deletion,9,72,out,yes," 33,736 ",HYSQQASRNG,
Deletion,9,73,out,yes," 32,394 ",HYSQQR,
Deletion,9,74,out,yes," 32,882 ",HYSQQESASR,
Deletion,9,76,out,yes," 33,920 ",HYSQQVRKIF,
Deletion,9,77,out,yes," 33,164 ",HYSQQEEIPL,
Deletion,9,16,in,no," 382,234 ",HYSQQISQAV,
Deletion,9,18,in,no," 370,839 ",HYSQQAIERE,
Deletion,9,20,in,no," 358,069 ",HYSQQDEVNR,
Deletion,9,22,in,no," 345,353 ",HYSQQALQSS,
Deletion,9,23,in,no," 336,977 ",HYSQQNHIQT,
Deletion,9,24,in,no," 332,441 ",HYSQQLLVSD,
Deletion,9,25,in,no," 326,517 ",HYSQQVYARK,
Deletion,9,26,in,no," 319,725 ",HYSQQRAKEE,
Deletion,9,27,in,no," 312,871 ",HYSQQEVWAC,
Deletion,9,28,in,no," 307,627 ",HYSQQSLENL,
Deletion,9,29,in,no," 301,720 ",HYSQQAVRRQ,
Deletion,9,30,in,no," 295,626 ",HYSQQKIQSD,
Deletion,9,31,in,no," 291,453 ",HYSQQKKLQD,
Deletion,9,32,in,no," 284,614 ",HYSQQNLYKS,
Deletion,9,33,in,no," 278,618 ",HYSQQVTERK,
Deletion,9,34,in,no," 272,040 ",HYSQQATQKE,
Deletion,9,35,in,no," 265,270 ",HYSQQEYQKH,
Deletion,9,36,in,no," 260,059 ",HYSQQRLKAE,
Deletion,9,37,in,no," 253,556 ",HYSQQASIPL,
Deletion,9,38,in,no," 248,829 ",HYSQQNEDNE,
Deletion,9,39,in,no," 243,346 ",HYSQQDLRSQ,
Deletion,9,40,in,no," 237,111 ",HYSQQEIDRE,
Deletion,9,41,in,no," 229,940 ",HYSQQHTVRE,
Deletion,9,42,in,no," 222,427 ",HYSQQNIKDS,
Deletion,9,44,in,no," 209,345 ",HYSQQELQDG,
Deletion,9,46,in,no," 196,844 ",HYSQQLLVEE,
Deletion,9,47,in,no," 191,212 ",HYSQQVSRAL,
Deletion,9,48,in,no," 183,992 ",HYSQQETEIA,
Deletion,9,49,in,no," 180,177 ",HYSQQRKLED,
Deletion,9,51,in,no," 167,408 ",HYSQQATMQD,
Deletion,9,53,in,no," 154,424 ",HYSQQQLAKD,
Deletion,9,55,in,no," 140,899 ",HYSQQDLQGE,
Deletion,9,57,in,no," 128,047 ",HYSQQAFKRE,
Deletion,9,59,in,no," 112,667 ",HYSQQALRGE,
Deletion,9,60,in,no," 107,141 ",HYSQQVAVED,
Deletion,9,67,in,no," 79,517 ",HYSQQANNKP,
Deletion,9,69,in,no," 68,718 ",HYSQQTTSGE,
Deletion,9,75,in,no," 41,447 ",HYSQQPQAEA,
Deletion,9,78,in,no," 32,586 ",HYSQQDTM,
Deletion,10,10,in,no," 419,660 ",PFPSQGYMMD,
Deletion,10,12,in,no," 406,688 ",PFPSQVLQED,
Deletion,10,13,in,no," 402,258 ",PFPSQVLGDR,
Deletion,10,14,in,no," 397,992 ",PFPSQCLFSA,
Deletion,10,15,in,no," 393,926 ",PFPSQVLKAD,
Deletion,10,16,in,no," 387,002 ",PFPSQISQAV,
Deletion,10,11,out,yes," 37,255 ",PFPSQFT,
Deletion,10,17,out,yes," 37,266 ",PFPSQVGC,
Deletion,10,19,out,yes," 38,601 ",PFPSQRVLMQ,
Deletion,10,21,out,yes," 38,547 ",PFPSQFLTLC,
Deletion,10,43,out,yes," 37,191 ",PFPSQAI,
Deletion,10,45,out,yes," 39,040 ",PFPSQARRTK,
Deletion,10,50,out,yes," 38,028 ",PFPSQLLLRL,
Deletion,10,52,out,yes," 39,423 ",PFPSQLKEFR,
Deletion,10,54,out,yes," 37,193 ",PFPSQGE,
Deletion,10,56,out,yes," 37,769 ",PFPSQVPFGS,
Deletion,10,58,out,yes," 40,315 ",PFPSQSCLLR,
Deletion,10,61,out,yes," 40,666 ",PFPSQRLSRV,
Deletion,10,62,out,yes," 39,286 ",PFPSQPRDSN,
Deletion,10,63,out,yes," 37,221 ",PFPSQLT,
Deletion,10,64,out,yes," 37,393 ",PFPSQWIS,
Deletion,10,65,out,yes," 38,223 ",PFPSQGTNRE,
Deletion,10,66,out,yes," 44,134 ",PFPSQTFSSK,
Deletion,10,68,out,yes," 37,762 ",PFPSQVQESK,
Deletion,10,70,out,yes," 39,581 ",PFPSQSRYSD,
Deletion,10,71,out,yes," 38,053 ",PFPSQACLVP,
Deletion,10,72,out,yes," 38,504 ",PFPSQASRNG,
Deletion,10,73,out,yes," 37,163 ",PFPSQR,
Deletion,10,74,out,yes," 37,650 ",PFPSQESASR,
Deletion,10,76,out,yes," 38,689 ",PFPSQVRKIF,
Deletion,10,77,out,yes," 37,932 ",PFPSQEEIPL,
Deletion,10,18,in,no," 375,607 ",PFPSQAIERE,
Deletion,10,20,in,no," 362,837 ",PFPSQDEVNR,
Deletion,10,22,in,no," 350,121 ",PFPSQALQSS,
Deletion,10,23,in,no," 341,745 ",PFPSQNHIQT,
Deletion,10,24,in,no," 337,209 ",PFPSQLLVSD,
Deletion,10,25,in,no," 331,285 ",PFPSQVYARK,
Deletion,10,26,in,no," 324,494 ",PFPSQRAKEE,
Deletion,10,27,in,no," 317,640 ",PFPSQEVWAC,
Deletion,10,28,in,no," 312,395 ",PFPSQSLENL,
Deletion,10,29,in,no," 306,488 ",PFPSQAVRRQ,
Deletion,10,30,in,no," 300,394 ",PFPSQKIQSD,
Deletion,10,31,in,no," 296,221 ",PFPSQKKLQD,
Deletion,10,32,in,no," 289,383 ",PFPSQNLYKS,
Deletion,10,33,in,no," 283,386 ",PFPSQVTERK,
Deletion,10,34,in,no," 276,808 ",PFPSQATQKE,
Deletion,10,35,in,no," 270,038 ",PFPSQEYQKH,
Deletion,10,36,in,no," 264,827 ",PFPSQRLKAE,
Deletion,10,37,in,no," 258,325 ",PFPSQASIPL,
Deletion,10,38,in,no," 253,597 ",PFPSQNEDNE,
Deletion,10,39,in,no," 248,115 ",PFPSQDLRSQ,
Deletion,10,40,in,no," 241,879 ",PFPSQEIDRE,
Deletion,10,41,in,no," 234,709 ",PFPSQHTVRE,
Deletion,10,42,in,no," 227,195 ",PFPSQNIKDS,
Deletion,10,44,in,no," 214,113 ",PFPSQELQDG,
Deletion,10,46,in,no," 201,612 ",PFPSQLLVEE,
Deletion,10,47,in,no," 195,980 ",PFPSQVSRAL,
Deletion,10,48,in,no," 188,761 ",PFPSQETEIA,
Deletion,10,49,in,no," 184,945 ",PFPSQRKLED,
Deletion,10,51,in,no," 172,177 ",PFPSQATMQD,
Deletion,10,53,in,no," 159,193 ",PFPSQQLAKD,
Deletion,10,55,in,no," 145,667 ",PFPSQDLQGE,
Deletion,10,57,in,no," 132,815 ",PFPSQAFKRE,
Deletion,10,59,in,no," 117,436 ",PFPSQALRGE,
Deletion,10,60,in,no," 111,909 ",PFPSQVAVED,
Deletion,10,67,in,no," 84,285 ",PFPSQANNKP,
Deletion,10,69,in,no," 73,486 ",PFPSQTTSGE,
Deletion,10,75,in,no," 46,215 ",PFPSQPQAEA,
Deletion,10,78,in,no," 37,354 ",PFPSQDTM,
Deletion,11,12,in,no," 413,817 ",FHTHEVLQED,
Deletion,11,13,in,no," 409,387 ",FHTHEVLGDR,
Deletion,11,14,in,no," 405,121 ",FHTHECLFSA,
Deletion,11,15,in,no," 401,055 ",FHTHEVLKAD,
Deletion,11,16,in,no," 394,131 ",FHTHEISQAV,
Deletion,11,18,in,no," 382,736 ",FHTHEAIERE,
Deletion,11,11,out,yes," 44,384 ",FHTHEFT,
Deletion,11,17,out,yes," 44,395 ",FHTHEVGC,
Deletion,11,19,out,yes," 45,730 ",FHTHERVLMQ,
Deletion,11,21,out,yes," 45,675 ",FHTHEFLTLC,
Deletion,11,43,out,yes," 44,320 ",FHTHEAI,
Deletion,11,45,out,yes," 46,169 ",FHTHEARRTK,
Deletion,11,50,out,yes," 45,157 ",FHTHELLLRL,
Deletion,11,52,out,yes," 46,552 ",FHTHELKEFR,
Deletion,11,54,out,yes," 44,321 ",FHTHEGE,
Deletion,11,56,out,yes," 44,898 ",FHTHEVPFGS,
Deletion,11,58,out,yes," 47,443 ",FHTHESCLLR,
Deletion,11,61,out,yes," 47,795 ",FHTHERLSRV,
Deletion,11,62,out,yes," 46,415 ",FHTHEPRDSN,
Deletion,11,63,out,yes," 44,350 ",FHTHELT,
Deletion,11,64,out,yes," 44,522 ",FHTHEWIS,
Deletion,11,65,out,yes," 45,351 ",FHTHEGTNRE,
Deletion,11,66,out,yes," 51,263 ",FHTHETFSSK,
Deletion,11,68,out,yes," 44,891 ",FHTHEVQESK,
Deletion,11,70,out,yes," 46,709 ",FHTHESRYSD,
Deletion,11,71,out,yes," 45,182 ",FHTHEACLVP,
Deletion,11,72,out,yes," 45,633 ",FHTHEASRNG,
Deletion,11,73,out,yes," 44,291 ",FHTHER,
Deletion,11,74,out,yes," 44,779 ",FHTHEESASR,
Deletion,11,76,out,yes," 45,817 ",FHTHEVRKIF,
Deletion,11,77,out,yes," 45,061 ",FHTHEEEIPL,
Deletion,11,20,in,no," 369,966 ",FHTHEDEVNR,
Deletion,11,22,in,no," 357,250 ",FHTHEALQSS,
Deletion,11,23,in,no," 348,874 ",FHTHENHIQT,
Deletion,11,24,in,no," 344,338 ",FHTHELLVSD,
Deletion,11,25,in,no," 338,414 ",FHTHEVYARK,
Deletion,11,26,in,no," 331,622 ",FHTHERAKEE,
Deletion,11,27,in,no," 324,768 ",FHTHEEVWAC,
Deletion,11,28,in,no," 319,524 ",FHTHESLENL,
Deletion,11,29,in,no," 313,617 ",FHTHEAVRRQ,
Deletion,11,30,in,no," 307,523 ",FHTHEKIQSD,
Deletion,11,31,in,no," 303,350 ",FHTHEKKLQD,
Deletion,11,32,in,no," 296,511 ",FHTHENLYKS,
Deletion,11,33,in,no," 290,515 ",FHTHEVTERK,
Deletion,11,34,in,no," 283,937 ",FHTHEATQKE,
Deletion,11,35,in,no," 277,167 ",FHTHEEYQKH,
Deletion,11,36,in,no," 271,956 ",FHTHERLKAE,
Deletion,11,37,in,no," 265,453 ",FHTHEASIPL,
Deletion,11,38,in,no," 260,726 ",FHTHENEDNE,
Deletion,11,39,in,no," 255,243 ",FHTHEDLRSQ,
Deletion,11,40,in,no," 249,008 ",FHTHEEIDRE,
Deletion,11,41,in,no," 241,837 ",FHTHEHTVRE,
Deletion,11,42,in,no," 234,324 ",FHTHENIKDS,
Deletion,11,44,in,no," 221,242 ",FHTHEELQDG,
Deletion,11,46,in,no," 208,741 ",FHTHELLVEE,
Deletion,11,47,in,no," 203,109 ",FHTHEVSRAL,
Deletion,11,48,in,no," 195,889 ",FHTHEETEIA,
Deletion,11,49,in,no," 192,074 ",FHTHERKLED,
Deletion,11,51,in,no," 179,305 ",FHTHEATMQD,
Deletion,11,53,in,no," 166,321 ",FHTHEQLAKD,
Deletion,11,55,in,no," 152,796 ",FHTHEDLQGE,
Deletion,11,57,in,no," 139,944 ",FHTHEAFKRE,
Deletion,11,59,in,no," 124,564 ",FHTHEALRGE,
Deletion,11,60,in,no," 119,038 ",FHTHEVAVED,
Deletion,11,67,in,no," 91,414 ",FHTHEANNKP,
Deletion,11,69,in,no," 80,615 ",FHTHETTSGE,
Deletion,11,75,in,no," 53,344 ",FHTHEPQAEA,
Deletion,11,78,in,no," 44,483 ",FHTHEDTM,
Deletion,12,17,in,no," 394,347 ",MEKQSKLDVD,
Deletion,12,12,out,yes," 51,620 ",MEKQSKCFKK,
Deletion,12,13,out,yes," 56,330 ",MEKQSKYWEI,
Deletion,12,14,out,yes," 52,530 ",MEKQSNAFLV,
Deletion,12,15,out,yes," 51,148 ",MEKQSKF,
Deletion,12,16,out,yes," 52,310 ",MEKQSKFHRL,
Deletion,12,18,out,yes," 51,098 ",MEKQSKP,
Deletion,12,19,out,yes," 51,161 ",MEKQSKGC,
Deletion,12,20,out,yes," 52,755 ",MEKQSKMKST,
Deletion,12,21,out,yes," 51,134 ",MEKQSNF,
Deletion,12,22,out,yes," 53,094 ",MEKQSKLYKV,
Deletion,12,23,out,yes," 51,603 ",MEKQSKITYK,
Deletion,12,24,out,yes," 51,134 ",MEKQSNF,
Deletion,12,25,out,yes," 51,854 ",MEKQSKSMPE,
Deletion,12,26,out,yes," 52,535 ",MEKQSKELKK,
Deletion,12,27,out,yes," 53,193 ",MEKQSKKFGH,
Deletion,12,28,out,yes," 51,478 ",MEKQSNHLKI,
Deletion,12,29,out,yes," 51,114 ",MEKQSKL,
Deletion,12,30,out,yes," 51,556 ",MEKQSKKSNL,
Deletion,12,31,out,yes," 51,849 ",MEKQSKKNYK,
Deletion,12,32,out,yes," 51,545 ",MEKQSKTCIK,
Deletion,12,33,out,yes," 51,000 ",MEKQSK,
Deletion,12,34,out,yes," 52,539 ",MEKQSKLLKK,
Deletion,12,35,out,yes," 56,340 ",MEKQSKNTRN,
Deletion,12,36,out,yes," 51,085 ",MEKQSNV,
Deletion,12,37,out,yes," 51,455 ",MEKQSKPPFL,
Deletion,12,38,out,yes," 51,861 ",MEKQSKMKTM,
Deletion,12,39,out,yes," 51,114 ",MEKQSKI,
Deletion,12,40,out,yes," 52,469 ",MEKQSKKLIG,
Deletion,12,41,out,yes," 51,799 ",MEKQSNTLSV,
Deletion,12,42,out,yes," 51,114 ",MEKQSKI,
Deletion,12,44,out,yes," 52,582 ",MEKQSKNSRM,
Deletion,12,46,out,yes," 52,859 ",MEKQSNYWWK,
Deletion,12,47,out,yes," 52,902 ",MEKQSKFPEL,
Deletion,12,48,out,yes," 51,370 ",MEKQSKKLK,
Deletion,12,49,out,yes," 51,145 ",MEKQSKGS,
Deletion,12,50,out,yes," 52,490 ",MEKQSNSYSD,
Deletion,12,51,out,yes," 53,604 ",MEKQSKQQCR,
Deletion,12,52,out,yes," 50,986 ",MEKQSN,
Deletion,12,53,out,yes," 52,304 ",MEKQSNSWPK,
Deletion,12,55,out,yes," 53,683 ",MEKQSKTSKV,
Deletion,12,57,out,yes," 51,512 ",MEKQSKPSRG,
Deletion,12,58,out,yes," 51,230 ",MEKQSKAAS,
Deletion,12,59,out,yes," 52,054 ",MEKQSKHFEE,
Deletion,12,60,out,yes," 57,537 ",MEKQSKWPSR,
Deletion,12,61,out,yes," 55,349 ",MEKQSNVCPG,
Deletion,12,63,out,yes," 50,986 ",MEKQSN,
Deletion,12,64,out,yes," 51,890 ",MEKQSNGSLE,
Deletion,12,66,out,yes," 52,360 ",MEKQSKPFQA,
Deletion,12,67,out,yes," 52,354 ",MEKQSKLIIS,
Deletion,12,69,out,yes," 52,674 ",MEKQSKLHQE,
Deletion,12,75,out,yes," 51,749 ",MEKQSNPRQR,
Deletion,12,76,out,yes," 51,000 ",MEKQSK,
Deletion,12,77,out,no," 52,709 ",MEKQSKKKYP,
Deletion,12,78,out,no," 51,333 ",MEKQSKTQC,
Deletion,12,43,in,no," 234,549 ",MEKQSKRFDR,
Deletion,12,45,in,no," 221,399 ",MEKQSKLEEQ,
Deletion,12,54,in,no," 167,055 ",MEKQSKVSER,
Deletion,12,56,in,no," 152,825 ",MEKQSKSHLE,
Deletion,12,62,in,no," 120,503 ",MEKQSNHETQ,
Deletion,12,65,in,no," 107,367 ",MEKQSKGRTG,
Deletion,12,68,in,no," 91,907 ",MEKQSKYRSL,
Deletion,12,70,in,no," 82,108 ",MEKQSNPVTL,
Deletion,12,71,in,no," 80,681 ",MEKQSKPASS,
Deletion,12,72,in,no," 78,207 ",MEKQSKLAEM,
Deletion,12,73,in,no," 75,841 ",MEKQSKDDEH,
Deletion,12,74,in,no," 69,700 ",MEKQSKNLQA,
Deletion,13,13,in,no," 422,359 ",VQQHKVLGDR,
Deletion,13,14,in,no," 418,093 ",VQQHKCLFSA,
Deletion,13,15,in,no," 414,027 ",VQQHKVLKAD,
Deletion,13,16,in,no," 407,103 ",VQQHKISQAV,
Deletion,13,18,in,no," 395,708 ",VQQHKAIERE,
Deletion,13,20,in,no," 382,938 ",VQQHKDEVNR,
Deletion,13,22,in,no," 370,222 ",VQQHKALQSS,
Deletion,13,17,out,yes," 57,367 ",VQQHKVGC,
Deletion,13,19,out,yes," 58,702 ",VQQHKRVLMQ,
Deletion,13,21,out,yes," 58,648 ",VQQHKFLTLC,
Deletion,13,43,out,yes," 57,292 ",VQQHKAI,
Deletion,13,45,out,yes," 59,141 ",VQQHKARRTK,
Deletion,13,50,out,yes," 58,129 ",VQQHKLLLRL,
Deletion,13,52,out,yes," 59,524 ",VQQHKLKEFR,
Deletion,13,54,out,yes," 57,294 ",VQQHKGE,
Deletion,13,56,out,yes," 57,870 ",VQQHKVPFGS,
Deletion,13,58,out,yes," 60,416 ",VQQHKSCLLR,
Deletion,13,61,out,yes," 60,767 ",VQQHKRLSRV,
Deletion,13,62,out,yes," 59,387 ",VQQHKPRDSN,
Deletion,13,63,out,yes," 57,322 ",VQQHKLT,
Deletion,13,64,out,yes," 57,494 ",VQQHKWIS,
Deletion,13,65,out,yes," 58,324 ",VQQHKGTNRE,
Deletion,13,66,out,yes," 64,235 ",VQQHKTFSSK,
Deletion,13,68,out,yes," 57,863 ",VQQHKVQESK,
Deletion,13,70,out,yes," 59,682 ",VQQHKSRYSD,
Deletion,13,71,out,yes," 58,154 ",VQQHKACLVP,
Deletion,13,72,out,yes," 58,605 ",VQQHKASRNG,
Deletion,13,73,out,yes," 57,264 ",VQQHKR,
Deletion,13,74,out,yes," 57,751 ",VQQHKESASR,
Deletion,13,76,out,yes," 58,790 ",VQQHKVRKIF,
Deletion,13,77,out,yes," 58,033 ",VQQHKEEIPL,
Deletion,13,23,in,no," 361,846 ",VQQHKNHIQT,
Deletion,13,24,in,no," 357,310 ",VQQHKLLVSD,
Deletion,13,25,in,no," 351,386 ",VQQHKVYARK,
Deletion,13,26,in,no," 344,594 ",VQQHKRAKEE,
Deletion,13,27,in,no," 337,740 ",VQQHKEVWAC,
Deletion,13,28,in,no," 332,496 ",VQQHKSLENL,
Deletion,13,29,in,no," 326,589 ",VQQHKAVRRQ,
Deletion,13,30,in,no," 320,495 ",VQQHKKIQSD,
Deletion,13,31,in,no," 316,322 ",VQQHKKKLQD,
Deletion,13,32,in,no," 309,484 ",VQQHKNLYKS,
Deletion,13,33,in,no," 303,487 ",VQQHKVTERK,
Deletion,13,34,in,no," 296,909 ",VQQHKATQKE,
Deletion,13,35,in,no," 290,139 ",VQQHKEYQKH,
Deletion,13,36,in,no," 284,928 ",VQQHKRLKAE,
Deletion,13,37,in,no," 278,426 ",VQQHKASIPL,
Deletion,13,38,in,no," 273,698 ",VQQHKNEDNE,
Deletion,13,39,in,no," 268,216 ",VQQHKDLRSQ,
Deletion,13,40,in,no," 261,980 ",VQQHKEIDRE,
Deletion,13,41,in,no," 254,810 ",VQQHKHTVRE,
Deletion,13,42,in,no," 247,296 ",VQQHKNIKDS,
Deletion,13,44,in,no," 234,214 ",VQQHKELQDG,
Deletion,13,46,in,no," 221,713 ",VQQHKLLVEE,
Deletion,13,47,in,no," 216,081 ",VQQHKVSRAL,
Deletion,13,48,in,no," 208,862 ",VQQHKETEIA,
Deletion,13,49,in,no," 205,046 ",VQQHKRKLED,
Deletion,13,51,in,no," 192,278 ",VQQHKATMQD,
Deletion,13,53,in,no," 179,294 ",VQQHKQLAKD,
Deletion,13,55,in,no," 165,768 ",VQQHKDLQGE,
Deletion,13,57,in,no," 152,916 ",VQQHKAFKRE,
Deletion,13,59,in,no," 137,536 ",VQQHKALRGE,
Deletion,13,60,in,no," 132,010 ",VQQHKVAVED,
Deletion,13,67,in,no," 104,386 ",VQQHKANNKP,
Deletion,13,69,in,no," 93,587 ",VQQHKTTSGE,
Deletion,13,75,in,no," 66,316 ",VQQHKPQAEA,
Deletion,13,78,in,no," 57,455 ",VQQHKDTM,
Deletion,14,14,in,no," 422,523 ",EEQLKCLFSA,
Deletion,14,15,in,no," 418,457 ",EEQLKVLKAD,
Deletion,14,16,in,no," 411,533 ",EEQLKISQAV,
Deletion,14,18,in,no," 400,138 ",EEQLKAIERE,
Deletion,14,20,in,no," 387,368 ",EEQLKDEVNR,
Deletion,14,22,in,no," 374,652 ",EEQLKALQSS,
Deletion,14,23,in,no," 366,276 ",EEQLKNHIQT,
Deletion,14,17,out,yes," 61,797 ",EEQLKVGC,
Deletion,14,19,out,yes," 63,132 ",EEQLKRVLMQ,
Deletion,14,24,in,no," 361,740 ",EEQLKLLVSD,
Deletion,14,21,out,yes," 63,077 ",EEQLKFLTLC,
Deletion,14,43,out,yes," 61,722 ",EEQLKAI,
Deletion,14,45,out,yes," 63,571 ",EEQLKARRTK,
Deletion,14,50,out,yes," 62,559 ",EEQLKLLLRL,
Deletion,14,52,out,yes," 63,954 ",EEQLKLKEFR,
Deletion,14,54,out,yes," 61,723 ",EEQLKGE,
Deletion,14,56,out,yes," 62,300 ",EEQLKVPFGS,
Deletion,14,58,out,yes," 64,845 ",EEQLKSCLLR,
Deletion,14,61,out,yes," 65,197 ",EEQLKRLSRV,
Deletion,14,62,out,yes," 63,817 ",EEQLKPRDSN,
Deletion,14,63,out,yes," 61,752 ",EEQLKLT,
Deletion,14,64,out,yes," 61,924 ",EEQLKWIS,
Deletion,14,65,out,yes," 62,753 ",EEQLKGTNRE,
Deletion,14,66,out,yes," 68,665 ",EEQLKTFSSK,
Deletion,14,68,out,yes," 62,293 ",EEQLKVQESK,
Deletion,14,70,out,yes," 64,111 ",EEQLKSRYSD,
Deletion,14,71,out,yes," 62,583 ",EEQLKACLVP,
Deletion,14,72,out,yes," 63,035 ",EEQLKASRNG,
Deletion,14,73,out,yes," 61,693 ",EEQLKR,
Deletion,14,74,out,yes," 62,181 ",EEQLKESASR,
Deletion,14,76,out,yes," 63,219 ",EEQLKVRKIF,
Deletion,14,77,out,yes," 62,463 ",EEQLKEEIPL,
Deletion,14,25,in,no," 355,816 ",EEQLKVYARK,
Deletion,14,26,in,no," 349,024 ",EEQLKRAKEE,
Deletion,14,27,in,no," 342,170 ",EEQLKEVWAC,
Deletion,14,28,in,no," 336,926 ",EEQLKSLENL,
Deletion,14,29,in,no," 331,019 ",EEQLKAVRRQ,
Deletion,14,30,in,no," 324,925 ",EEQLKKIQSD,
Deletion,14,31,in,no," 320,752 ",EEQLKKKLQD,
Deletion,14,32,in,no," 313,913 ",EEQLKNLYKS,
Deletion,14,33,in,no," 307,917 ",EEQLKVTERK,
Deletion,14,34,in,no," 301,339 ",EEQLKATQKE,
Deletion,14,35,in,no," 294,569 ",EEQLKEYQKH,
Deletion,14,36,in,no," 289,358 ",EEQLKRLKAE,
Deletion,14,37,in,no," 282,855 ",EEQLKASIPL,
Deletion,14,38,in,no," 278,128 ",EEQLKNEDNE,
Deletion,14,39,in,no," 272,645 ",EEQLKDLRSQ,
Deletion,14,40,in,no," 266,410 ",EEQLKEIDRE,
Deletion,14,41,in,no," 259,239 ",EEQLKHTVRE,
Deletion,14,42,in,no," 251,726 ",EEQLKNIKDS,
Deletion,14,44,in,no," 238,643 ",EEQLKELQDG,
Deletion,14,46,in,no," 226,143 ",EEQLKLLVEE,
Deletion,14,47,in,no," 220,511 ",EEQLKVSRAL,
Deletion,14,48,in,no," 213,291 ",EEQLKETEIA,
Deletion,14,49,in,no," 209,476 ",EEQLKRKLED,
Deletion,14,51,in,no," 196,707 ",EEQLKATMQD,
Deletion,14,53,in,no," 183,723 ",EEQLKQLAKD,
Deletion,14,55,in,no," 170,198 ",EEQLKDLQGE,
Deletion,14,57,in,no," 157,346 ",EEQLKAFKRE,
Deletion,14,59,in,no," 141,966 ",EEQLKALRGE,
Deletion,14,60,in,no," 136,440 ",EEQLKVAVED,
Deletion,14,67,in,no," 108,816 ",EEQLKANNKP,
Deletion,14,69,in,no," 98,017 ",EEQLKTTSGE,
Deletion,14,75,in,no," 70,746 ",EEQLKPQAEA,
Deletion,14,78,in,no," 61,885 ",EEQLKDTM,
Deletion,15,15,in,no," 422,723 ",LTEEQVLKAD,
Deletion,15,16,in,no," 415,799 ",LTEEQISQAV,
Deletion,15,18,in,no," 404,404 ",LTEEQAIERE,
Deletion,15,20,in,no," 391,634 ",LTEEQDEVNR,
Deletion,15,22,in,no," 378,918 ",LTEEQALQSS,
Deletion,15,23,in,no," 370,542 ",LTEEQNHIQT,
Deletion,15,24,in,no," 366,006 ",LTEEQLLVSD,
Deletion,15,25,in,no," 360,082 ",LTEEQVYARK,
Deletion,15,17,out,yes," 66,063 ",LTEEQVGC,
Deletion,15,19,out,yes," 67,398 ",LTEEQRVLMQ,
Deletion,15,21,out,yes," 67,343 ",LTEEQFLTLC,
Deletion,15,26,in,no," 353,290 ",LTEEQRAKEE,
Deletion,15,43,out,yes," 65,987 ",LTEEQAI,
Deletion,15,45,out,yes," 67,837 ",LTEEQARRTK,
Deletion,15,50,out,yes," 66,825 ",LTEEQLLLRL,
Deletion,15,52,out,yes," 68,220 ",LTEEQLKEFR,
Deletion,15,54,out,yes," 65,989 ",LTEEQGE,
Deletion,15,56,out,yes," 66,566 ",LTEEQVPFGS,
Deletion,15,58,out,yes," 69,111 ",LTEEQSCLLR,
Deletion,15,61,out,yes," 69,463 ",LTEEQRLSRV,
Deletion,15,62,out,yes," 68,083 ",LTEEQPRDSN,
Deletion,15,63,out,yes," 66,017 ",LTEEQLT,
Deletion,15,64,out,yes," 66,190 ",LTEEQWIS,
Deletion,15,65,out,yes," 67,019 ",LTEEQGTNRE,
Deletion,15,66,out,yes," 72,931 ",LTEEQTFSSK,
Deletion,15,68,out,yes," 66,559 ",LTEEQVQESK,
Deletion,15,70,out,yes," 68,377 ",LTEEQSRYSD,
Deletion,15,71,out,yes," 66,849 ",LTEEQACLVP,
Deletion,15,72,out,yes," 67,301 ",LTEEQASRNG,
Deletion,15,73,out,yes," 65,959 ",LTEEQR,
Deletion,15,74,out,yes," 66,447 ",LTEEQESASR,
Deletion,15,76,out,yes," 67,485 ",LTEEQVRKIF,
Deletion,15,77,out,yes," 66,729 ",LTEEQEEIPL,
Deletion,15,27,in,no," 346,436 ",LTEEQEVWAC,
Deletion,15,28,in,no," 341,192 ",LTEEQSLENL,
Deletion,15,29,in,no," 335,285 ",LTEEQAVRRQ,
Deletion,15,30,in,no," 329,191 ",LTEEQKIQSD,
Deletion,15,31,in,no," 325,018 ",LTEEQKKLQD,
Deletion,15,32,in,no," 318,179 ",LTEEQNLYKS,
Deletion,15,33,in,no," 312,182 ",LTEEQVTERK,
Deletion,15,34,in,no," 305,605 ",LTEEQATQKE,
Deletion,15,35,in,no," 298,835 ",LTEEQEYQKH,
Deletion,15,36,in,no," 293,624 ",LTEEQRLKAE,
Deletion,15,37,in,no," 287,121 ",LTEEQASIPL,
Deletion,15,38,in,no," 282,394 ",LTEEQNEDNE,
Deletion,15,39,in,no," 276,911 ",LTEEQDLRSQ,
Deletion,15,40,in,no," 270,676 ",LTEEQEIDRE,
Deletion,15,41,in,no," 263,505 ",LTEEQHTVRE,
Deletion,15,42,in,no," 255,992 ",LTEEQNIKDS,
Deletion,15,44,in,no," 242,909 ",LTEEQELQDG,
Deletion,15,46,in,no," 230,409 ",LTEEQLLVEE,
Deletion,15,47,in,no," 224,777 ",LTEEQVSRAL,
Deletion,15,48,in,no," 217,557 ",LTEEQETEIA,
Deletion,15,49,in,no," 213,742 ",LTEEQRKLED,
Deletion,15,51,in,no," 200,973 ",LTEEQATMQD,
Deletion,15,53,in,no," 187,989 ",LTEEQQLAKD,
Deletion,15,55,in,no," 174,464 ",LTEEQDLQGE,
Deletion,15,57,in,no," 161,612 ",LTEEQAFKRE,
Deletion,15,59,in,no," 146,232 ",LTEEQALRGE,
Deletion,15,60,in,no," 140,706 ",LTEEQVAVED,
Deletion,15,67,in,no," 113,082 ",LTEEQANNKP,
Deletion,15,69,in,no," 102,282 ",LTEEQTTSGE,
Deletion,15,75,in,no," 75,012 ",LTEEQPQAEA,
Deletion,15,78,in,no," 66,151 ",LTEEQDTM,
Deletion,16,16,in,no," 419,865 ",LQKLAISQAV,
Deletion,16,18,in,no," 408,470 ",LQKLAAIERE,
Deletion,16,20,in,no," 395,700 ",LQKLADEVNR,
Deletion,16,22,in,no," 382,984 ",LQKLAALQSS,
Deletion,16,23,in,no," 374,608 ",LQKLANHIQT,
Deletion,16,24,in,no," 370,071 ",LQKLALLVSD,
Deletion,16,25,in,no," 364,148 ",LQKLAVYARK,
Deletion,16,26,in,no," 357,356 ",LQKLARAKEE,
Deletion,16,27,in,no," 350,502 ",LQKLAEVWAC,
Deletion,16,17,out,yes," 70,128 ",LQKLAVGC,
Deletion,16,19,out,yes," 71,464 ",LQKLARVLMQ,
Deletion,16,21,out,yes," 71,409 ",LQKLAFLTLC,
Deletion,16,43,out,yes," 70,053 ",LQKLAAI,
Deletion,16,45,out,yes," 71,903 ",LQKLAARRTK,
Deletion,16,28,in,no," 345,257 ",LQKLASLENL,
Deletion,16,50,out,yes," 70,891 ",LQKLALLLRL,
Deletion,16,52,out,yes," 72,286 ",LQKLALKEFR,
Deletion,16,54,out,yes," 70,055 ",LQKLAGE,
Deletion,16,56,out,yes," 70,632 ",LQKLAVPFGS,
Deletion,16,58,out,yes," 73,177 ",LQKLASCLLR,
Deletion,16,61,out,yes," 73,528 ",LQKLARLSRV,
Deletion,16,62,out,yes," 72,149 ",LQKLAPRDSN,
Deletion,16,63,out,yes," 70,083 ",LQKLALT,
Deletion,16,64,out,yes," 70,256 ",LQKLAWIS,
Deletion,16,65,out,yes," 71,085 ",LQKLAGTNRE,
Deletion,16,66,out,yes," 76,997 ",LQKLATFSSK,
Deletion,16,68,out,yes," 70,625 ",LQKLAVQESK,
Deletion,16,70,out,yes," 72,443 ",LQKLASRYSD,
Deletion,16,71,out,yes," 70,915 ",LQKLAACLVP,
Deletion,16,72,out,yes," 71,367 ",LQKLAASRNG,
Deletion,16,73,out,yes," 70,025 ",LQKLAR,
Deletion,16,74,out,yes," 70,513 ",LQKLAESASR,
Deletion,16,76,out,yes," 71,551 ",LQKLAVRKIF,
Deletion,16,77,out,yes," 70,795 ",LQKLAEEIPL,
Deletion,16,29,in,no," 339,351 ",LQKLAAVRRQ,
Deletion,16,30,in,no," 333,256 ",LQKLAKIQSD,
Deletion,16,31,in,no," 329,083 ",LQKLAKKLQD,
Deletion,16,32,in,no," 322,245 ",LQKLANLYKS,
Deletion,16,33,in,no," 316,248 ",LQKLAVTERK,
Deletion,16,34,in,no," 309,671 ",LQKLAATQKE,
Deletion,16,35,in,no," 302,901 ",LQKLAEYQKH,
Deletion,16,36,in,no," 297,690 ",LQKLARLKAE,
Deletion,16,37,in,no," 291,187 ",LQKLAASIPL,
Deletion,16,38,in,no," 286,460 ",LQKLANEDNE,
Deletion,16,39,in,no," 280,977 ",LQKLADLRSQ,
Deletion,16,40,in,no," 274,742 ",LQKLAEIDRE,
Deletion,16,41,in,no," 267,571 ",LQKLAHTVRE,
Deletion,16,42,in,no," 260,058 ",LQKLANIKDS,
Deletion,16,44,in,no," 246,975 ",LQKLAELQDG,
Deletion,16,46,in,no," 234,475 ",LQKLALLVEE,
Deletion,16,47,in,no," 228,843 ",LQKLAVSRAL,
Deletion,16,48,in,no," 221,623 ",LQKLAETEIA,
Deletion,16,49,in,no," 217,808 ",LQKLARKLED,
Deletion,16,51,in,no," 205,039 ",LQKLAATMQD,
Deletion,16,53,in,no," 192,055 ",LQKLAQLAKD,
Deletion,16,55,in,no," 178,530 ",LQKLADLQGE,
Deletion,16,57,in,no," 165,678 ",LQKLAAFKRE,
Deletion,16,59,in,no," 150,298 ",LQKLAALRGE,
Deletion,16,60,in,no," 144,772 ",LQKLAVAVED,
Deletion,16,67,in,no," 117,147 ",LQKLAANNKP,
Deletion,16,69,in,no," 106,348 ",LQKLATTSGE,
Deletion,16,75,in,no," 79,078 ",LQKLAPQAEA,
Deletion,16,78,in,no," 70,216 ",LQKLADTM,
Deletion,17,18,in,no," 415,394 ",KSTAQAIERE,
Deletion,17,20,in,no," 402,624 ",KSTAQDEVNR,
Deletion,17,22,in,no," 389,908 ",KSTAQALQSS,
Deletion,17,23,in,no," 381,532 ",KSTAQNHIQT,
Deletion,17,24,in,no," 376,996 ",KSTAQLLVSD,
Deletion,17,25,in,no," 371,072 ",KSTAQVYARK,
Deletion,17,26,in,no," 364,280 ",KSTAQRAKEE,
Deletion,17,27,in,no," 357,426 ",KSTAQEVWAC,
Deletion,17,28,in,no," 352,182 ",KSTAQSLENL,
Deletion,17,29,in,no," 346,275 ",KSTAQAVRRQ,
Deletion,17,17,out,yes," 77,053 ",KSTAQVGC,
Deletion,17,19,out,yes," 78,388 ",KSTAQRVLMQ,
Deletion,17,21,out,yes," 78,334 ",KSTAQFLTLC,
Deletion,17,30,in,no," 340,181 ",KSTAQKIQSD,
Deletion,17,43,out,yes," 76,978 ",KSTAQAI,
Deletion,17,45,out,yes," 78,827 ",KSTAQARRTK,
Deletion,17,50,out,yes," 77,815 ",KSTAQLLLRL,
Deletion,17,52,out,yes," 79,210 ",KSTAQLKEFR,
Deletion,17,54,out,yes," 76,980 ",KSTAQGE,
Deletion,17,56,out,yes," 77,556 ",KSTAQVPFGS,
Deletion,17,58,out,yes," 80,102 ",KSTAQSCLLR,
Deletion,17,61,out,yes," 80,453 ",KSTAQRLSRV,
Deletion,17,62,out,yes," 79,073 ",KSTAQPRDSN,
Deletion,17,63,out,yes," 77,008 ",KSTAQLT,
Deletion,17,64,out,yes," 77,180 ",KSTAQWIS,
Deletion,17,65,out,yes," 78,010 ",KSTAQGTNRE,
Deletion,17,66,out,yes," 83,921 ",KSTAQTFSSK,
Deletion,17,68,out,yes," 77,549 ",KSTAQVQESK,
Deletion,17,70,out,yes," 79,368 ",KSTAQSRYSD,
Deletion,17,71,out,yes," 77,840 ",KSTAQACLVP,
Deletion,17,72,out,yes," 78,291 ",KSTAQASRNG,
Deletion,17,73,out,yes," 76,950 ",KSTAQR,
Deletion,17,74,out,yes," 77,437 ",KSTAQESASR,
Deletion,17,76,out,yes," 78,476 ",KSTAQVRKIF,
Deletion,17,77,out,yes," 77,719 ",KSTAQEEIPL,
Deletion,17,31,in,no," 336,008 ",KSTAQKKLQD,
Deletion,17,32,in,no," 329,170 ",KSTAQNLYKS,
Deletion,17,33,in,no," 323,173 ",KSTAQVTERK,
Deletion,17,34,in,no," 316,595 ",KSTAQATQKE,
Deletion,17,35,in,no," 309,825 ",KSTAQEYQKH,
Deletion,17,36,in,no," 304,614 ",KSTAQRLKAE,
Deletion,17,37,in,no," 298,112 ",KSTAQASIPL,
Deletion,17,38,in,no," 293,384 ",KSTAQNEDNE,
Deletion,17,39,in,no," 287,902 ",KSTAQDLRSQ,
Deletion,17,40,in,no," 281,666 ",KSTAQEIDRE,
Deletion,17,41,in,no," 274,496 ",KSTAQHTVRE,
Deletion,17,42,in,no," 266,982 ",KSTAQNIKDS,
Deletion,17,44,in,no," 253,900 ",KSTAQELQDG,
Deletion,17,46,in,no," 241,399 ",KSTAQLLVEE,
Deletion,17,47,in,no," 235,767 ",KSTAQVSRAL,
Deletion,17,48,in,no," 228,548 ",KSTAQETEIA,
Deletion,17,49,in,no," 224,732 ",KSTAQRKLED,
Deletion,17,51,in,no," 211,964 ",KSTAQATMQD,
Deletion,17,53,in,no," 198,980 ",KSTAQQLAKD,
Deletion,17,55,in,no," 185,454 ",KSTAQDLQGE,
Deletion,17,57,in,no," 172,602 ",KSTAQAFKRE,
Deletion,17,59,in,no," 157,222 ",KSTAQALRGE,
Deletion,17,60,in,no," 151,696 ",KSTAQVAVED,
Deletion,17,67,in,no," 124,072 ",KSTAQANNKP,
Deletion,17,69,in,no," 113,273 ",KSTAQTTSGE,
Deletion,17,75,in,no," 86,002 ",KSTAQPQAEA,
Deletion,17,78,in,no," 77,141 ",KSTAQDTM,
Deletion,18,18,out,yes," 83,540 ",SEIRKRP,
Deletion,18,19,out,yes," 83,603 ",SEIRKRGC,
Deletion,18,20,out,yes," 85,197 ",SEIRKRMKST,
Deletion,18,21,out,yes," 83,521 ",SEIRKSF,
Deletion,18,22,out,yes," 85,536 ",SEIRKRLYKV,
Deletion,18,23,out,yes," 84,046 ",SEIRKRITYK,
Deletion,18,24,out,yes," 83,521 ",SEIRKSF,
Deletion,18,25,out,yes," 84,297 ",SEIRKRSMPE,
Deletion,18,26,out,yes," 84,978 ",SEIRKRELKK,
Deletion,18,27,out,yes," 85,636 ",SEIRKRKFGH,
Deletion,18,28,out,yes," 83,865 ",SEIRKSHLKI,
Deletion,18,29,out,yes," 83,556 ",SEIRKRL,
Deletion,18,30,out,yes," 83,999 ",SEIRKRKSNL,
Deletion,18,31,out,yes," 84,292 ",SEIRKRKNYK,
Deletion,18,32,out,yes," 83,988 ",SEIRKRTCIK,
Deletion,18,33,out,yes," 83,443 ",SEIRKR,
Deletion,18,34,out,yes," 84,982 ",SEIRKRLLKK,
Deletion,18,35,out,yes," 88,782 ",SEIRKRNTRN,
Deletion,18,36,out,yes," 83,473 ",SEIRKSV,
Deletion,18,37,out,yes," 83,897 ",SEIRKRPPFL,
Deletion,18,38,out,yes," 84,303 ",SEIRKRMKTM,
Deletion,18,39,out,yes," 83,556 ",SEIRKRI,
Deletion,18,40,out,yes," 84,912 ",SEIRKRKLIG,
Deletion,18,41,out,yes," 84,187 ",SEIRKSTLSV,
Deletion,18,42,out,yes," 83,556 ",SEIRKRI,
Deletion,18,44,out,yes," 85,025 ",SEIRKRNSRM,
Deletion,18,46,out,yes," 85,247 ",SEIRKSYWWK,
Deletion,18,47,out,yes," 85,344 ",SEIRKRFPEL,
Deletion,18,48,out,yes," 83,812 ",SEIRKRKLK,
Deletion,18,49,out,yes," 83,587 ",SEIRKRGS,
Deletion,18,50,out,yes," 84,877 ",SEIRKSSYSD,
Deletion,18,51,out,yes," 86,046 ",SEIRKRQQCR,
Deletion,18,52,out,yes," 83,374 ",SEIRKS,
Deletion,18,53,out,yes," 84,691 ",SEIRKSSWPK,
Deletion,18,55,out,yes," 86,125 ",SEIRKRTSKV,
Deletion,18,57,out,yes," 83,954 ",SEIRKRPSRG,
Deletion,18,58,out,yes," 83,672 ",SEIRKRAAS,
Deletion,18,59,out,yes," 84,496 ",SEIRKRHFEE,
Deletion,18,60,out,yes," 89,980 ",SEIRKRWPSR,
Deletion,18,61,out,yes," 87,737 ",SEIRKSVCPG,
Deletion,18,63,out,yes," 83,374 ",SEIRKS,
Deletion,18,64,out,yes," 84,278 ",SEIRKSGSLE,
Deletion,18,66,out,yes," 84,803 ",SEIRKRPFQA,
Deletion,18,67,out,yes," 84,797 ",SEIRKRLIIS,
Deletion,18,69,out,yes," 85,117 ",SEIRKRLHQE,
Deletion,18,75,out,yes," 84,137 ",SEIRKSPRQR,
Deletion,18,76,out,yes," 83,443 ",SEIRKR,
Deletion,18,77,out,no," 85,152 ",SEIRKRKKYP,
Deletion,18,78,out,no," 83,775 ",SEIRKRTQC,
Deletion,18,43,in,no," 266,992 ",SEIRKRRFDR,
Deletion,18,45,in,no," 253,841 ",SEIRKRLEEQ,
Deletion,18,54,in,no," 199,498 ",SEIRKRVSER,
Deletion,18,56,in,no," 185,268 ",SEIRKRSHLE,
Deletion,18,62,in,no," 152,890 ",SEIRKSHETQ,
Deletion,18,65,in,no," 139,810 ",SEIRKRGRTG,
Deletion,18,68,in,no," 124,350 ",SEIRKRYRSL,
Deletion,18,70,in,no," 114,495 ",SEIRKSPVTL,
Deletion,18,71,in,no," 113,124 ",SEIRKRPASS,
Deletion,18,72,in,no," 110,650 ",SEIRKRLAEM,
Deletion,18,73,in,no," 108,283 ",SEIRKRDDEH,
Deletion,18,74,in,no," 102,142 ",SEIRKRNLQA,
Deletion,19,20,in,no," 414,019 ",KEKVNDEVNR,
Deletion,19,22,in,no," 401,303 ",KEKVNALQSS,
Deletion,19,23,in,no," 392,927 ",KEKVNNHIQT,
Deletion,19,24,in,no," 388,390 ",KEKVNLLVSD,
Deletion,19,25,in,no," 382,467 ",KEKVNVYARK,
Deletion,19,26,in,no," 375,675 ",KEKVNRAKEE,
Deletion,19,27,in,no," 368,821 ",KEKVNEVWAC,
Deletion,19,28,in,no," 363,576 ",KEKVNSLENL,
Deletion,19,29,in,no," 357,670 ",KEKVNAVRRQ,
Deletion,19,30,in,no," 351,576 ",KEKVNKIQSD,
Deletion,19,31,in,no," 347,403 ",KEKVNKKLQD,
Deletion,19,32,in,no," 340,564 ",KEKVNNLYKS,
Deletion,19,33,in,no," 334,567 ",KEKVNVTERK,
Deletion,19,19,out,yes," 89,783 ",KEKVNRVLMQ,
Deletion,19,21,out,yes," 89,728 ",KEKVNFLTLC,
Deletion,19,43,out,yes," 88,372 ",KEKVNAI,
Deletion,19,45,out,yes," 90,222 ",KEKVNARRTK,
Deletion,19,50,out,yes," 89,210 ",KEKVNLLLRL,
Deletion,19,52,out,yes," 90,605 ",KEKVNLKEFR,
Deletion,19,54,out,yes," 88,374 ",KEKVNGE,
Deletion,19,56,out,yes," 88,951 ",KEKVNVPFGS,
Deletion,19,58,out,yes," 91,496 ",KEKVNSCLLR,
Deletion,19,61,out,yes," 91,848 ",KEKVNRLSRV,
Deletion,19,62,out,yes," 90,468 ",KEKVNPRDSN,
Deletion,19,63,out,yes," 88,402 ",KEKVNLT,
Deletion,19,64,out,yes," 88,575 ",KEKVNWIS,
Deletion,19,65,out,yes," 89,404 ",KEKVNGTNRE,
Deletion,19,66,out,yes," 95,316 ",KEKVNTFSSK,
Deletion,19,34,in,no," 327,990 ",KEKVNATQKE,
Deletion,19,68,out,yes," 88,944 ",KEKVNVQESK,
Deletion,19,70,out,yes," 90,762 ",KEKVNSRYSD,
Deletion,19,71,out,yes," 89,234 ",KEKVNACLVP,
Deletion,19,72,out,yes," 89,686 ",KEKVNASRNG,
Deletion,19,73,out,yes," 88,344 ",KEKVNR,
Deletion,19,74,out,yes," 88,832 ",KEKVNESASR,
Deletion,19,76,out,yes," 89,870 ",KEKVNVRKIF,
Deletion,19,77,out,yes," 89,114 ",KEKVNEEIPL,
Deletion,19,35,in,no," 321,220 ",KEKVNEYQKH,
Deletion,19,36,in,no," 316,009 ",KEKVNRLKAE,
Deletion,19,37,in,no," 309,506 ",KEKVNASIPL,
Deletion,19,38,in,no," 304,779 ",KEKVNNEDNE,
Deletion,19,39,in,no," 299,296 ",KEKVNDLRSQ,
Deletion,19,40,in,no," 293,061 ",KEKVNEIDRE,
Deletion,19,41,in,no," 285,890 ",KEKVNHTVRE,
Deletion,19,42,in,no," 278,377 ",KEKVNNIKDS,
Deletion,19,44,in,no," 265,294 ",KEKVNELQDG,
Deletion,19,46,in,no," 252,794 ",KEKVNLLVEE,
Deletion,19,47,in,no," 247,162 ",KEKVNVSRAL,
Deletion,19,48,in,no," 239,942 ",KEKVNETEIA,
Deletion,19,49,in,no," 236,127 ",KEKVNRKLED,
Deletion,19,51,in,no," 223,358 ",KEKVNATMQD,
Deletion,19,53,in,no," 210,374 ",KEKVNQLAKD,
Deletion,19,55,in,no," 196,849 ",KEKVNDLQGE,
Deletion,19,57,in,no," 183,997 ",KEKVNAFKRE,
Deletion,19,59,in,no," 168,617 ",KEKVNALRGE,
Deletion,19,60,in,no," 163,091 ",KEKVNVAVED,
Deletion,19,67,in,no," 135,466 ",KEKVNANNKP,
Deletion,19,69,in,no," 124,667 ",KEKVNTTSGE,
Deletion,19,75,in,no," 97,397 ",KEKVNPQAEA,
Deletion,19,78,in,no," 88,535 ",KEKVNDTM,
Deletion,20,21,in,no," 410,403 ",EQMVNVFDTL,
Deletion,20,20,out,yes," 91,574 ",EQMVNG,
Deletion,20,22,out,yes," 94,844 ",EQMVNGFTKF,
Deletion,20,23,out,yes," 92,744 ",EQMVNESHTN,
Deletion,20,24,out,yes," 91,951 ",EQMVNAFSQ,
Deletion,20,25,out,yes," 95,023 ",EQMVNGLCQK,
Deletion,20,26,out,yes," 91,733 ",EQMVNES,
Deletion,20,27,out,yes," 92,147 ",EQMVNGSLGM,
Deletion,20,28,out,yes," 91,717 ",EQMVNVT,
Deletion,20,29,out,yes," 92,304 ",EQMVNGCKEA,
Deletion,20,30,out,yes," 91,970 ",EQMVNENPI,
Deletion,20,31,out,yes," 93,730 ",EQMVNEKITR,
Deletion,20,32,out,yes," 91,858 ",EQMVNELV,
Deletion,20,33,out,yes," 93,241 ",EQMVNGNRKK,
Deletion,20,34,out,yes," 92,224 ",EQMVNGYSKR,
Deletion,20,35,out,yes," 92,470 ",EQMVNGIPET,
Deletion,20,36,out,yes," 92,307 ",EQMVNAFKGR,
Deletion,20,37,out,yes," 92,585 ",EQMVNGLHSF,
Deletion,20,38,out,yes," 91,646 ",EQMVNE,
Deletion,20,39,out,yes," 94,055 ",EQMVNGFEVS,
Deletion,20,40,out,yes," 91,688 ",EQMVNGN,
Deletion,20,41,out,yes," 91,926 ",EQMVNAHCP,
Deletion,20,42,out,yes," 92,094 ",EQMVNEYKR,
Deletion,20,43,out,yes," 93,233 ",EQMVNGDLTD,
Deletion,20,44,out,yes," 99,936 ",EQMVNGTPGW,
Deletion,20,45,out,yes," 91,574 ",EQMVNG,
Deletion,20,46,out,yes," 93,152 ",EQMVNVTGGR,
Deletion,20,47,out,yes," 92,185 ",EQMVNGFQSF,
Deletion,20,48,out,yes," 91,688 ",EQMVNGN,
Deletion,20,49,out,yes," 92,516 ",EQMVNEEVRR,
Deletion,20,51,out,yes," 95,023 ",EQMVNGNNAG,
Deletion,20,53,out,yes," 93,281 ",EQMVNAVGQR,
Deletion,20,54,out,yes," 91,574 ",EQMVNG,
Deletion,20,55,out,yes," 91,924 ",EQMVNGPPR,
Deletion,20,56,out,yes," 94,421 ",EQMVNGPIWK,
Deletion,20,57,out,yes," 92,358 ",EQMVNGLQEG,
Deletion,20,59,out,yes," 93,531 ",EQMVNGTSRR,
Deletion,20,60,out,yes," 92,526 ",EQMVNGGRRG,
Deletion,20,62,out,yes," 92,896 ",EQMVNATRLK,
Deletion,20,65,out,yes," 101,734 ",EQMVNGDEQG,
Deletion,20,67,out,yes," 91,574 ",EQMVNG,
Deletion,20,68,out,yes," 91,831 ",EQMVNGTGV,
Deletion,20,69,out,yes," 99,138 ",EQMVNDYIRR,
Deletion,20,70,out,yes," 91,940 ",EQMVNVPLL,
Deletion,20,71,out,yes," 94,015 ",EQMVNGLPRP,
Deletion,20,72,out,yes," 91,574 ",EQMVNG,
Deletion,20,73,out,yes," 92,239 ",EQMVNEMMNI,
Deletion,20,74,out,yes," 92,492 ",EQMVNGICKQ,
Deletion,20,75,out,yes," 96,078 ",EQMVNAPGRG,
Deletion,20,78,out,no," 91,924 ",EQMVNGHNV,
Deletion,20,50,in,no," 235,439 ",EQMVNAPTQT,
Deletion,20,52,in,no," 222,165 ",EQMVNVERIQ,
Deletion,20,58,in,no," 182,581 ",EQMVNELPPE,
Deletion,20,61,in,no," 163,405 ",EQMVNASVQG,
Deletion,20,63,in,no," 158,603 ",EQMVNADLNN,
Deletion,20,64,in,no," 155,667 ",EQMVNVDLLS,
Deletion,20,66,in,no," 144,635 ",EQMVNDLFKQ,
Deletion,20,76,in,no," 96,478 ",EQMVNGEEDL,
Deletion,20,77,in,no," 93,089 ",EQMVNGRNTP,
Deletion,21,22,in,no," 414,073 ",LKICKALQSS,
Deletion,21,23,in,no," 405,697 ",LKICKNHIQT,
Deletion,21,24,in,no," 401,160 ",LKICKLLVSD,
Deletion,21,25,in,no," 395,237 ",LKICKVYARK,
Deletion,21,26,in,no," 388,445 ",LKICKRAKEE,
Deletion,21,27,in,no," 381,591 ",LKICKEVWAC,
Deletion,21,28,in,no," 376,346 ",LKICKSLENL,
Deletion,21,29,in,no," 370,440 ",LKICKAVRRQ,
Deletion,21,30,in,no," 364,346 ",LKICKKIQSD,
Deletion,21,31,in,no," 360,173 ",LKICKKKLQD,
Deletion,21,32,in,no," 353,334 ",LKICKNLYKS,
Deletion,21,33,in,no," 347,337 ",LKICKVTERK,
Deletion,21,34,in,no," 340,760 ",LKICKATQKE,
Deletion,21,35,in,no," 333,990 ",LKICKEYQKH,
Deletion,21,36,in,no," 328,779 ",LKICKRLKAE,
Deletion,21,21,out,yes," 102,498 ",LKICKFLTLC,
Deletion,21,37,in,no," 322,276 ",LKICKASIPL,
Deletion,21,43,out,yes," 101,142 ",LKICKAI,
Deletion,21,45,out,yes," 102,992 ",LKICKARRTK,
Deletion,21,50,out,yes," 101,980 ",LKICKLLLRL,
Deletion,21,52,out,yes," 103,375 ",LKICKLKEFR,
Deletion,21,54,out,yes," 101,144 ",LKICKGE,
Deletion,21,56,out,yes," 101,721 ",LKICKVPFGS,
Deletion,21,58,out,yes," 104,266 ",LKICKSCLLR,
Deletion,21,61,out,yes," 104,618 ",LKICKRLSRV,
Deletion,21,62,out,yes," 103,238 ",LKICKPRDSN,
Deletion,21,63,out,yes," 101,172 ",LKICKLT,
Deletion,21,64,out,yes," 101,345 ",LKICKWIS,
Deletion,21,65,out,yes," 102,174 ",LKICKGTNRE,
Deletion,21,66,out,yes," 108,086 ",LKICKTFSSK,
Deletion,21,68,out,yes," 101,714 ",LKICKVQESK,
Deletion,21,70,out,yes," 103,532 ",LKICKSRYSD,
Deletion,21,71,out,yes," 102,004 ",LKICKACLVP,
Deletion,21,72,out,yes," 102,456 ",LKICKASRNG,
Deletion,21,73,out,yes," 101,114 ",LKICKR,
Deletion,21,74,out,yes," 101,602 ",LKICKESASR,
Deletion,21,38,in,no," 317,549 ",LKICKNEDNE,
Deletion,21,76,out,yes," 102,640 ",LKICKVRKIF,
Deletion,21,77,out,yes," 101,884 ",LKICKEEIPL,
Deletion,21,39,in,no," 312,066 ",LKICKDLRSQ,
Deletion,21,40,in,no," 305,831 ",LKICKEIDRE,
Deletion,21,41,in,no," 298,660 ",LKICKHTVRE,
Deletion,21,42,in,no," 291,147 ",LKICKNIKDS,
Deletion,21,44,in,no," 278,064 ",LKICKELQDG,
Deletion,21,46,in,no," 265,564 ",LKICKLLVEE,
Deletion,21,47,in,no," 259,932 ",LKICKVSRAL,
Deletion,21,48,in,no," 252,712 ",LKICKETEIA,
Deletion,21,49,in,no," 248,897 ",LKICKRKLED,
Deletion,21,51,in,no," 236,128 ",LKICKATMQD,
Deletion,21,53,in,no," 223,144 ",LKICKQLAKD,
Deletion,21,55,in,no," 209,619 ",LKICKDLQGE,
Deletion,21,57,in,no," 196,767 ",LKICKAFKRE,
Deletion,21,59,in,no," 181,387 ",LKICKALRGE,
Deletion,21,60,in,no," 175,861 ",LKICKVAVED,
Deletion,21,67,in,no," 148,236 ",LKICKANNKP,
Deletion,21,69,in,no," 137,437 ",LKICKTTSGE,
Deletion,21,75,in,no," 110,167 ",LKICKPQAEA,
Deletion,21,78,in,no," 101,305 ",LKICKDTM,
Deletion,22,22,out,yes," 111,246 ",KELQTSFTKF,
Deletion,22,23,out,yes," 109,116 ",KELQTKSHTN,
Deletion,22,24,out,yes," 108,353 ",KELQTTFSQ,
Deletion,22,25,out,yes," 111,425 ",KELQTSLCQK,
Deletion,22,26,out,yes," 108,105 ",KELQTKS,
Deletion,22,27,out,yes," 108,618 ",KELQTRSLGM,
Deletion,22,28,out,yes," 108,104 ",KELQTIT,
Deletion,22,29,out,yes," 108,706 ",KELQTSCKEA,
Deletion,22,30,out,yes," 108,342 ",KELQTKNPI,
Deletion,22,31,out,yes," 110,101 ",KELQTKKITR,
Deletion,22,32,out,yes," 108,230 ",KELQTKLV,
Deletion,22,33,out,yes," 109,643 ",KELQTSNRKK,
Deletion,22,34,out,yes," 108,626 ",KELQTSYSKR,
Deletion,22,35,out,yes," 108,941 ",KELQTRIPET,
Deletion,22,36,out,yes," 108,709 ",KELQTTFKGR,
Deletion,22,37,out,yes," 108,988 ",KELQTSLHSF,
Deletion,22,38,out,yes," 108,018 ",KELQTK,
Deletion,22,39,out,yes," 110,526 ",KELQTRFEVS,
Deletion,22,40,out,yes," 108,160 ",KELQTRN,
Deletion,22,41,out,yes," 108,328 ",KELQTTHCP,
Deletion,22,42,out,yes," 108,465 ",KELQTKYKR,
Deletion,22,43,out,yes," 109,635 ",KELQTSDLTD,
Deletion,22,44,out,yes," 116,407 ",KELQTRTPGW,
Deletion,22,45,out,yes," 107,976 ",KELQTS,
Deletion,22,46,out,yes," 109,538 ",KELQTITGGR,
Deletion,22,47,out,yes," 108,587 ",KELQTSFQSF,
Deletion,22,48,out,yes," 108,160 ",KELQTRN,
Deletion,22,49,out,yes," 108,887 ",KELQTKEVRR,
Deletion,22,51,out,yes," 111,425 ",KELQTSNNAG,
Deletion,22,53,out,yes," 109,683 ",KELQTTVGQR,
Deletion,22,54,out,yes," 108,046 ",KELQTR,
Deletion,22,55,out,yes," 108,396 ",KELQTRPPR,
Deletion,22,56,out,yes," 110,824 ",KELQTSPIWK,
Deletion,22,57,out,yes," 108,760 ",KELQTSLQEG,
Deletion,22,59,out,yes," 109,933 ",KELQTSTSRR,
Deletion,22,60,out,yes," 108,929 ",KELQTSGRRG,
Deletion,22,62,out,yes," 109,298 ",KELQTTTRLK,
Deletion,22,65,out,yes," 118,206 ",KELQTRDEQG,
Deletion,22,67,out,yes," 107,976 ",KELQTS,
Deletion,22,68,out,yes," 108,234 ",KELQTSTGV,
Deletion,22,69,out,yes," 115,510 ",KELQTNYIRR,
Deletion,22,70,out,yes," 108,326 ",KELQTIPLL,
Deletion,22,71,out,yes," 110,418 ",KELQTSLPRP,
Deletion,22,72,out,yes," 107,976 ",KELQTS,
Deletion,22,73,out,yes," 108,610 ",KELQTKMMNI,
Deletion,22,74,out,yes," 108,964 ",KELQTRICKQ,
Deletion,22,75,out,yes," 112,481 ",KELQTTPGRG,
Deletion,22,78,out,no," 108,396 ",KELQTRHNV,
Deletion,22,50,in,no," 251,841 ",KELQTTPTQT,
Deletion,22,52,in,no," 238,551 ",KELQTIERIQ,
Deletion,22,58,in,no," 198,952 ",KELQTKLPPE,
Deletion,22,61,in,no," 179,807 ",KELQTTSVQG,
Deletion,22,63,in,no," 175,005 ",KELQTTDLNN,
Deletion,22,64,in,no," 172,071 ",KELQTMDLLS,
Deletion,22,66,in,no," 161,006 ",KELQTNLFKQ,
Deletion,22,76,in,no," 112,881 ",KELQTSEEDL,
Deletion,22,77,in,no," 109,560 ",KELQTRRNTP,
Deletion,23,23,in,no," 418,413 ",LGELQNHIQT,
Deletion,23,24,in,no," 413,876 ",LGELQLLVSD,
Deletion,23,25,in,no," 407,953 ",LGELQVYARK,
Deletion,23,26,in,no," 401,161 ",LGELQRAKEE,
Deletion,23,27,in,no," 394,307 ",LGELQEVWAC,
Deletion,23,28,in,no," 389,062 ",LGELQSLENL,
Deletion,23,29,in,no," 383,156 ",LGELQAVRRQ,
Deletion,23,30,in,no," 377,061 ",LGELQKIQSD,
Deletion,23,31,in,no," 372,888 ",LGELQKKLQD,
Deletion,23,32,in,no," 366,050 ",LGELQNLYKS,
Deletion,23,33,in,no," 360,053 ",LGELQVTERK,
Deletion,23,34,in,no," 353,476 ",LGELQATQKE,
Deletion,23,35,in,no," 346,706 ",LGELQEYQKH,
Deletion,23,36,in,no," 341,495 ",LGELQRLKAE,
Deletion,23,37,in,no," 334,992 ",LGELQASIPL,
Deletion,23,38,in,no," 330,265 ",LGELQNEDNE,
Deletion,23,39,in,no," 324,782 ",LGELQDLRSQ,
Deletion,23,40,in,no," 318,547 ",LGELQEIDRE,
Deletion,23,43,out,yes," 113,858 ",LGELQAI,
Deletion,23,45,out,yes," 115,708 ",LGELQARRTK,
Deletion,23,41,in,no," 311,376 ",LGELQHTVRE,
Deletion,23,50,out,yes," 114,696 ",LGELQLLLRL,
Deletion,23,52,out,yes," 116,091 ",LGELQLKEFR,
Deletion,23,54,out,yes," 113,860 ",LGELQGE,
Deletion,23,56,out,yes," 114,437 ",LGELQVPFGS,
Deletion,23,58,out,yes," 116,982 ",LGELQSCLLR,
Deletion,23,61,out,yes," 117,333 ",LGELQRLSRV,
Deletion,23,62,out,yes," 115,954 ",LGELQPRDSN,
Deletion,23,63,out,yes," 113,888 ",LGELQLT,
Deletion,23,64,out,yes," 114,061 ",LGELQWIS,
Deletion,23,65,out,yes," 114,890 ",LGELQGTNRE,
Deletion,23,66,out,yes," 120,802 ",LGELQTFSSK,
Deletion,23,68,out,yes," 114,430 ",LGELQVQESK,
Deletion,23,70,out,yes," 116,248 ",LGELQSRYSD,
Deletion,23,71,out,yes," 114,720 ",LGELQACLVP,
Deletion,23,72,out,yes," 115,172 ",LGELQASRNG,
Deletion,23,73,out,yes," 113,830 ",LGELQR,
Deletion,23,74,out,yes," 114,318 ",LGELQESASR,
Deletion,23,76,out,yes," 115,356 ",LGELQVRKIF,
Deletion,23,77,out,yes," 114,600 ",LGELQEEIPL,
Deletion,23,42,in,no," 303,863 ",LGELQNIKDS,
Deletion,23,44,in,no," 290,780 ",LGELQELQDG,
Deletion,23,46,in,no," 278,280 ",LGELQLLVEE,
Deletion,23,47,in,no," 272,648 ",LGELQVSRAL,
Deletion,23,48,in,no," 265,428 ",LGELQETEIA,
Deletion,23,49,in,no," 261,613 ",LGELQRKLED,
Deletion,23,51,in,no," 248,844 ",LGELQATMQD,
Deletion,23,53,in,no," 235,860 ",LGELQQLAKD,
Deletion,23,55,in,no," 222,335 ",LGELQDLQGE,
Deletion,23,57,in,no," 209,483 ",LGELQAFKRE,
Deletion,23,59,in,no," 194,103 ",LGELQALRGE,
Deletion,23,60,in,no," 188,577 ",LGELQVAVED,
Deletion,23,67,in,no," 160,952 ",LGELQANNKP,
Deletion,23,69,in,no," 150,153 ",LGELQTTSGE,
Deletion,23,75,in,no," 122,883 ",LGELQPQAEA,
Deletion,23,78,in,no," 114,021 ",LGELQDTM,
Deletion,24,24,in,no," 422,253 ",LRKIQLLVSD,
Deletion,24,25,in,no," 416,329 ",LRKIQVYARK,
Deletion,24,26,in,no," 409,537 ",LRKIQRAKEE,
Deletion,24,27,in,no," 402,683 ",LRKIQEVWAC,
Deletion,24,28,in,no," 397,439 ",LRKIQSLENL,
Deletion,24,29,in,no," 391,532 ",LRKIQAVRRQ,
Deletion,24,30,in,no," 385,438 ",LRKIQKIQSD,
Deletion,24,31,in,no," 381,265 ",LRKIQKKLQD,
Deletion,24,32,in,no," 374,426 ",LRKIQNLYKS,
Deletion,24,33,in,no," 368,429 ",LRKIQVTERK,
Deletion,24,34,in,no," 361,852 ",LRKIQATQKE,
Deletion,24,35,in,no," 355,082 ",LRKIQEYQKH,
Deletion,24,36,in,no," 349,871 ",LRKIQRLKAE,
Deletion,24,37,in,no," 343,368 ",LRKIQASIPL,
Deletion,24,38,in,no," 338,641 ",LRKIQNEDNE,
Deletion,24,39,in,no," 333,158 ",LRKIQDLRSQ,
Deletion,24,40,in,no," 326,923 ",LRKIQEIDRE,
Deletion,24,41,in,no," 319,752 ",LRKIQHTVRE,
Deletion,24,42,in,no," 312,239 ",LRKIQNIKDS,
Deletion,24,43,out,yes," 122,234 ",LRKIQAI,
Deletion,24,45,out,yes," 124,084 ",LRKIQARRTK,
Deletion,24,50,out,yes," 123,072 ",LRKIQLLLRL,
Deletion,24,52,out,yes," 124,467 ",LRKIQLKEFR,
Deletion,24,54,out,yes," 122,236 ",LRKIQGE,
Deletion,24,56,out,yes," 122,813 ",LRKIQVPFGS,
Deletion,24,58,out,yes," 125,358 ",LRKIQSCLLR,
Deletion,24,61,out,yes," 125,710 ",LRKIQRLSRV,
Deletion,24,62,out,yes," 124,330 ",LRKIQPRDSN,
Deletion,24,63,out,yes," 122,264 ",LRKIQLT,
Deletion,24,64,out,yes," 122,437 ",LRKIQWIS,
Deletion,24,65,out,yes," 123,266 ",LRKIQGTNRE,
Deletion,24,66,out,yes," 129,178 ",LRKIQTFSSK,
Deletion,24,68,out,yes," 122,806 ",LRKIQVQESK,
Deletion,24,70,out,yes," 124,624 ",LRKIQSRYSD,
Deletion,24,71,out,yes," 123,096 ",LRKIQACLVP,
Deletion,24,72,out,yes," 123,548 ",LRKIQASRNG,
Deletion,24,73,out,yes," 122,206 ",LRKIQR,
Deletion,24,74,out,yes," 122,694 ",LRKIQESASR,
Deletion,24,76,out,yes," 123,732 ",LRKIQVRKIF,
Deletion,24,77,out,yes," 122,976 ",LRKIQEEIPL,
Deletion,24,44,in,no," 299,156 ",LRKIQELQDG,
Deletion,24,46,in,no," 286,656 ",LRKIQLLVEE,
Deletion,24,47,in,no," 281,024 ",LRKIQVSRAL,
Deletion,24,48,in,no," 273,804 ",LRKIQETEIA,
Deletion,24,49,in,no," 269,989 ",LRKIQRKLED,
Deletion,24,51,in,no," 257,220 ",LRKIQATMQD,
Deletion,24,53,in,no," 244,236 ",LRKIQQLAKD,
Deletion,24,55,in,no," 230,711 ",LRKIQDLQGE,
Deletion,24,57,in,no," 217,859 ",LRKIQAFKRE,
Deletion,24,59,in,no," 202,479 ",LRKIQALRGE,
Deletion,24,60,in,no," 196,953 ",LRKIQVAVED,
Deletion,24,67,in,no," 169,329 ",LRKIQANNKP,
Deletion,24,69,in,no," 158,529 ",LRKIQTTSGE,
Deletion,24,75,in,no," 131,259 ",LRKIQPQAEA,
Deletion,24,78,in,no," 122,398 ",LRKIQDTM,
Deletion,25,25,in,no," 420,865 ",LKQCRVYARK,
Deletion,25,26,in,no," 414,074 ",LKQCRRAKEE,
Deletion,25,27,in,no," 407,220 ",LKQCREVWAC,
Deletion,25,28,in,no," 401,975 ",LKQCRSLENL,
Deletion,25,29,in,no," 396,069 ",LKQCRAVRRQ,
Deletion,25,30,in,no," 389,974 ",LKQCRKIQSD,
Deletion,25,31,in,no," 385,801 ",LKQCRKKLQD,
Deletion,25,32,in,no," 378,963 ",LKQCRNLYKS,
Deletion,25,33,in,no," 372,966 ",LKQCRVTERK,
Deletion,25,34,in,no," 366,388 ",LKQCRATQKE,
Deletion,25,35,in,no," 359,619 ",LKQCREYQKH,
Deletion,25,36,in,no," 354,408 ",LKQCRRLKAE,
Deletion,25,37,in,no," 347,905 ",LKQCRASIPL,
Deletion,25,38,in,no," 343,177 ",LKQCRNEDNE,
Deletion,25,39,in,no," 337,695 ",LKQCRDLRSQ,
Deletion,25,40,in,no," 331,459 ",LKQCREIDRE,
Deletion,25,41,in,no," 324,289 ",LKQCRHTVRE,
Deletion,25,42,in,no," 316,775 ",LKQCRNIKDS,
Deletion,25,44,in,no," 303,693 ",LKQCRELQDG,
Deletion,25,43,out,yes," 126,771 ",LKQCRAI,
Deletion,25,45,out,yes," 128,620 ",LKQCRARRTK,
Deletion,25,50,out,yes," 127,608 ",LKQCRLLLRL,
Deletion,25,52,out,yes," 129,004 ",LKQCRLKEFR,
Deletion,25,54,out,yes," 126,773 ",LKQCRGE,
Deletion,25,56,out,yes," 127,350 ",LKQCRVPFGS,
Deletion,25,58,out,yes," 129,895 ",LKQCRSCLLR,
Deletion,25,61,out,yes," 130,246 ",LKQCRRLSRV,
Deletion,25,62,out,yes," 128,866 ",LKQCRPRDSN,
Deletion,25,63,out,yes," 126,801 ",LKQCRLT,
Deletion,25,64,out,yes," 126,973 ",LKQCRWIS,
Deletion,25,65,out,yes," 127,803 ",LKQCRGTNRE,
Deletion,25,66,out,yes," 133,714 ",LKQCRTFSSK,
Deletion,25,68,out,yes," 127,343 ",LKQCRVQESK,
Deletion,25,70,out,yes," 129,161 ",LKQCRSRYSD,
Deletion,25,71,out,yes," 127,633 ",LKQCRACLVP,
Deletion,25,72,out,yes," 128,085 ",LKQCRASRNG,
Deletion,25,73,out,yes," 126,743 ",LKQCRR,
Deletion,25,74,out,yes," 127,230 ",LKQCRESASR,
Deletion,25,76,out,yes," 128,269 ",LKQCRVRKIF,
Deletion,25,77,out,yes," 127,513 ",LKQCREEIPL,
Deletion,25,46,in,no," 291,192 ",LKQCRLLVEE,
Deletion,25,47,in,no," 285,560 ",LKQCRVSRAL,
Deletion,25,48,in,no," 278,341 ",LKQCRETEIA,
Deletion,25,49,in,no," 274,526 ",LKQCRRKLED,
Deletion,25,51,in,no," 261,757 ",LKQCRATMQD,
Deletion,25,53,in,no," 248,773 ",LKQCRQLAKD,
Deletion,25,55,in,no," 235,247 ",LKQCRDLQGE,
Deletion,25,57,in,no," 222,395 ",LKQCRAFKRE,
Deletion,25,59,in,no," 207,016 ",LKQCRALRGE,
Deletion,25,60,in,no," 201,489 ",LKQCRVAVED,
Deletion,25,67,in,no," 173,865 ",LKQCRANNKP,
Deletion,25,69,in,no," 163,066 ",LKQCRTTSGE,
Deletion,25,75,in,no," 135,796 ",LKQCRPQAEA,
Deletion,25,78,in,no," 126,934 ",LKQCRDTM,
Deletion,26,26,in,no," 419,998 ",HMCQQRAKEE,
Deletion,26,27,in,no," 413,144 ",HMCQQEVWAC,
Deletion,26,28,in,no," 407,899 ",HMCQQSLENL,
Deletion,26,29,in,no," 401,992 ",HMCQQAVRRQ,
Deletion,26,30,in,no," 395,898 ",HMCQQKIQSD,
Deletion,26,31,in,no," 391,725 ",HMCQQKKLQD,
Deletion,26,32,in,no," 384,887 ",HMCQQNLYKS,
Deletion,26,33,in,no," 378,890 ",HMCQQVTERK,
Deletion,26,34,in,no," 372,312 ",HMCQQATQKE,
Deletion,26,35,in,no," 365,542 ",HMCQQEYQKH,
Deletion,26,36,in,no," 360,331 ",HMCQQRLKAE,
Deletion,26,37,in,no," 353,829 ",HMCQQASIPL,
Deletion,26,38,in,no," 349,101 ",HMCQQNEDNE,
Deletion,26,39,in,no," 343,619 ",HMCQQDLRSQ,
Deletion,26,40,in,no," 337,383 ",HMCQQEIDRE,
Deletion,26,41,in,no," 330,213 ",HMCQQHTVRE,
Deletion,26,42,in,no," 322,699 ",HMCQQNIKDS,
Deletion,26,44,in,no," 309,617 ",HMCQQELQDG,
Deletion,26,46,in,no," 297,116 ",HMCQQLLVEE,
Deletion,26,47,in,no," 291,484 ",HMCQQVSRAL,
Deletion,26,43,out,yes," 132,695 ",HMCQQAI,
Deletion,26,45,out,yes," 134,544 ",HMCQQARRTK,
Deletion,26,50,out,yes," 133,532 ",HMCQQLLLRL,
Deletion,26,52,out,yes," 134,927 ",HMCQQLKEFR,
Deletion,26,54,out,yes," 132,697 ",HMCQQGE,
Deletion,26,56,out,yes," 133,273 ",HMCQQVPFGS,
Deletion,26,58,out,yes," 135,819 ",HMCQQSCLLR,
Deletion,26,61,out,yes," 136,170 ",HMCQQRLSRV,
Deletion,26,62,out,yes," 134,790 ",HMCQQPRDSN,
Deletion,26,63,out,yes," 132,725 ",HMCQQLT,
Deletion,26,64,out,yes," 132,897 ",HMCQQWIS,
Deletion,26,65,out,yes," 133,727 ",HMCQQGTNRE,
Deletion,26,66,out,yes," 139,638 ",HMCQQTFSSK,
Deletion,26,68,out,yes," 133,266 ",HMCQQVQESK,
Deletion,26,70,out,yes," 135,085 ",HMCQQSRYSD,
Deletion,26,71,out,yes," 133,557 ",HMCQQACLVP,
Deletion,26,72,out,yes," 134,008 ",HMCQQASRNG,
Deletion,26,73,out,yes," 132,667 ",HMCQQR,
Deletion,26,74,out,yes," 133,154 ",HMCQQESASR,
Deletion,26,76,out,yes," 134,193 ",HMCQQVRKIF,
Deletion,26,77,out,yes," 133,436 ",HMCQQEEIPL,
Deletion,26,48,in,no," 284,265 ",HMCQQETEIA,
Deletion,26,49,in,no," 280,449 ",HMCQQRKLED,
Deletion,26,51,in,no," 267,681 ",HMCQQATMQD,
Deletion,26,53,in,no," 254,697 ",HMCQQQLAKD,
Deletion,26,55,in,no," 241,171 ",HMCQQDLQGE,
Deletion,26,57,in,no," 228,319 ",HMCQQAFKRE,
Deletion,26,59,in,no," 212,940 ",HMCQQALRGE,
Deletion,26,60,in,no," 207,413 ",HMCQQVAVED,
Deletion,26,67,in,no," 179,789 ",HMCQQANNKP,
Deletion,26,69,in,no," 168,990 ",HMCQQTTSGE,
Deletion,26,75,in,no," 141,719 ",HMCQQPQAEA,
Deletion,26,78,in,no," 132,858 ",HMCQQDTM,
Deletion,27,27,in,no," 419,935 ",VEEMKEVWAC,
Deletion,27,28,in,no," 414,690 ",VEEMKSLENL,
Deletion,27,29,in,no," 408,784 ",VEEMKAVRRQ,
Deletion,27,30,in,no," 402,689 ",VEEMKKIQSD,
Deletion,27,31,in,no," 398,516 ",VEEMKKKLQD,
Deletion,27,32,in,no," 391,678 ",VEEMKNLYKS,
Deletion,27,33,in,no," 385,681 ",VEEMKVTERK,
Deletion,27,34,in,no," 379,104 ",VEEMKATQKE,
Deletion,27,35,in,no," 372,334 ",VEEMKEYQKH,
Deletion,27,36,in,no," 367,123 ",VEEMKRLKAE,
Deletion,27,37,in,no," 360,620 ",VEEMKASIPL,
Deletion,27,38,in,no," 355,893 ",VEEMKNEDNE,
Deletion,27,39,in,no," 350,410 ",VEEMKDLRSQ,
Deletion,27,40,in,no," 344,175 ",VEEMKEIDRE,
Deletion,27,41,in,no," 337,004 ",VEEMKHTVRE,
Deletion,27,42,in,no," 329,491 ",VEEMKNIKDS,
Deletion,27,44,in,no," 316,408 ",VEEMKELQDG,
Deletion,27,46,in,no," 303,908 ",VEEMKLLVEE,
Deletion,27,47,in,no," 298,276 ",VEEMKVSRAL,
Deletion,27,48,in,no," 291,056 ",VEEMKETEIA,
Deletion,27,49,in,no," 287,241 ",VEEMKRKLED,
Deletion,27,43,out,yes," 139,486 ",VEEMKAI,
Deletion,27,45,out,yes," 141,335 ",VEEMKARRTK,
Deletion,27,50,out,yes," 140,324 ",VEEMKLLLRL,
Deletion,27,52,out,yes," 141,719 ",VEEMKLKEFR,
Deletion,27,54,out,yes," 139,488 ",VEEMKGE,
Deletion,27,56,out,yes," 140,065 ",VEEMKVPFGS,
Deletion,27,58,out,yes," 142,610 ",VEEMKSCLLR,
Deletion,27,61,out,yes," 142,961 ",VEEMKRLSRV,
Deletion,27,62,out,yes," 141,582 ",VEEMKPRDSN,
Deletion,27,63,out,yes," 139,516 ",VEEMKLT,
Deletion,27,64,out,yes," 139,688 ",VEEMKWIS,
Deletion,27,65,out,yes," 140,518 ",VEEMKGTNRE,
Deletion,27,66,out,yes," 146,430 ",VEEMKTFSSK,
Deletion,27,68,out,yes," 140,058 ",VEEMKVQESK,
Deletion,27,70,out,yes," 141,876 ",VEEMKSRYSD,
Deletion,27,71,out,yes," 140,348 ",VEEMKACLVP,
Deletion,27,72,out,yes," 140,800 ",VEEMKASRNG,
Deletion,27,73,out,yes," 139,458 ",VEEMKR,
Deletion,27,74,out,yes," 139,946 ",VEEMKESASR,
Deletion,27,76,out,yes," 140,984 ",VEEMKVRKIF,
Deletion,27,77,out,yes," 140,228 ",VEEMKEEIPL,
Deletion,27,51,in,no," 274,472 ",VEEMKATMQD,
Deletion,27,53,in,no," 261,488 ",VEEMKQLAKD,
Deletion,27,55,in,no," 247,963 ",VEEMKDLQGE,
Deletion,27,57,in,no," 235,111 ",VEEMKAFKRE,
Deletion,27,59,in,no," 219,731 ",VEEMKALRGE,
Deletion,27,60,in,no," 214,204 ",VEEMKVAVED,
Deletion,27,67,in,no," 186,580 ",VEEMKANNKP,
Deletion,27,69,in,no," 175,781 ",VEEMKTTSGE,
Deletion,27,75,in,no," 148,511 ",VEEMKPQAEA,
Deletion,27,78,in,no," 139,649 ",VEEMKDTM,
Deletion,28,28,in,no," 421,544 ",CKTLESLENL,
Deletion,28,29,in,no," 415,638 ",CKTLEAVRRQ,
Deletion,28,30,in,no," 409,543 ",CKTLEKIQSD,
Deletion,28,31,in,no," 405,370 ",CKTLEKKLQD,
Deletion,28,32,in,no," 398,532 ",CKTLENLYKS,
Deletion,28,33,in,no," 392,535 ",CKTLEVTERK,
Deletion,28,34,in,no," 385,958 ",CKTLEATQKE,
Deletion,28,35,in,no," 379,188 ",CKTLEEYQKH,
Deletion,28,36,in,no," 373,977 ",CKTLERLKAE,
Deletion,28,37,in,no," 367,474 ",CKTLEASIPL,
Deletion,28,38,in,no," 362,747 ",CKTLENEDNE,
Deletion,28,39,in,no," 357,264 ",CKTLEDLRSQ,
Deletion,28,40,in,no," 351,028 ",CKTLEEIDRE,
Deletion,28,41,in,no," 343,858 ",CKTLEHTVRE,
Deletion,28,42,in,no," 336,345 ",CKTLENIKDS,
Deletion,28,44,in,no," 323,262 ",CKTLEELQDG,
Deletion,28,46,in,no," 310,762 ",CKTLELLVEE,
Deletion,28,47,in,no," 305,130 ",CKTLEVSRAL,
Deletion,28,48,in,no," 297,910 ",CKTLEETEIA,
Deletion,28,49,in,no," 294,095 ",CKTLERKLED,
Deletion,28,51,in,no," 281,326 ",CKTLEATMQD,
Deletion,28,43,out,yes," 146,340 ",CKTLEAI,
Deletion,28,45,out,yes," 148,189 ",CKTLEARRTK,
Deletion,28,50,out,yes," 147,177 ",CKTLELLLRL,
Deletion,28,52,out,yes," 148,573 ",CKTLELKEFR,
Deletion,28,54,out,yes," 146,342 ",CKTLEGE,
Deletion,28,56,out,yes," 146,919 ",CKTLEVPFGS,
Deletion,28,58,out,yes," 149,464 ",CKTLESCLLR,
Deletion,28,61,out,yes," 149,815 ",CKTLERLSRV,
Deletion,28,62,out,yes," 148,435 ",CKTLEPRDSN,
Deletion,28,63,out,yes," 146,370 ",CKTLELT,
Deletion,28,64,out,yes," 146,542 ",CKTLEWIS,
Deletion,28,65,out,yes," 147,372 ",CKTLEGTNRE,
Deletion,28,66,out,yes," 153,284 ",CKTLETFSSK,
Deletion,28,68,out,yes," 146,912 ",CKTLEVQESK,
Deletion,28,70,out,yes," 148,730 ",CKTLESRYSD,
Deletion,28,71,out,yes," 147,202 ",CKTLEACLVP,
Deletion,28,72,out,yes," 147,654 ",CKTLEASRNG,
Deletion,28,73,out,yes," 146,312 ",CKTLER,
Deletion,28,74,out,yes," 146,800 ",CKTLEESASR,
Deletion,28,76,out,yes," 147,838 ",CKTLEVRKIF,
Deletion,28,77,out,yes," 147,082 ",CKTLEEEIPL,
Deletion,28,53,in,no," 268,342 ",CKTLEQLAKD,
Deletion,28,55,in,no," 254,817 ",CKTLEDLQGE,
Deletion,28,57,in,no," 241,965 ",CKTLEAFKRE,
Deletion,28,59,in,no," 226,585 ",CKTLEALRGE,
Deletion,28,60,in,no," 221,058 ",CKTLEVAVED,
Deletion,28,67,in,no," 193,434 ",CKTLEANNKP,
Deletion,28,69,in,no," 182,635 ",CKTLETTSGE,
Deletion,28,75,in,no," 155,365 ",CKTLEPQAEA,
Deletion,28,78,in,no," 146,503 ",CKTLEDTM,
Deletion,29,29,in,no," 420,883 ",SEVLDAVRRQ,
Deletion,29,30,in,no," 414,788 ",SEVLDKIQSD,
Deletion,29,31,in,no," 410,615 ",SEVLDKKLQD,
Deletion,29,32,in,no," 403,777 ",SEVLDNLYKS,
Deletion,29,33,in,no," 397,780 ",SEVLDVTERK,
Deletion,29,34,in,no," 391,202 ",SEVLDATQKE,
Deletion,29,35,in,no," 384,433 ",SEVLDEYQKH,
Deletion,29,36,in,no," 379,222 ",SEVLDRLKAE,
Deletion,29,37,in,no," 372,719 ",SEVLDASIPL,
Deletion,29,38,in,no," 367,991 ",SEVLDNEDNE,
Deletion,29,39,in,no," 362,509 ",SEVLDDLRSQ,
Deletion,29,40,in,no," 356,273 ",SEVLDEIDRE,
Deletion,29,41,in,no," 349,103 ",SEVLDHTVRE,
Deletion,29,42,in,no," 341,589 ",SEVLDNIKDS,
Deletion,29,44,in,no," 328,507 ",SEVLDELQDG,
Deletion,29,46,in,no," 316,006 ",SEVLDLLVEE,
Deletion,29,47,in,no," 310,374 ",SEVLDVSRAL,
Deletion,29,48,in,no," 303,155 ",SEVLDETEIA,
Deletion,29,49,in,no," 299,340 ",SEVLDRKLED,
Deletion,29,51,in,no," 286,571 ",SEVLDATMQD,
Deletion,29,53,in,no," 273,587 ",SEVLDQLAKD,
Deletion,29,43,out,yes," 151,585 ",SEVLDAI,
Deletion,29,45,out,yes," 153,434 ",SEVLDARRTK,
Deletion,29,50,out,yes," 152,422 ",SEVLDLLLRL,
Deletion,29,52,out,yes," 153,818 ",SEVLDLKEFR,
Deletion,29,54,out,yes," 151,587 ",SEVLDGE,
Deletion,29,56,out,yes," 152,164 ",SEVLDVPFGS,
Deletion,29,58,out,yes," 154,709 ",SEVLDSCLLR,
Deletion,29,61,out,yes," 155,060 ",SEVLDRLSRV,
Deletion,29,62,out,yes," 153,680 ",SEVLDPRDSN,
Deletion,29,63,out,yes," 151,615 ",SEVLDLT,
Deletion,29,64,out,yes," 151,787 ",SEVLDWIS,
Deletion,29,65,out,yes," 152,617 ",SEVLDGTNRE,
Deletion,29,66,out,yes," 158,528 ",SEVLDTFSSK,
Deletion,29,68,out,yes," 152,157 ",SEVLDVQESK,
Deletion,29,70,out,yes," 153,975 ",SEVLDSRYSD,
Deletion,29,71,out,yes," 152,447 ",SEVLDACLVP,
Deletion,29,72,out,yes," 152,899 ",SEVLDASRNG,
Deletion,29,73,out,yes," 151,557 ",SEVLDR,
Deletion,29,74,out,yes," 152,044 ",SEVLDESASR,
Deletion,29,76,out,yes," 153,083 ",SEVLDVRKIF,
Deletion,29,77,out,yes," 152,327 ",SEVLDEEIPL,
Deletion,29,55,in,no," 260,061 ",SEVLDDLQGE,
Deletion,29,57,in,no," 247,209 ",SEVLDAFKRE,
Deletion,29,59,in,no," 231,830 ",SEVLDALRGE,
Deletion,29,60,in,no," 226,303 ",SEVLDVAVED,
Deletion,29,67,in,no," 198,679 ",SEVLDANNKP,
Deletion,29,69,in,no," 187,880 ",SEVLDTTSGE,
Deletion,29,75,in,no," 160,610 ",SEVLDPQAEA,
Deletion,29,78,in,no," 151,748 ",SEVLDDTM,
Deletion,30,30,in,no," 420,695 ",ELHEEKIQSD,
Deletion,30,31,in,no," 416,522 ",ELHEEKKLQD,
Deletion,30,32,in,no," 409,683 ",ELHEENLYKS,
Deletion,30,33,in,no," 403,686 ",ELHEEVTERK,
Deletion,30,34,in,no," 397,109 ",ELHEEATQKE,
Deletion,30,35,in,no," 390,339 ",ELHEEEYQKH,
Deletion,30,36,in,no," 385,128 ",ELHEERLKAE,
Deletion,30,37,in,no," 378,625 ",ELHEEASIPL,4
Deletion,30,38,in,no," 373,898 ",ELHEENEDNE,
Deletion,30,39,in,no," 368,415 ",ELHEEDLRSQ,
Deletion,30,40,in,no," 362,180 ",ELHEEEIDRE,
Deletion,30,41,in,no," 355,009 ",ELHEEHTVRE,
Deletion,30,42,in,no," 347,496 ",ELHEENIKDS,
Deletion,30,44,in,no," 334,413 ",ELHEEELQDG,
Deletion,30,46,in,no," 321,913 ",ELHEELLVEE,
Deletion,30,47,in,no," 316,281 ",ELHEEVSRAL,
Deletion,30,48,in,no," 309,061 ",ELHEEETEIA,
Deletion,30,49,in,no," 305,246 ",ELHEERKLED,
Deletion,30,51,in,no," 292,477 ",ELHEEATMQD,
Deletion,30,53,in,no," 279,493 ",ELHEEQLAKD,
Deletion,30,43,out,yes," 157,491 ",ELHEEAI,
Deletion,30,45,out,yes," 159,341 ",ELHEEARRTK,
Deletion,30,55,in,no," 265,968 ",ELHEEDLQGE,
Deletion,30,50,out,yes," 158,329 ",ELHEELLLRL,
Deletion,30,52,out,yes," 159,724 ",ELHEELKEFR,
Deletion,30,54,out,yes," 157,493 ",ELHEEGE,
Deletion,30,56,out,yes," 158,070 ",ELHEEVPFGS,
Deletion,30,58,out,yes," 160,615 ",ELHEESCLLR,
Deletion,30,61,out,yes," 160,967 ",ELHEERLSRV,
Deletion,30,62,out,yes," 159,587 ",ELHEEPRDSN,
Deletion,30,63,out,yes," 157,521 ",ELHEELT,
Deletion,30,64,out,yes," 157,694 ",ELHEEWIS,
Deletion,30,65,out,yes," 158,523 ",ELHEEGTNRE,
Deletion,30,66,out,yes," 164,435 ",ELHEETFSSK,
Deletion,30,68,out,yes," 158,063 ",ELHEEVQESK,
Deletion,30,70,out,yes," 159,881 ",ELHEESRYSD,
Deletion,30,71,out,yes," 158,353 ",ELHEEACLVP,
Deletion,30,72,out,yes," 158,805 ",ELHEEASRNG,
Deletion,30,73,out,yes," 157,463 ",ELHEER,
Deletion,30,74,out,yes," 157,951 ",ELHEEESASR,
Deletion,30,76,out,yes," 158,989 ",ELHEEVRKIF,
Deletion,30,77,out,yes," 158,233 ",ELHEEEEIPL,
Deletion,30,57,in,no," 253,116 ",ELHEEAFKRE,
Deletion,30,59,in,no," 237,736 ",ELHEEALRGE,
Deletion,30,60,in,no," 232,210 ",ELHEEVAVED,
Deletion,30,67,in,no," 204,585 ",ELHEEANNKP,
Deletion,30,69,in,no," 193,786 ",ELHEETTSGE,
Deletion,30,75,in,no," 166,516 ",ELHEEPQAEA,
Deletion,30,78,in,no," 157,655 ",ELHEEDTM,
Deletion,31,31,in,no," 422,616 ",PQEAQKKLQD,
Deletion,31,32,in,no," 415,778 ",PQEAQNLYKS,
Deletion,31,33,in,no," 409,781 ",PQEAQVTERK,
Deletion,31,34,in,no," 403,203 ",PQEAQATQKE,
Deletion,31,35,in,no," 396,433 ",PQEAQEYQKH,
Deletion,31,36,in,no," 391,222 ",PQEAQRLKAE,
Deletion,31,37,in,no," 384,720 ",PQEAQASIPL,
Deletion,31,38,in,no," 379,992 ",PQEAQNEDNE,
Deletion,31,39,in,no," 374,510 ",PQEAQDLRSQ,
Deletion,31,40,in,no," 368,274 ",PQEAQEIDRE,
Deletion,31,41,in,no," 361,104 ",PQEAQHTVRE,
Deletion,31,42,in,no," 353,590 ",PQEAQNIKDS,
Deletion,31,44,in,no," 340,508 ",PQEAQELQDG,
Deletion,31,46,in,no," 328,007 ",PQEAQLLVEE,
Deletion,31,47,in,no," 322,375 ",PQEAQVSRAL,
Deletion,31,48,in,no," 315,156 ",PQEAQETEIA,
Deletion,31,49,in,no," 311,340 ",PQEAQRKLED,
Deletion,31,51,in,no," 298,572 ",PQEAQATMQD,
Deletion,31,53,in,no," 285,588 ",PQEAQQLAKD,
Deletion,31,55,in,no," 272,062 ",PQEAQDLQGE,
Deletion,31,43,out,yes," 163,586 ",PQEAQAI,
Deletion,31,45,out,yes," 165,435 ",PQEAQARRTK,
Deletion,31,50,out,yes," 164,423 ",PQEAQLLLRL,
Deletion,31,52,out,yes," 165,819 ",PQEAQLKEFR,
Deletion,31,57,in,no," 259,210 ",PQEAQAFKRE,
Deletion,31,54,out,yes," 163,588 ",PQEAQGE,
Deletion,31,56,out,yes," 164,165 ",PQEAQVPFGS,
Deletion,31,58,out,yes," 166,710 ",PQEAQSCLLR,
Deletion,31,61,out,yes," 167,061 ",PQEAQRLSRV,
Deletion,31,62,out,yes," 165,681 ",PQEAQPRDSN,
Deletion,31,63,out,yes," 163,616 ",PQEAQLT,
Deletion,31,64,out,yes," 163,788 ",PQEAQWIS,
Deletion,31,65,out,yes," 164,618 ",PQEAQGTNRE,
Deletion,31,66,out,yes," 170,529 ",PQEAQTFSSK,
Deletion,31,68,out,yes," 164,158 ",PQEAQVQESK,
Deletion,31,70,out,yes," 165,976 ",PQEAQSRYSD,
Deletion,31,71,out,yes," 164,448 ",PQEAQACLVP,
Deletion,31,72,out,yes," 164,900 ",PQEAQASRNG,
Deletion,31,73,out,yes," 163,558 ",PQEAQR,
Deletion,31,74,out,yes," 164,045 ",PQEAQESASR,
Deletion,31,76,out,yes," 165,084 ",PQEAQVRKIF,
Deletion,31,77,out,yes," 164,328 ",PQEAQEEIPL,
Deletion,31,59,in,no," 243,831 ",PQEAQALRGE,
Deletion,31,60,in,no," 238,304 ",PQEAQVAVED,
Deletion,31,67,in,no," 210,680 ",PQEAQANNKP,
Deletion,31,69,in,no," 199,881 ",PQEAQTTSGE,
Deletion,31,75,in,no," 172,611 ",PQEAQPQAEA,
Deletion,31,78,in,no," 163,749 ",PQEAQDTM,
Deletion,32,32,in,no," 419,951 ",IDVAQNLYKS,
Deletion,32,33,in,no," 413,954 ",IDVAQVTERK,
Deletion,32,34,in,no," 407,376 ",IDVAQATQKE,
Deletion,32,35,in,no," 400,607 ",IDVAQEYQKH,
Deletion,32,36,in,no," 395,395 ",IDVAQRLKAE,
Deletion,32,37,in,no," 388,893 ",IDVAQASIPL,
Deletion,32,38,in,no," 384,165 ",IDVAQNEDNE,
Deletion,32,39,in,no," 378,683 ",IDVAQDLRSQ,
Deletion,32,40,in,no," 372,447 ",IDVAQEIDRE,
Deletion,32,41,in,no," 365,277 ",IDVAQHTVRE,
Deletion,32,42,in,no," 357,763 ",IDVAQNIKDS,
Deletion,32,44,in,no," 344,681 ",IDVAQELQDG,
Deletion,32,46,in,no," 332,180 ",IDVAQLLVEE,
Deletion,32,47,in,no," 326,548 ",IDVAQVSRAL,
Deletion,32,48,in,no," 319,329 ",IDVAQETEIA,
Deletion,32,49,in,no," 315,514 ",IDVAQRKLED,
Deletion,32,51,in,no," 302,745 ",IDVAQATMQD,
Deletion,32,53,in,no," 289,761 ",IDVAQQLAKD,
Deletion,32,55,in,no," 276,235 ",IDVAQDLQGE,
Deletion,32,57,in,no," 263,383 ",IDVAQAFKRE,
Deletion,32,43,out,yes," 167,759 ",IDVAQAI,
Deletion,32,45,out,yes," 169,608 ",IDVAQARRTK,
Deletion,32,50,out,yes," 168,596 ",IDVAQLLLRL,
Deletion,32,52,out,yes," 169,992 ",IDVAQLKEFR,
Deletion,32,54,out,yes," 167,761 ",IDVAQGE,
Deletion,32,56,out,yes," 168,338 ",IDVAQVPFGS,
Deletion,32,58,out,yes," 170,883 ",IDVAQSCLLR,
Deletion,32,61,out,yes," 171,234 ",IDVAQRLSRV,
Deletion,32,62,out,yes," 169,854 ",IDVAQPRDSN,
Deletion,32,63,out,yes," 167,789 ",IDVAQLT,
Deletion,32,64,out,yes," 167,961 ",IDVAQWIS,
Deletion,32,65,out,yes," 168,791 ",IDVAQGTNRE,
Deletion,32,66,out,yes," 174,702 ",IDVAQTFSSK,
Deletion,32,68,out,yes," 168,331 ",IDVAQVQESK,
Deletion,32,70,out,yes," 170,149 ",IDVAQSRYSD,
Deletion,32,71,out,yes," 168,621 ",IDVAQACLVP,
Deletion,32,72,out,yes," 169,073 ",IDVAQASRNG,
Deletion,32,73,out,yes," 167,731 ",IDVAQR,
Deletion,32,74,out,yes," 168,218 ",IDVAQESASR,
Deletion,32,76,out,yes," 169,257 ",IDVAQVRKIF,
Deletion,32,77,out,yes," 168,501 ",IDVAQEEIPL,
Deletion,32,59,in,no," 248,004 ",IDVAQALRGE,
Deletion,32,60,in,no," 242,477 ",IDVAQVAVED,
Deletion,32,67,in,no," 214,853 ",IDVAQANNKP,
Deletion,32,69,in,no," 204,054 ",IDVAQTTSGE,
Deletion,32,75,in,no," 176,784 ",IDVAQPQAEA,
Deletion,32,78,in,no," 167,922 ",IDVAQDTM,
Deletion,33,33,in,no," 420,792 ",LNHCVVTERK,
Deletion,33,34,in,no," 414,215 ",LNHCVATQKE,
Deletion,33,35,in,no," 407,445 ",LNHCVEYQKH,
Deletion,33,36,in,no," 402,234 ",LNHCVRLKAE,
Deletion,33,37,in,no," 395,731 ",LNHCVASIPL,
Deletion,33,38,in,no," 391,003 ",LNHCVNEDNE,
Deletion,33,39,in,no," 385,521 ",LNHCVDLRSQ,
Deletion,33,40,in,no," 379,285 ",LNHCVEIDRE,
Deletion,33,41,in,no," 372,115 ",LNHCVHTVRE,
Deletion,33,42,in,no," 364,602 ",LNHCVNIKDS,
Deletion,33,44,in,no," 351,519 ",LNHCVELQDG,
Deletion,33,46,in,no," 339,018 ",LNHCVLLVEE,
Deletion,33,47,in,no," 333,387 ",LNHCVVSRAL,
Deletion,33,48,in,no," 326,167 ",LNHCVETEIA,
Deletion,33,49,in,no," 322,352 ",LNHCVRKLED,
Deletion,33,51,in,no," 309,583 ",LNHCVATMQD,
Deletion,33,53,in,no," 296,599 ",LNHCVQLAKD,
Deletion,33,55,in,no," 283,073 ",LNHCVDLQGE,
Deletion,33,57,in,no," 270,221 ",LNHCVAFKRE,
Deletion,33,59,in,no," 254,842 ",LNHCVALRGE,
Deletion,33,60,in,no," 249,315 ",LNHCVVAVED,
Deletion,33,43,out,yes," 174,597 ",LNHCVAI,
Deletion,33,45,out,yes," 176,446 ",LNHCVARRTK,
Deletion,33,50,out,yes," 175,434 ",LNHCVLLLRL,
Deletion,33,52,out,yes," 176,830 ",LNHCVLKEFR,
Deletion,33,54,out,yes," 174,599 ",LNHCVGE,
Deletion,33,56,out,yes," 175,176 ",LNHCVVPFGS,
Deletion,33,58,out,yes," 177,721 ",LNHCVSCLLR,
Deletion,33,61,out,yes," 178,072 ",LNHCVRLSRV,
Deletion,33,62,out,yes," 176,692 ",LNHCVPRDSN,
Deletion,33,63,out,yes," 174,627 ",LNHCVLT,
Deletion,33,64,out,yes," 174,799 ",LNHCVWIS,
Deletion,33,65,out,yes," 175,629 ",LNHCVGTNRE,
Deletion,33,66,out,yes," 181,540 ",LNHCVTFSSK,
Deletion,33,68,out,yes," 175,169 ",LNHCVVQESK,
Deletion,33,70,out,yes," 176,987 ",LNHCVSRYSD,
Deletion,33,71,out,yes," 175,459 ",LNHCVACLVP,
Deletion,33,72,out,yes," 175,911 ",LNHCVASRNG,
Deletion,33,73,out,yes," 174,569 ",LNHCVR,
Deletion,33,74,out,yes," 175,057 ",LNHCVESASR,
Deletion,33,76,out,yes," 176,095 ",LNHCVVRKIF,
Deletion,33,77,out,yes," 175,339 ",LNHCVEEIPL,
Deletion,33,67,in,no," 221,691 ",LNHCVANNKP,
Deletion,33,69,in,no," 210,892 ",LNHCVTTSGE,
Deletion,33,75,in,no," 183,622 ",LNHCVPQAEA,
Deletion,33,78,in,no," 174,760 ",LNHCVDTM,
Deletion,34,34,in,no," 420,212 ",ELGAKATQKE,
Deletion,34,35,in,no," 413,442 ",ELGAKEYQKH,
Deletion,34,36,in,no," 408,231 ",ELGAKRLKAE,
Deletion,34,37,in,no," 401,728 ",ELGAKASIPL,
Deletion,34,38,in,no," 397,000 ",ELGAKNEDNE,
Deletion,34,39,in,no," 391,518 ",ELGAKDLRSQ,
Deletion,34,40,in,no," 385,282 ",ELGAKEIDRE,
Deletion,34,41,in,no," 378,112 ",ELGAKHTVRE,
Deletion,34,42,in,no," 370,598 ",ELGAKNIKDS,
Deletion,34,44,in,no," 357,516 ",ELGAKELQDG,
Deletion,34,46,in,no," 345,015 ",ELGAKLLVEE,
Deletion,34,47,in,no," 339,384 ",ELGAKVSRAL,
Deletion,34,48,in,no," 332,164 ",ELGAKETEIA,
Deletion,34,49,in,no," 328,349 ",ELGAKRKLED,
Deletion,34,51,in,no," 315,580 ",ELGAKATMQD,
Deletion,34,53,in,no," 302,596 ",ELGAKQLAKD,
Deletion,34,55,in,no," 289,070 ",ELGAKDLQGE,
Deletion,34,57,in,no," 276,218 ",ELGAKAFKRE,
Deletion,34,59,in,no," 260,839 ",ELGAKALRGE,
Deletion,34,60,in,no," 255,312 ",ELGAKVAVED,
Deletion,34,43,out,yes," 180,594 ",ELGAKAI,
Deletion,34,45,out,yes," 182,443 ",ELGAKARRTK,
Deletion,34,50,out,yes," 181,431 ",ELGAKLLLRL,
Deletion,34,52,out,yes," 182,827 ",ELGAKLKEFR,
Deletion,34,54,out,yes," 180,596 ",ELGAKGE,
Deletion,34,56,out,yes," 181,173 ",ELGAKVPFGS,
Deletion,34,58,out,yes," 183,718 ",ELGAKSCLLR,
Deletion,34,61,out,yes," 184,069 ",ELGAKRLSRV,
Deletion,34,62,out,yes," 182,689 ",ELGAKPRDSN,
Deletion,34,63,out,yes," 180,624 ",ELGAKLT,
Deletion,34,64,out,yes," 180,796 ",ELGAKWIS,
Deletion,34,65,out,yes," 181,626 ",ELGAKGTNRE,
Deletion,34,66,out,yes," 187,537 ",ELGAKTFSSK,
Deletion,34,68,out,yes," 181,166 ",ELGAKVQESK,
Deletion,34,70,out,yes," 182,984 ",ELGAKSRYSD,
Deletion,34,71,out,yes," 181,456 ",ELGAKACLVP,
Deletion,34,72,out,yes," 181,908 ",ELGAKASRNG,
Deletion,34,73,out,yes," 180,566 ",ELGAKR,
Deletion,34,74,out,yes," 181,053 ",ELGAKESASR,
Deletion,34,76,out,yes," 182,092 ",ELGAKVRKIF,
Deletion,34,77,out,yes," 181,336 ",ELGAKEEIPL,
Deletion,34,67,in,no," 227,688 ",ELGAKANNKP,
Deletion,34,69,in,no," 216,889 ",ELGAKTTSGE,
Deletion,34,75,in,no," 189,619 ",ELGAKPQAEA,
Deletion,34,78,in,no," 180,757 ",ELGAKDTM,
Deletion,35,35,in,no," 420,019 ",VAWGKEYQKH,
Deletion,35,36,in,no," 414,808 ",VAWGKRLKAE,
Deletion,35,37,in,no," 408,305 ",VAWGKASIPL,
Deletion,35,38,in,no," 403,578 ",VAWGKNEDNE,
Deletion,35,39,in,no," 398,095 ",VAWGKDLRSQ,
Deletion,35,40,in,no," 391,860 ",VAWGKEIDRE,
Deletion,35,41,in,no," 384,689 ",VAWGKHTVRE,
Deletion,35,42,in,no," 377,176 ",VAWGKNIKDS,
Deletion,35,44,in,no," 364,094 ",VAWGKELQDG,
Deletion,35,46,in,no," 351,593 ",VAWGKLLVEE,
Deletion,35,47,in,no," 345,961 ",VAWGKVSRAL,
Deletion,35,48,in,no," 338,742 ",VAWGKETEIA,
Deletion,35,49,in,no," 334,926 ",VAWGKRKLED,
Deletion,35,51,in,no," 322,157 ",VAWGKATMQD,
Deletion,35,53,in,no," 309,173 ",VAWGKQLAKD,
Deletion,35,55,in,no," 295,648 ",VAWGKDLQGE,
Deletion,35,57,in,no," 282,796 ",VAWGKAFKRE,
Deletion,35,59,in,no," 267,416 ",VAWGKALRGE,
Deletion,35,60,in,no," 261,890 ",VAWGKVAVED,
Deletion,35,67,in,no," 234,266 ",VAWGKANNKP,
Deletion,35,43,out,yes," 187,172 ",VAWGKAI,
Deletion,35,45,out,yes," 189,021 ",VAWGKARRTK,
Deletion,35,50,out,yes," 188,009 ",VAWGKLLLRL,
Deletion,35,52,out,yes," 189,404 ",VAWGKLKEFR,
Deletion,35,54,out,yes," 187,173 ",VAWGKGE,
Deletion,35,56,out,yes," 187,750 ",VAWGKVPFGS,
Deletion,35,58,out,yes," 190,295 ",VAWGKSCLLR,
Deletion,35,61,out,yes," 190,647 ",VAWGKRLSRV,
Deletion,35,62,out,yes," 189,267 ",VAWGKPRDSN,
Deletion,35,63,out,yes," 187,202 ",VAWGKLT,
Deletion,35,64,out,yes," 187,374 ",VAWGKWIS,
Deletion,35,65,out,yes," 188,204 ",VAWGKGTNRE,
Deletion,35,66,out,yes," 194,115 ",VAWGKTFSSK,
Deletion,35,68,out,yes," 187,743 ",VAWGKVQESK,
Deletion,35,70,out,yes," 189,561 ",VAWGKSRYSD,
Deletion,35,71,out,yes," 188,034 ",VAWGKACLVP,
Deletion,35,72,out,yes," 188,485 ",VAWGKASRNG,
Deletion,35,73,out,yes," 187,143 ",VAWGKR,
Deletion,35,74,out,yes," 187,631 ",VAWGKESASR,
Deletion,35,76,out,yes," 188,669 ",VAWGKVRKIF,
Deletion,35,77,out,yes," 187,913 ",VAWGKEEIPL,
Deletion,35,69,in,no," 223,467 ",VAWGKTTSGE,
Deletion,35,75,in,no," 196,196 ",VAWGKPQAEA,
Deletion,35,78,in,no," 187,335 ",VAWGKDTM,
Deletion,36,36,in,no," 421,578 ",LNLLLRLKAE,
Deletion,36,37,in,no," 415,075 ",LNLLLASIPL,
Deletion,36,38,in,no," 410,348 ",LNLLLNEDNE,
Deletion,36,39,in,no," 404,865 ",LNLLLDLRSQ,
Deletion,36,40,in,no," 398,630 ",LNLLLEIDRE,
Deletion,36,41,in,no," 391,459 ",LNLLLHTVRE,
Deletion,36,42,in,no," 383,946 ",LNLLLNIKDS,
Deletion,36,44,in,no," 370,863 ",LNLLLELQDG,
Deletion,36,46,in,no," 358,363 ",LNLLLLLVEE,
Deletion,36,47,in,no," 352,731 ",LNLLLVSRAL,
Deletion,36,48,in,no," 345,511 ",LNLLLETEIA,
Deletion,36,49,in,no," 341,696 ",LNLLLRKLED,
Deletion,36,51,in,no," 328,927 ",LNLLLATMQD,
Deletion,36,53,in,no," 315,943 ",LNLLLQLAKD,
Deletion,36,55,in,no," 302,418 ",LNLLLDLQGE,
Deletion,36,57,in,no," 289,566 ",LNLLLAFKRE,
Deletion,36,59,in,no," 274,186 ",LNLLLALRGE,
Deletion,36,60,in,no," 268,660 ",LNLLLVAVED,
Deletion,36,67,in,no," 241,036 ",LNLLLANNKP,
Deletion,36,69,in,no," 230,236 ",LNLLLTTSGE,
Deletion,36,43,out,yes," 193,941 ",LNLLLAI,
Deletion,36,45,out,yes," 195,791 ",LNLLLARRTK,
Deletion,36,50,out,yes," 194,779 ",LNLLLLLLRL,
Deletion,36,52,out,yes," 196,174 ",LNLLLLKEFR,
Deletion,36,54,out,yes," 193,943 ",LNLLLGE,
Deletion,36,56,out,yes," 194,520 ",LNLLLVPFGS,
Deletion,36,58,out,yes," 197,065 ",LNLLLSCLLR,
Deletion,36,61,out,yes," 197,417 ",LNLLLRLSRV,
Deletion,36,62,out,yes," 196,037 ",LNLLLPRDSN,
Deletion,36,63,out,yes," 193,971 ",LNLLLLT,
Deletion,36,64,out,yes," 194,144 ",LNLLLWIS,
Deletion,36,65,out,yes," 194,973 ",LNLLLGTNRE,
Deletion,36,66,out,yes," 200,885 ",LNLLLTFSSK,
Deletion,36,68,out,yes," 194,513 ",LNLLLVQESK,
Deletion,36,70,out,yes," 196,331 ",LNLLLSRYSD,
Deletion,36,71,out,yes," 194,803 ",LNLLLACLVP,
Deletion,36,72,out,yes," 195,255 ",LNLLLASRNG,
Deletion,36,73,out,yes," 193,913 ",LNLLLR,
Deletion,36,74,out,yes," 194,401 ",LNLLLESASR,
Deletion,36,76,out,yes," 195,439 ",LNLLLVRKIF,
Deletion,36,77,out,yes," 194,683 ",LNLLLEEIPL,
Deletion,36,75,in,no," 202,966 ",LNLLLPQAEA,
Deletion,36,78,in,no," 194,105 ",LNLLLDTM,
Deletion,37,37,in,no," 420,286 ",EDVLKASIPL,
Deletion,37,38,in,no," 415,559 ",EDVLKNEDNE,
Deletion,37,39,in,no," 410,076 ",EDVLKDLRSQ,
Deletion,37,40,in,no," 403,841 ",EDVLKEIDRE,
Deletion,37,41,in,no," 396,670 ",EDVLKHTVRE,
Deletion,37,42,in,no," 389,157 ",EDVLKNIKDS,
Deletion,37,44,in,no," 376,074 ",EDVLKELQDG,
Deletion,37,46,in,no," 363,574 ",EDVLKLLVEE,
Deletion,37,47,in,no," 357,942 ",EDVLKVSRAL,
Deletion,37,48,in,no," 350,722 ",EDVLKETEIA,
Deletion,37,49,in,no," 346,907 ",EDVLKRKLED,
Deletion,37,51,in,no," 334,138 ",EDVLKATMQD,
Deletion,37,53,in,no," 321,154 ",EDVLKQLAKD,
Deletion,37,55,in,no," 307,629 ",EDVLKDLQGE,
Deletion,37,57,in,no," 294,777 ",EDVLKAFKRE,
Deletion,37,59,in,no," 279,397 ",EDVLKALRGE,
Deletion,37,60,in,no," 273,871 ",EDVLKVAVED,
Deletion,37,67,in,no," 246,247 ",EDVLKANNKP,
Deletion,37,69,in,no," 235,447 ",EDVLKTTSGE,
Deletion,37,43,out,yes," 199,152 ",EDVLKAI,
Deletion,37,45,out,yes," 201,002 ",EDVLKARRTK,
Deletion,37,50,out,yes," 199,990 ",EDVLKLLLRL,
Deletion,37,52,out,yes," 201,385 ",EDVLKLKEFR,
Deletion,37,54,out,yes," 199,154 ",EDVLKGE,
Deletion,37,56,out,yes," 199,731 ",EDVLKVPFGS,
Deletion,37,58,out,yes," 202,276 ",EDVLKSCLLR,
Deletion,37,61,out,yes," 202,628 ",EDVLKRLSRV,
Deletion,37,62,out,yes," 201,248 ",EDVLKPRDSN,
Deletion,37,63,out,yes," 199,182 ",EDVLKLT,
Deletion,37,64,out,yes," 199,355 ",EDVLKWIS,
Deletion,37,65,out,yes," 200,184 ",EDVLKGTNRE,
Deletion,37,66,out,yes," 206,096 ",EDVLKTFSSK,
Deletion,37,68,out,yes," 199,724 ",EDVLKVQESK,
Deletion,37,70,out,yes," 201,542 ",EDVLKSRYSD,
Deletion,37,71,out,yes," 200,014 ",EDVLKACLVP,
Deletion,37,72,out,yes," 200,466 ",EDVLKASRNG,
Deletion,37,73,out,yes," 199,124 ",EDVLKR,
Deletion,37,74,out,yes," 199,612 ",EDVLKESASR,
Deletion,37,76,out,yes," 200,650 ",EDVLKVRKIF,
Deletion,37,77,out,yes," 199,894 ",EDVLKEEIPL,
Deletion,37,75,in,no," 208,177 ",EDVLKPQAEA,
Deletion,37,78,in,no," 199,316 ",EDVLKDTM,
Deletion,38,38,in,no," 422,062 ",IKTGKNEDNE,
Deletion,38,39,in,no," 416,579 ",IKTGKDLRSQ,
Deletion,38,40,in,no," 410,343 ",IKTGKEIDRE,
Deletion,38,41,in,no," 403,173 ",IKTGKHTVRE,
Deletion,38,42,in,no," 395,660 ",IKTGKNIKDS,
Deletion,38,44,in,no," 382,577 ",IKTGKELQDG,
Deletion,38,46,in,no," 370,076 ",IKTGKLLVEE,
Deletion,38,47,in,no," 364,445 ",IKTGKVSRAL,
Deletion,38,48,in,no," 357,225 ",IKTGKETEIA,
Deletion,38,49,in,no," 353,410 ",IKTGKRKLED,
Deletion,38,51,in,no," 340,641 ",IKTGKATMQD,
Deletion,38,53,in,no," 327,657 ",IKTGKQLAKD,
Deletion,38,55,in,no," 314,132 ",IKTGKDLQGE,
Deletion,38,57,in,no," 301,279 ",IKTGKAFKRE,
Deletion,38,59,in,no," 285,900 ",IKTGKALRGE,
Deletion,38,60,in,no," 280,373 ",IKTGKVAVED,
Deletion,38,67,in,no," 252,749 ",IKTGKANNKP,
Deletion,38,69,in,no," 241,950 ",IKTGKTTSGE,
Deletion,38,75,in,no," 214,680 ",IKTGKPQAEA,
Deletion,38,43,out,yes," 205,655 ",IKTGKAI,
Deletion,38,45,out,yes," 207,504 ",IKTGKARRTK,
Deletion,38,50,out,yes," 206,492 ",IKTGKLLLRL,
Deletion,38,52,out,yes," 207,888 ",IKTGKLKEFR,
Deletion,38,54,out,yes," 205,657 ",IKTGKGE,
Deletion,38,56,out,yes," 206,234 ",IKTGKVPFGS,
Deletion,38,58,out,yes," 208,779 ",IKTGKSCLLR,
Deletion,38,61,out,yes," 209,130 ",IKTGKRLSRV,
Deletion,38,62,out,yes," 207,750 ",IKTGKPRDSN,
Deletion,38,63,out,yes," 205,685 ",IKTGKLT,
Deletion,38,64,out,yes," 205,857 ",IKTGKWIS,
Deletion,38,65,out,yes," 206,687 ",IKTGKGTNRE,
Deletion,38,66,out,yes," 212,599 ",IKTGKTFSSK,
Deletion,38,68,out,yes," 206,227 ",IKTGKVQESK,
Deletion,38,70,out,yes," 208,045 ",IKTGKSRYSD,
Deletion,38,71,out,yes," 206,517 ",IKTGKACLVP,
Deletion,38,72,out,yes," 206,969 ",IKTGKASRNG,
Deletion,38,73,out,yes," 205,627 ",IKTGKR,
Deletion,38,74,out,yes," 206,115 ",IKTGKESASR,
Deletion,38,76,out,yes," 207,153 ",IKTGKVRKIF,
Deletion,38,77,out,yes," 206,397 ",IKTGKEEIPL,
Deletion,38,78,in,no," 205,818 ",IKTGKDTM,
Deletion,39,39,in,no," 421,307 ",FNKDMDLRSQ,
Deletion,39,40,in,no," 415,071 ",FNKDMEIDRE,
Deletion,39,41,in,no," 407,901 ",FNKDMHTVRE,
Deletion,39,42,in,no," 400,387 ",FNKDMNIKDS,
Deletion,39,44,in,no," 387,305 ",FNKDMELQDG,
Deletion,39,46,in,no," 374,804 ",FNKDMLLVEE,
Deletion,39,47,in,no," 369,172 ",FNKDMVSRAL,
Deletion,39,48,in,no," 361,953 ",FNKDMETEIA,
Deletion,39,49,in,no," 358,137 ",FNKDMRKLED,
Deletion,39,51,in,no," 345,369 ",FNKDMATMQD,
Deletion,39,53,in,no," 332,385 ",FNKDMQLAKD,
Deletion,39,55,in,no," 318,859 ",FNKDMDLQGE,
Deletion,39,57,in,no," 306,007 ",FNKDMAFKRE,
Deletion,39,59,in,no," 290,627 ",FNKDMALRGE,
Deletion,39,60,in,no," 285,101 ",FNKDMVAVED,
Deletion,39,67,in,no," 257,477 ",FNKDMANNKP,
Deletion,39,69,in,no," 246,678 ",FNKDMTTSGE,
Deletion,39,75,in,no," 219,407 ",FNKDMPQAEA,
Deletion,39,78,in,no," 210,546 ",FNKDMDTM,
Deletion,39,43,out,yes," 210,383 ",FNKDMAI,
Deletion,39,45,out,yes," 212,232 ",FNKDMARRTK,
Deletion,39,50,out,yes," 211,220 ",FNKDMLLLRL,
Deletion,39,52,out,yes," 212,615 ",FNKDMLKEFR,
Deletion,39,54,out,yes," 210,385 ",FNKDMGE,
Deletion,39,56,out,yes," 210,961 ",FNKDMVPFGS,
Deletion,39,58,out,yes," 213,507 ",FNKDMSCLLR,
Deletion,39,61,out,yes," 213,858 ",FNKDMRLSRV,
Deletion,39,62,out,yes," 212,478 ",FNKDMPRDSN,
Deletion,39,63,out,yes," 210,413 ",FNKDMLT,
Deletion,39,64,out,yes," 210,585 ",FNKDMWIS,
Deletion,39,65,out,yes," 211,415 ",FNKDMGTNRE,
Deletion,39,66,out,yes," 217,326 ",FNKDMTFSSK,
Deletion,39,68,out,yes," 210,954 ",FNKDMVQESK,
Deletion,39,70,out,yes," 212,773 ",FNKDMSRYSD,
Deletion,39,71,out,yes," 211,245 ",FNKDMACLVP,
Deletion,39,72,out,yes," 211,696 ",FNKDMASRNG,
Deletion,39,73,out,yes," 210,355 ",FNKDMR,
Deletion,39,74,out,yes," 210,842 ",FNKDMESASR,
Deletion,39,76,out,yes," 211,881 ",FNKDMVRKIF,
Deletion,39,77,out,yes," 211,124 ",FNKDMEEIPL,
Deletion,40,40,in,no," 420,553 ",HNALKEIDRE,
Deletion,40,41,in,no," 413,383 ",HNALKHTVRE,
Deletion,40,42,in,no," 405,870 ",HNALKNIKDS,
Deletion,40,44,in,no," 392,787 ",HNALKELQDG,
Deletion,40,46,in,no," 380,286 ",HNALKLLVEE,
Deletion,40,47,in,no," 374,655 ",HNALKVSRAL,
Deletion,40,48,in,no," 367,435 ",HNALKETEIA,
Deletion,40,49,in,no," 363,620 ",HNALKRKLED,
Deletion,40,51,in,no," 350,851 ",HNALKATMQD,
Deletion,40,53,in,no," 337,867 ",HNALKQLAKD,
Deletion,40,55,in,no," 324,342 ",HNALKDLQGE,
Deletion,40,57,in,no," 311,489 ",HNALKAFKRE,
Deletion,40,59,in,no," 296,110 ",HNALKALRGE,
Deletion,40,60,in,no," 290,583 ",HNALKVAVED,
Deletion,40,67,in,no," 262,959 ",HNALKANNKP,
Deletion,40,69,in,no," 252,160 ",HNALKTTSGE,
Deletion,40,75,in,no," 224,890 ",HNALKPQAEA,
Deletion,40,78,in,no," 216,028 ",HNALKDTM,
Deletion,40,43,out,yes," 215,865 ",HNALKAI,
Deletion,40,45,out,yes," 217,714 ",HNALKARRTK,
Deletion,40,50,out,yes," 216,702 ",HNALKLLLRL,
Deletion,40,52,out,yes," 218,098 ",HNALKLKEFR,
Deletion,40,54,out,yes," 215,867 ",HNALKGE,
Deletion,40,56,out,yes," 216,444 ",HNALKVPFGS,
Deletion,40,58,out,yes," 218,989 ",HNALKSCLLR,
Deletion,40,61,out,yes," 219,340 ",HNALKRLSRV,
Deletion,40,62,out,yes," 217,960 ",HNALKPRDSN,
Deletion,40,63,out,yes," 215,895 ",HNALKLT,
Deletion,40,64,out,yes," 216,067 ",HNALKWIS,
Deletion,40,65,out,yes," 216,897 ",HNALKGTNRE,
Deletion,40,66,out,yes," 222,809 ",HNALKTFSSK,
Deletion,40,68,out,yes," 216,437 ",HNALKVQESK,
Deletion,40,70,out,yes," 218,255 ",HNALKSRYSD,
Deletion,40,71,out,yes," 216,727 ",HNALKACLVP,
Deletion,40,72,out,yes," 217,179 ",HNALKASRNG,
Deletion,40,73,out,yes," 215,837 ",HNALKR,
Deletion,40,74,out,yes," 216,325 ",HNALKESASR,
Deletion,40,76,out,yes," 217,363 ",HNALKVRKIF,
Deletion,40,77,out,yes," 216,607 ",HNALKEEIPL,
Deletion,41,41,in,no," 419,619 ",ERKIKHTVRE,
Deletion,41,42,in,no," 412,105 ",ERKIKNIKDS,
Deletion,41,44,in,no," 399,023 ",ERKIKELQDG,
Deletion,41,46,in,no," 386,522 ",ERKIKLLVEE,
Deletion,41,47,in,no," 380,890 ",ERKIKVSRAL,
Deletion,41,48,in,no," 373,671 ",ERKIKETEIA,
Deletion,41,49,in,no," 369,855 ",ERKIKRKLED,
Deletion,41,51,in,no," 357,087 ",ERKIKATMQD,
Deletion,41,53,in,no," 344,103 ",ERKIKQLAKD,
Deletion,41,55,in,no," 330,577 ",ERKIKDLQGE,
Deletion,41,57,in,no," 317,725 ",ERKIKAFKRE,
Deletion,41,59,in,no," 302,346 ",ERKIKALRGE,
Deletion,41,60,in,no," 296,819 ",ERKIKVAVED,
Deletion,41,67,in,no," 269,195 ",ERKIKANNKP,
Deletion,41,69,in,no," 258,396 ",ERKIKTTSGE,
Deletion,41,75,in,no," 231,125 ",ERKIKPQAEA,
Deletion,41,78,in,no," 222,264 ",ERKIKDTM,
Deletion,41,43,out,yes," 222,101 ",ERKIKAI,
Deletion,41,45,out,yes," 223,950 ",ERKIKARRTK,
Deletion,41,50,out,yes," 222,938 ",ERKIKLLLRL,
Deletion,41,52,out,yes," 224,333 ",ERKIKLKEFR,
Deletion,41,54,out,yes," 222,103 ",ERKIKGE,
Deletion,41,56,out,yes," 222,679 ",ERKIKVPFGS,
Deletion,41,58,out,yes," 225,225 ",ERKIKSCLLR,
Deletion,41,61,out,yes," 225,576 ",ERKIKRLSRV,
Deletion,41,62,out,yes," 224,196 ",ERKIKPRDSN,
Deletion,41,63,out,yes," 222,131 ",ERKIKLT,
Deletion,41,64,out,yes," 222,303 ",ERKIKWIS,
Deletion,41,65,out,yes," 223,133 ",ERKIKGTNRE,
Deletion,41,66,out,yes," 229,044 ",ERKIKTFSSK,
Deletion,41,68,out,yes," 222,672 ",ERKIKVQESK,
Deletion,41,70,out,yes," 224,491 ",ERKIKSRYSD,
Deletion,41,71,out,yes," 222,963 ",ERKIKACLVP,
Deletion,41,72,out,yes," 223,414 ",ERKIKASRNG,
Deletion,41,73,out,yes," 222,073 ",ERKIKR,
Deletion,41,74,out,yes," 222,560 ",ERKIKESASR,
Deletion,41,76,out,yes," 223,599 ",ERKIKVRKIF,
Deletion,41,77,out,yes," 222,843 ",ERKIKEEIPL,
Deletion,42,42,in,no," 419,276 ",NFAQINIKDS,
Deletion,42,44,in,no," 406,193 ",NFAQIELQDG,
Deletion,42,46,in,no," 393,692 ",NFAQILLVEE,
Deletion,42,47,in,no," 388,061 ",NFAQIVSRAL,
Deletion,42,48,in,no," 380,841 ",NFAQIETEIA,
Deletion,42,49,in,no," 377,026 ",NFAQIRKLED,
Deletion,42,51,in,no," 364,257 ",NFAQIATMQD,
Deletion,42,53,in,no," 351,273 ",NFAQIQLAKD,
Deletion,42,55,in,no," 337,748 ",NFAQIDLQGE,
Deletion,42,57,in,no," 324,895 ",NFAQIAFKRE,
Deletion,42,59,in,no," 309,516 ",NFAQIALRGE,
Deletion,42,60,in,no," 303,989 ",NFAQIVAVED,
Deletion,42,67,in,no," 276,365 ",NFAQIANNKP,
Deletion,42,69,in,no," 265,566 ",NFAQITTSGE,
Deletion,42,75,in,no," 238,296 ",NFAQIPQAEA,
Deletion,42,78,in,no," 229,434 ",NFAQIDTM,
Deletion,42,43,out,yes," 229,271 ",NFAQIAI,
Deletion,42,45,out,yes," 231,120 ",NFAQIARRTK,
Deletion,42,50,out,yes," 230,108 ",NFAQILLLRL,
Deletion,42,52,out,yes," 231,504 ",NFAQILKEFR,
Deletion,42,54,out,yes," 229,273 ",NFAQIGE,
Deletion,42,56,out,yes," 229,850 ",NFAQIVPFGS,
Deletion,42,58,out,yes," 232,395 ",NFAQISCLLR,
Deletion,42,61,out,yes," 232,746 ",NFAQIRLSRV,
Deletion,42,62,out,yes," 231,366 ",NFAQIPRDSN,
Deletion,42,63,out,yes," 229,301 ",NFAQILT,
Deletion,42,64,out,yes," 229,473 ",NFAQIWIS,
Deletion,42,65,out,yes," 230,303 ",NFAQIGTNRE,
Deletion,42,66,out,yes," 236,215 ",NFAQITFSSK,
Deletion,42,68,out,yes," 229,843 ",NFAQIVQESK,
Deletion,42,70,out,yes," 231,661 ",NFAQISRYSD,
Deletion,42,71,out,yes," 230,133 ",NFAQIACLVP,
Deletion,42,72,out,yes," 230,585 ",NFAQIASRNG,
Deletion,42,73,out,yes," 229,243 ",NFAQIR,
Deletion,42,74,out,yes," 229,731 ",NFAQIESASR,
Deletion,42,76,out,yes," 230,769 ",NFAQIVRKIF,
Deletion,42,77,out,yes," 230,013 ",NFAQIEEIPL,
Deletion,43,44,in,no," 413,707 ",EESLKELQDG,
Deletion,43,46,in,no," 401,206 ",EESLKLLVEE,
Deletion,43,47,in,no," 395,574 ",EESLKVSRAL,
Deletion,43,48,in,no," 388,355 ",EESLKETEIA,
Deletion,43,49,in,no," 384,539 ",EESLKRKLED,
Deletion,43,51,in,no," 371,770 ",EESLKATMQD,
Deletion,43,53,in,no," 358,786 ",EESLKQLAKD,
Deletion,43,55,in,no," 345,261 ",EESLKDLQGE,
Deletion,43,57,in,no," 332,409 ",EESLKAFKRE,
Deletion,43,59,in,no," 317,029 ",EESLKALRGE,
Deletion,43,60,in,no," 311,503 ",EESLKVAVED,
Deletion,43,67,in,no," 283,879 ",EESLKANNKP,
Deletion,43,69,in,no," 273,080 ",EESLKTTSGE,
Deletion,43,75,in,no," 245,809 ",EESLKPQAEA,
Deletion,43,78,in,no," 236,948 ",EESLKDTM,
Deletion,43,43,out,yes," 236,785 ",EESLKAI,
Deletion,43,45,out,yes," 238,634 ",EESLKARRTK,
Deletion,43,50,out,yes," 237,622 ",EESLKLLLRL,
Deletion,43,52,out,yes," 239,017 ",EESLKLKEFR,
Deletion,43,54,out,yes," 236,786 ",EESLKGE,
Deletion,43,56,out,yes," 237,363 ",EESLKVPFGS,
Deletion,43,58,out,yes," 239,908 ",EESLKSCLLR,
Deletion,43,61,out,yes," 240,260 ",EESLKRLSRV,
Deletion,43,62,out,yes," 238,880 ",EESLKPRDSN,
Deletion,43,63,out,yes," 236,815 ",EESLKLT,
Deletion,43,64,out,yes," 236,987 ",EESLKWIS,
Deletion,43,65,out,yes," 237,817 ",EESLKGTNRE,
Deletion,43,66,out,yes," 243,728 ",EESLKTFSSK,
Deletion,43,68,out,yes," 237,356 ",EESLKVQESK,
Deletion,43,70,out,yes," 239,174 ",EESLKSRYSD,
Deletion,43,71,out,yes," 237,647 ",EESLKACLVP,
Deletion,43,72,out,yes," 238,098 ",EESLKASRNG,
Deletion,43,73,out,yes," 236,757 ",EESLKR,
Deletion,43,74,out,yes," 237,244 ",EESLKESASR,
Deletion,43,76,out,yes," 238,282 ",EESLKVRKIF,
Deletion,43,77,out,yes," 237,526 ",EESLKEEIPL,
Deletion,44,45,in,no," 413,638 ",YKDRQGLEEQ,
Deletion,44,54,in,no," 359,295 ",YKDRQGVSER,
Deletion,44,56,in,no," 345,065 ",YKDRQGSHLE,
Deletion,44,62,in,no," 312,757 ",YKDRQGHETQ,
Deletion,44,65,in,no," 299,607 ",YKDRQGGRTG,
Deletion,44,68,in,no," 284,147 ",YKDRQGYRSL,
Deletion,44,70,in,no," 274,362 ",YKDRQGPVTL,
Deletion,44,71,in,no," 272,921 ",YKDRQGPASS,
Deletion,44,72,in,no," 270,447 ",YKDRQGLAEM,
Deletion,44,73,in,no," 268,081 ",YKDRQGDDEH,
Deletion,44,74,in,no," 261,940 ",YKDRQGNLQA,
Deletion,44,44,out,yes," 244,822 ",YKDRQGNSRM,
Deletion,44,46,out,yes," 245,113 ",YKDRQGYWWK,
Deletion,44,47,out,yes," 245,142 ",YKDRQGFPEL,
Deletion,44,48,out,yes," 243,610 ",YKDRQGKLK,
Deletion,44,49,out,yes," 243,385 ",YKDRQGGS,
Deletion,44,50,out,yes," 244,744 ",YKDRQGSYSD,
Deletion,44,51,out,yes," 245,843 ",YKDRQGQQCR,
Deletion,44,52,out,yes," 243,240 ",YKDRQG,
Deletion,44,53,out,yes," 244,558 ",YKDRQGSWPK,
Deletion,44,55,out,yes," 245,923 ",YKDRQGTSKV,
Deletion,44,57,out,yes," 243,752 ",YKDRQGPSRG,
Deletion,44,58,out,yes," 243,470 ",YKDRQGAAS,
Deletion,44,59,out,yes," 244,294 ",YKDRQGHFEE,
Deletion,44,60,out,yes," 249,777 ",YKDRQGWPSR,
Deletion,44,61,out,yes," 247,604 ",YKDRQGVCPG,
Deletion,44,63,out,yes," 243,240 ",YKDRQG,
Deletion,44,64,out,yes," 244,144 ",YKDRQGGSLE,
Deletion,44,66,out,yes," 244,600 ",YKDRQGPFQA,
Deletion,44,67,out,yes," 244,594 ",YKDRQGLIIS,
Deletion,44,69,out,yes," 244,914 ",YKDRQGLHQE,
Deletion,44,75,out,yes," 244,003 ",YKDRQGPRQR,
Deletion,44,76,out,yes," 243,240 ",YKDRQG,
Deletion,44,77,out,no," 244,949 ",YKDRQGKKYP,
Deletion,44,78,out,no," 243,573 ",YKDRQGTQC,
Deletion,45,46,in,no," 414,288 ",KWYLKLLVEE,
Deletion,45,47,in,no," 408,657 ",KWYLKVSRAL,
Deletion,45,48,in,no," 401,437 ",KWYLKETEIA,
Deletion,45,49,in,no," 397,622 ",KWYLKRKLED,
Deletion,45,51,in,no," 384,853 ",KWYLKATMQD,
Deletion,45,53,in,no," 371,869 ",KWYLKQLAKD,
Deletion,45,55,in,no," 358,343 ",KWYLKDLQGE,
Deletion,45,57,in,no," 345,491 ",KWYLKAFKRE,
Deletion,45,59,in,no," 330,112 ",KWYLKALRGE,
Deletion,45,60,in,no," 324,585 ",KWYLKVAVED,
Deletion,45,67,in,no," 296,961 ",KWYLKANNKP,
Deletion,45,69,in,no," 286,162 ",KWYLKTTSGE,
Deletion,45,75,in,no," 258,892 ",KWYLKPQAEA,
Deletion,45,78,in,no," 250,030 ",KWYLKDTM,
Deletion,45,45,out,yes," 251,716 ",KWYLKARRTK,
Deletion,45,50,out,yes," 250,704 ",KWYLKLLLRL,
Deletion,45,52,out,yes," 252,100 ",KWYLKLKEFR,
Deletion,45,54,out,yes," 249,869 ",KWYLKGE,
Deletion,45,56,out,yes," 250,446 ",KWYLKVPFGS,
Deletion,45,58,out,yes," 252,991 ",KWYLKSCLLR,
Deletion,45,61,out,yes," 253,342 ",KWYLKRLSRV,
Deletion,45,62,out,yes," 251,962 ",KWYLKPRDSN,
Deletion,45,63,out,yes," 249,897 ",KWYLKLT,
Deletion,45,64,out,yes," 250,069 ",KWYLKWIS,
Deletion,45,65,out,yes," 250,899 ",KWYLKGTNRE,
Deletion,45,66,out,yes," 256,810 ",KWYLKTFSSK,
Deletion,45,68,out,yes," 250,439 ",KWYLKVQESK,
Deletion,45,70,out,yes," 252,257 ",KWYLKSRYSD,
Deletion,45,71,out,yes," 250,729 ",KWYLKACLVP,
Deletion,45,72,out,yes," 251,181 ",KWYLKASRNG,
Deletion,45,73,out,yes," 249,839 ",KWYLKR,
Deletion,45,74,out,yes," 250,326 ",KWYLKESASR,
Deletion,45,76,out,yes," 251,365 ",KWYLKVRKIF,
Deletion,45,77,out,yes," 250,609 ",KWYLKEEIPL,
Deletion,46,54,in,no," 372,446 ",SDRKKRVSER,
Deletion,46,56,in,no," 358,216 ",SDRKKRSHLE,
Deletion,46,62,in,no," 325,838 ",SDRKKSHETQ,
Deletion,46,65,in,no," 312,758 ",SDRKKRGRTG,
Deletion,46,68,in,no," 297,298 ",SDRKKRYRSL,
Deletion,46,70,in,no," 287,443 ",SDRKKSPVTL,
Deletion,46,71,in,no," 286,072 ",SDRKKRPASS,
Deletion,46,72,in,no," 283,598 ",SDRKKRLAEM,
Deletion,46,73,in,no," 281,231 ",SDRKKRDDEH,
Deletion,46,74,in,no," 275,090 ",SDRKKRNLQA,
Deletion,46,46,out,yes," 258,195 ",SDRKKSYWWK,
Deletion,46,47,out,yes," 258,292 ",SDRKKRFPEL,
Deletion,46,48,out,yes," 256,760 ",SDRKKRKLK,
Deletion,46,49,out,yes," 256,535 ",SDRKKRGS,
Deletion,46,50,out,yes," 257,825 ",SDRKKSSYSD,
Deletion,46,51,out,yes," 258,994 ",SDRKKRQQCR,
Deletion,46,52,out,yes," 256,322 ",SDRKKS,
Deletion,46,53,out,yes," 257,639 ",SDRKKSSWPK,
Deletion,46,55,out,yes," 259,073 ",SDRKKRTSKV,
Deletion,46,57,out,yes," 256,902 ",SDRKKRPSRG,
Deletion,46,58,out,yes," 256,620 ",SDRKKRAAS,
Deletion,46,59,out,yes," 257,444 ",SDRKKRHFEE,
Deletion,46,60,out,yes," 262,928 ",SDRKKRWPSR,
Deletion,46,61,out,yes," 260,685 ",SDRKKSVCPG,
Deletion,46,63,out,yes," 256,322 ",SDRKKS,
Deletion,46,64,out,yes," 257,226 ",SDRKKSGSLE,
Deletion,46,66,out,yes," 257,751 ",SDRKKRPFQA,
Deletion,46,67,out,yes," 257,745 ",SDRKKRLIIS,
Deletion,46,69,out,yes," 258,065 ",SDRKKRLHQE,
Deletion,46,75,out,yes," 257,085 ",SDRKKSPRQR,
Deletion,46,76,out,yes," 256,391 ",SDRKKR,
Deletion,46,77,out,no," 258,100 ",SDRKKRKKYP,
Deletion,46,78,out,no," 256,723 ",SDRKKRTQC,
Deletion,47,47,in,no," 421,157 ",LEQVKVSRAL,
Deletion,47,48,in,no," 413,938 ",LEQVKETEIA,
Deletion,47,49,in,no," 410,122 ",LEQVKRKLED,
Deletion,47,51,in,no," 397,354 ",LEQVKATMQD,
Deletion,47,53,in,no," 384,370 ",LEQVKQLAKD,
Deletion,47,55,in,no," 370,844 ",LEQVKDLQGE,
Deletion,47,57,in,no," 357,992 ",LEQVKAFKRE,
Deletion,47,59,in,no," 342,613 ",LEQVKALRGE,
Deletion,47,60,in,no," 337,086 ",LEQVKVAVED,
Deletion,47,67,in,no," 309,462 ",LEQVKANNKP,
Deletion,47,69,in,no," 298,663 ",LEQVKTTSGE,
Deletion,47,75,in,no," 271,392 ",LEQVKPQAEA,
Deletion,47,78,in,no," 262,531 ",LEQVKDTM,
Deletion,47,50,out,yes," 263,205 ",LEQVKLLLRL,
Deletion,47,52,out,yes," 264,600 ",LEQVKLKEFR,
Deletion,47,54,out,yes," 262,370 ",LEQVKGE,
Deletion,47,56,out,yes," 262,946 ",LEQVKVPFGS,
Deletion,47,58,out,yes," 265,492 ",LEQVKSCLLR,
Deletion,47,61,out,yes," 265,843 ",LEQVKRLSRV,
Deletion,47,62,out,yes," 264,463 ",LEQVKPRDSN,
Deletion,47,63,out,yes," 262,398 ",LEQVKLT,
Deletion,47,64,out,yes," 262,570 ",LEQVKWIS,
Deletion,47,65,out,yes," 263,400 ",LEQVKGTNRE,
Deletion,47,66,out,yes," 269,311 ",LEQVKTFSSK,
Deletion,47,68,out,yes," 262,939 ",LEQVKVQESK,
Deletion,47,70,out,yes," 264,758 ",LEQVKSRYSD,
Deletion,47,71,out,yes," 263,230 ",LEQVKACLVP,
Deletion,47,72,out,yes," 263,681 ",LEQVKASRNG,
Deletion,47,73,out,yes," 262,340 ",LEQVKR,
Deletion,47,74,out,yes," 262,827 ",LEQVKESASR,
Deletion,47,76,out,yes," 263,866 ",LEQVKVRKIF,
Deletion,47,77,out,yes," 263,110 ",LEQVKEEIPL,
Deletion,48,48,in,no," 419,569 ",LQWIKETEIA,
Deletion,48,49,in,no," 415,754 ",LQWIKRKLED,
Deletion,48,51,in,no," 402,985 ",LQWIKATMQD,
Deletion,48,53,in,no," 390,001 ",LQWIKQLAKD,
Deletion,48,55,in,no," 376,476 ",LQWIKDLQGE,
Deletion,48,57,in,no," 363,624 ",LQWIKAFKRE,
Deletion,48,59,in,no," 348,244 ",LQWIKALRGE,
Deletion,48,60,in,no," 342,718 ",LQWIKVAVED,
Deletion,48,67,in,no," 315,094 ",LQWIKANNKP,
Deletion,48,69,in,no," 304,295 ",LQWIKTTSGE,
Deletion,48,75,in,no," 277,024 ",LQWIKPQAEA,
Deletion,48,78,in,no," 268,163 ",LQWIKDTM,
Deletion,48,50,out,yes," 268,837 ",LQWIKLLLRL,
Deletion,48,52,out,yes," 270,232 ",LQWIKLKEFR,
Deletion,48,54,out,yes," 268,001 ",LQWIKGE,
Deletion,48,56,out,yes," 268,578 ",LQWIKVPFGS,
Deletion,48,58,out,yes," 271,123 ",LQWIKSCLLR,
Deletion,48,61,out,yes," 271,475 ",LQWIKRLSRV,
Deletion,48,62,out,yes," 270,095 ",LQWIKPRDSN,
Deletion,48,63,out,yes," 268,030 ",LQWIKLT,
Deletion,48,64,out,yes," 268,202 ",LQWIKWIS,
Deletion,48,65,out,yes," 269,031 ",LQWIKGTNRE,
Deletion,48,66,out,yes," 274,943 ",LQWIKTFSSK,
Deletion,48,68,out,yes," 268,571 ",LQWIKVQESK,
Deletion,48,70,out,yes," 270,389 ",LQWIKSRYSD,
Deletion,48,71,out,yes," 268,862 ",LQWIKACLVP,
Deletion,48,72,out,yes," 269,313 ",LQWIKASRNG,
Deletion,48,73,out,yes," 267,971 ",LQWIKR,
Deletion,48,74,out,yes," 268,459 ",LQWIKESASR,
Deletion,48,76,out,yes," 269,497 ",LQWIKVRKIF,
Deletion,48,77,out,yes," 268,741 ",LQWIKEEIPL,
Deletion,49,49,in,no," 422,974 ",PFDVKRKLED,
Deletion,49,51,in,no," 410,205 ",PFDVKATMQD,
Deletion,49,53,in,no," 397,221 ",PFDVKQLAKD,
Deletion,49,55,in,no," 383,695 ",PFDVKDLQGE,
Deletion,49,57,in,no," 370,843 ",PFDVKAFKRE,
Deletion,49,59,in,no," 355,464 ",PFDVKALRGE,
Deletion,49,60,in,no," 349,937 ",PFDVKVAVED,
Deletion,49,67,in,no," 322,313 ",PFDVKANNKP,
Deletion,49,69,in,no," 311,514 ",PFDVKTTSGE,
Deletion,49,75,in,no," 284,244 ",PFDVKPQAEA,
Deletion,49,78,in,no," 275,382 ",PFDVKDTM,
Deletion,49,50,out,yes," 276,056 ",PFDVKLLLRL,
Deletion,49,52,out,yes," 277,452 ",PFDVKLKEFR,
Deletion,49,54,out,yes," 275,221 ",PFDVKGE,
Deletion,49,56,out,yes," 275,798 ",PFDVKVPFGS,
Deletion,49,58,out,yes," 278,343 ",PFDVKSCLLR,
Deletion,49,61,out,yes," 278,694 ",PFDVKRLSRV,
Deletion,49,62,out,yes," 277,314 ",PFDVKPRDSN,
Deletion,49,63,out,yes," 275,249 ",PFDVKLT,
Deletion,49,64,out,yes," 275,421 ",PFDVKWIS,
Deletion,49,65,out,yes," 276,251 ",PFDVKGTNRE,
Deletion,49,66,out,yes," 282,162 ",PFDVKTFSSK,
Deletion,49,68,out,yes," 275,791 ",PFDVKVQESK,
Deletion,49,70,out,yes," 277,609 ",PFDVKSRYSD,
Deletion,49,71,out,yes," 276,081 ",PFDVKACLVP,
Deletion,49,72,out,yes," 276,533 ",PFDVKASRNG,
Deletion,49,73,out,yes," 275,191 ",PFDVKR,
Deletion,49,74,out,yes," 275,679 ",PFDVKESASR,
Deletion,49,76,out,yes," 276,717 ",PFDVKVRKIF,
Deletion,49,77,out,yes," 275,961 ",PFDVKEEIPL,
Deletion,50,51,in,no," 414,020 ",TQPVKATMQD,
Deletion,50,53,in,no," 401,036 ",TQPVKQLAKD,
Deletion,50,55,in,no," 387,511 ",TQPVKDLQGE,
Deletion,50,57,in,no," 374,659 ",TQPVKAFKRE,
Deletion,50,59,in,no," 359,279 ",TQPVKALRGE,
Deletion,50,60,in,no," 353,753 ",TQPVKVAVED,
Deletion,50,67,in,no," 326,129 ",TQPVKANNKP,
Deletion,50,69,in,no," 315,329 ",TQPVKTTSGE,
Deletion,50,75,in,no," 288,059 ",TQPVKPQAEA,
Deletion,50,78,in,no," 279,198 ",TQPVKDTM,
Deletion,50,50,out,yes," 279,872 ",TQPVKLLLRL,
Deletion,50,52,out,yes," 281,267 ",TQPVKLKEFR,
Deletion,50,54,out,yes," 279,036 ",TQPVKGE,
Deletion,50,56,out,yes," 279,613 ",TQPVKVPFGS,
Deletion,50,58,out,yes," 282,158 ",TQPVKSCLLR,
Deletion,50,61,out,yes," 282,510 ",TQPVKRLSRV,
Deletion,50,62,out,yes," 281,130 ",TQPVKPRDSN,
Deletion,50,63,out,yes," 279,064 ",TQPVKLT,
Deletion,50,64,out,yes," 279,237 ",TQPVKWIS,
Deletion,50,65,out,yes," 280,066 ",TQPVKGTNRE,
Deletion,50,66,out,yes," 285,978 ",TQPVKTFSSK,
Deletion,50,68,out,yes," 279,606 ",TQPVKVQESK,
Deletion,50,70,out,yes," 281,424 ",TQPVKSRYSD,
Deletion,50,71,out,yes," 279,896 ",TQPVKACLVP,
Deletion,50,72,out,yes," 280,348 ",TQPVKASRNG,
Deletion,50,73,out,yes," 279,006 ",TQPVKR,
Deletion,50,74,out,yes," 279,494 ",TQPVKESASR,
Deletion,50,76,out,yes," 280,532 ",TQPVKVRKIF,
Deletion,50,77,out,yes," 279,776 ",TQPVKEEIPL,
Deletion,51,52,in,no," 413,547 ",TTIGAFERIQ,
Deletion,51,61,in,no," 354,755 ",TTIGASSVQG,
Deletion,51,63,in,no," 349,953 ",TTIGASDLNN,
Deletion,51,64,in,no," 347,015 ",TTIGALDLLS,
Deletion,51,66,in,no," 336,017 ",TTIGAYLFKQ,
Deletion,51,76,in,no," 287,858 ",TTIGACEEDL,
Deletion,51,58,in,yes," 282,851 ",TTIGA,
Deletion,51,77,in,yes," 282,851 ",TTIGA,
Deletion,51,51,out,yes," 286,403 ",TTIGACNNAG,
Deletion,51,53,out,yes," 284,631 ",TTIGASVGQR,
Deletion,51,54,out,yes," 283,037 ",TTIGAW,
Deletion,51,55,out,yes," 282,851 ",TTIGA,
Deletion,51,56,out,yes," 285,802 ",TTIGACPIWK,
Deletion,51,57,out,yes," 283,738 ",TTIGACLQEG,
Deletion,51,59,out,yes," 284,911 ",TTIGACTSRR,
Deletion,51,60,out,yes," 283,906 ",TTIGACGRRG,
Deletion,51,62,out,yes," 284,246 ",TTIGASTRLK,
Deletion,51,65,out,yes," 293,197 ",TTIGAWDEQG,
Deletion,51,67,out,yes," 282,954 ",TTIGAC,
Deletion,51,68,out,yes," 283,211 ",TTIGACTGV,
Deletion,51,69,out,yes," 290,520 ",TTIGAYYIRR,
Deletion,51,70,out,yes," 283,322 ",TTIGAFPLL,
Deletion,51,71,out,yes," 285,395 ",TTIGACLPRP,
Deletion,51,72,out,yes," 282,954 ",TTIGAC,
Deletion,51,73,out,yes," 282,851 ",TTIGA,
Deletion,51,74,out,yes," 282,851 ",TTIGA,
Deletion,51,75,out,yes," 287,428 ",TTIGASPGRG,
Deletion,51,78,out,yes," 282,851 ",TTIGA,
Deletion,52,53,in,no," 413,805 ",IIKQKQLAKD,
Deletion,52,55,in,no," 400,280 ",IIKQKDLQGE,
Deletion,52,57,in,no," 387,427 ",IIKQKAFKRE,
Deletion,52,59,in,no," 372,048 ",IIKQKALRGE,
Deletion,52,60,in,no," 366,521 ",IIKQKVAVED,
Deletion,52,67,in,no," 338,897 ",IIKQKANNKP,
Deletion,52,69,in,no," 328,098 ",IIKQKTTSGE,
Deletion,52,75,in,no," 300,828 ",IIKQKPQAEA,
Deletion,52,78,in,no," 291,966 ",IIKQKDTM,
Deletion,52,52,out,yes," 294,036 ",IIKQKLKEFR,
Deletion,52,54,out,yes," 291,805 ",IIKQKGE,
Deletion,52,56,out,yes," 292,382 ",IIKQKVPFGS,
Deletion,52,58,out,yes," 294,927 ",IIKQKSCLLR,
Deletion,52,61,out,yes," 295,278 ",IIKQKRLSRV,
Deletion,52,62,out,yes," 293,898 ",IIKQKPRDSN,
Deletion,52,63,out,yes," 291,833 ",IIKQKLT,
Deletion,52,64,out,yes," 292,005 ",IIKQKWIS,
Deletion,52,65,out,yes," 292,835 ",IIKQKGTNRE,
Deletion,52,66,out,yes," 298,747 ",IIKQKTFSSK,
Deletion,52,68,out,yes," 292,375 ",IIKQKVQESK,
Deletion,52,70,out,yes," 294,193 ",IIKQKSRYSD,
Deletion,52,71,out,yes," 292,665 ",IIKQKACLVP,
Deletion,52,72,out,yes," 293,117 ",IIKQKASRNG,
Deletion,52,73,out,yes," 291,775 ",IIKQKR,
Deletion,52,74,out,yes," 292,263 ",IIKQKESASR,
Deletion,52,76,out,yes," 293,301 ",IIKQKVRKIF,
Deletion,52,77,out,yes," 292,545 ",IIKQKEEIPL,
Deletion,53,58,in,no," 387,190 ",IITDRKLPPE,
Deletion,53,61,in,no," 368,045 ",IITDRTSVQG,
Deletion,53,63,in,no," 363,243 ",IITDRTDLNN,
Deletion,53,64,in,no," 360,309 ",IITDRMDLLS,
Deletion,53,66,in,no," 349,244 ",IITDRNLFKQ,
Deletion,53,76,in,no," 301,118 ",IITDRSEEDL,
Deletion,53,77,in,no," 297,798 ",IITDRRRNTP,
Deletion,53,53,out,yes," 297,921 ",IITDRTVGQR,
Deletion,53,54,out,yes," 296,283 ",IITDRR,
Deletion,53,55,out,yes," 296,634 ",IITDRRPPR,
Deletion,53,56,out,yes," 299,062 ",IITDRSPIWK,
Deletion,53,57,out,yes," 296,998 ",IITDRSLQEG,
Deletion,53,59,out,yes," 298,171 ",IITDRSTSRR,
Deletion,53,60,out,yes," 297,166 ",IITDRSGRRG,
Deletion,53,62,out,yes," 297,536 ",IITDRTTRLK,
Deletion,53,65,out,yes," 306,444 ",IITDRRDEQG,
Deletion,53,67,out,yes," 296,214 ",IITDRS,
Deletion,53,68,out,yes," 296,471 ",IITDRSTGV,
Deletion,53,69,out,yes," 303,748 ",IITDRNYIRR,
Deletion,53,70,out,yes," 296,564 ",IITDRIPLL,
Deletion,53,71,out,yes," 298,656 ",IITDRSLPRP,
Deletion,53,72,out,yes," 296,214 ",IITDRS,
Deletion,53,73,out,yes," 296,848 ",IITDRKMMNI,
Deletion,53,74,out,yes," 297,202 ",IITDRRICKQ,
Deletion,53,75,out,yes," 300,718 ",IITDRTPGRG,
Deletion,53,78,out,no," 296,634 ",IITDRRHNV,
Deletion,54,55,in,no," 413,263 ",ITETKDLQGE,
Deletion,54,57,in,no," 400,411 ",ITETKAFKRE,
Deletion,54,59,in,no," 385,032 ",ITETKALRGE,
Deletion,54,60,in,no," 379,505 ",ITETKVAVED,
Deletion,54,67,in,no," 351,881 ",ITETKANNKP,
Deletion,54,69,in,no," 341,082 ",ITETKTTSGE,
Deletion,54,75,in,no," 313,812 ",ITETKPQAEA,
Deletion,54,78,in,no," 304,950 ",ITETKDTM,
Deletion,54,54,out,yes," 304,789 ",ITETKGE,
Deletion,54,56,out,yes," 305,366 ",ITETKVPFGS,
Deletion,54,58,out,yes," 307,911 ",ITETKSCLLR,
Deletion,54,61,out,yes," 308,262 ",ITETKRLSRV,
Deletion,54,62,out,yes," 306,882 ",ITETKPRDSN,
Deletion,54,63,out,yes," 304,817 ",ITETKLT,
Deletion,54,64,out,yes," 304,989 ",ITETKWIS,
Deletion,54,65,out,yes," 305,819 ",ITETKGTNRE,
Deletion,54,66,out,yes," 311,730 ",ITETKTFSSK,
Deletion,54,68,out,yes," 305,359 ",ITETKVQESK,
Deletion,54,70,out,yes," 307,177 ",ITETKSRYSD,
Deletion,54,71,out,yes," 305,649 ",ITETKACLVP,
Deletion,54,72,out,yes," 306,101 ",ITETKASRNG,
Deletion,54,73,out,yes," 304,759 ",ITETKR,
Deletion,54,74,out,yes," 305,247 ",ITETKESASR,
Deletion,54,76,out,yes," 306,285 ",ITETKVRKIF,
Deletion,54,77,out,yes," 305,529 ",ITETKEEIPL,
Deletion,55,56,in,no," 412,559 ",RSIHKRSHLE,
Deletion,55,62,in,no," 380,181 ",RSIHKSHETQ,
Deletion,55,65,in,no," 367,101 ",RSIHKRGRTG,
Deletion,55,68,in,no," 351,641 ",RSIHKRYRSL,
Deletion,55,70,in,no," 341,786 ",RSIHKSPVTL,
Deletion,55,71,in,no," 340,415 ",RSIHKRPASS,
Deletion,55,72,in,no," 337,941 ",RSIHKRLAEM,
Deletion,55,73,in,no," 335,575 ",RSIHKRDDEH,
Deletion,55,74,in,no," 329,433 ",RSIHKRNLQA,
Deletion,55,55,out,yes," 313,416 ",RSIHKRTSKV,
Deletion,55,57,out,yes," 311,245 ",RSIHKRPSRG,
Deletion,55,58,out,yes," 310,963 ",RSIHKRAAS,
Deletion,55,59,out,yes," 311,787 ",RSIHKRHFEE,
Deletion,55,60,out,yes," 317,271 ",RSIHKRWPSR,
Deletion,55,61,out,yes," 315,028 ",RSIHKSVCPG,
Deletion,55,63,out,yes," 310,665 ",RSIHKS,
Deletion,55,64,out,yes," 311,569 ",RSIHKSGSLE,
Deletion,55,66,out,yes," 312,094 ",RSIHKRPFQA,
Deletion,55,67,out,yes," 312,088 ",RSIHKRLIIS,
Deletion,55,69,out,yes," 312,408 ",RSIHKRLHQE,
Deletion,55,75,out,yes," 311,428 ",RSIHKSPRQR,
Deletion,55,76,out,yes," 310,734 ",RSIHKR,
Deletion,55,77,out,no," 312,443 ",RSIHKRKKYP,
Deletion,55,78,out,no," 311,066 ",RSIHKRTQC,
Deletion,56,57,in,no," 413,937 ",MKQWQAFKRE,
Deletion,56,59,in,no," 398,557 ",MKQWQALRGE,
Deletion,56,60,in,no," 393,031 ",MKQWQVAVED,
Deletion,56,67,in,no," 365,407 ",MKQWQANNKP,
Deletion,56,69,in,no," 354,608 ",MKQWQTTSGE,
Deletion,56,75,in,no," 327,337 ",MKQWQPQAEA,
Deletion,56,78,in,no," 318,476 ",MKQWQDTM,
Deletion,56,56,out,yes," 318,891 ",MKQWQVPFGS,
Deletion,56,58,out,yes," 321,436 ",MKQWQSCLLR,
Deletion,56,61,out,yes," 321,788 ",MKQWQRLSRV,
Deletion,56,62,out,yes," 320,408 ",MKQWQPRDSN,
Deletion,56,63,out,yes," 318,343 ",MKQWQLT,
Deletion,56,64,out,yes," 318,515 ",MKQWQWIS,
Deletion,56,65,out,yes," 319,345 ",MKQWQGTNRE,
Deletion,56,66,out,yes," 325,256 ",MKQWQTFSSK,
Deletion,56,68,out,yes," 318,884 ",MKQWQVQESK,
Deletion,56,70,out,yes," 320,703 ",MKQWQSRYSD,
Deletion,56,71,out,yes," 319,175 ",MKQWQACLVP,
Deletion,56,72,out,yes," 319,626 ",MKQWQASRNG,
Deletion,56,73,out,yes," 318,285 ",MKQWQR,
Deletion,56,74,out,yes," 318,772 ",MKQWQESASR,
Deletion,56,76,out,yes," 319,810 ",MKQWQVRKIF,
Deletion,56,77,out,yes," 319,054 ",MKQWQEEIPL,
Deletion,57,62,in,no," 394,412 ",KSLNISHETQ,
Deletion,57,65,in,no," 381,331 ",KSLNIRGRTG,
Deletion,57,68,in,no," 365,871 ",KSLNIRYRSL,
Deletion,57,70,in,no," 356,016 ",KSLNISPVTL,
Deletion,57,71,in,no," 354,645 ",KSLNIRPASS,
Deletion,57,72,in,no," 352,171 ",KSLNIRLAEM,
Deletion,57,73,in,no," 349,805 ",KSLNIRDDEH,
Deletion,57,74,in,no," 343,664 ",KSLNIRNLQA,
Deletion,57,57,out,yes," 325,476 ",KSLNIRPSRG,
Deletion,57,58,out,yes," 325,194 ",KSLNIRAAS,
Deletion,57,59,out,yes," 326,018 ",KSLNIRHFEE,
Deletion,57,60,out,yes," 331,501 ",KSLNIRWPSR,
Deletion,57,61,out,yes," 329,258 ",KSLNISVCPG,
Deletion,57,63,out,yes," 324,895 ",KSLNIS,
Deletion,57,64,out,yes," 325,799 ",KSLNISGSLE,
Deletion,57,66,out,yes," 326,324 ",KSLNIRPFQA,
Deletion,57,67,out,yes," 326,318 ",KSLNIRLIIS,
Deletion,57,69,out,yes," 326,638 ",KSLNIRLHQE,
Deletion,57,75,out,yes," 325,658 ",KSLNISPRQR,
Deletion,57,76,out,yes," 324,964 ",KSLNIR,
Deletion,57,77,out,no," 326,673 ",KSLNIRKKYP,
Deletion,57,78,out,no," 325,297 ",KSLNIRTQC,
Deletion,58,59,in,no," 411,410 ",NDVHRALRGE,
Deletion,58,60,in,no," 405,883 ",NDVHRVAVED,
Deletion,58,67,in,no," 378,259 ",NDVHRANNKP,
Deletion,58,69,in,no," 367,460 ",NDVHRTTSGE,
Deletion,58,75,in,no," 340,189 ",NDVHRPQAEA,
Deletion,58,78,in,no," 331,328 ",NDVHRDTM,
Deletion,58,58,out,yes," 334,289 ",NDVHRSCLLR,
Deletion,58,61,out,yes," 334,640 ",NDVHRRLSRV,
Deletion,58,62,out,yes," 333,260 ",NDVHRPRDSN,
Deletion,58,63,out,yes," 331,195 ",NDVHRLT,
Deletion,58,64,out,yes," 331,367 ",NDVHRWIS,
Deletion,58,65,out,yes," 332,197 ",NDVHRGTNRE,
Deletion,58,66,out,yes," 338,108 ",NDVHRTFSSK,
Deletion,58,68,out,yes," 331,736 ",NDVHRVQESK,
Deletion,58,70,out,yes," 333,555 ",NDVHRSRYSD,
Deletion,58,71,out,yes," 332,027 ",NDVHRACLVP,
Deletion,58,72,out,yes," 332,478 ",NDVHRASRNG,
Deletion,58,73,out,yes," 331,137 ",NDVHRR,
Deletion,58,74,out,yes," 331,624 ",NDVHRESASR,
Deletion,58,76,out,yes," 332,663 ",NDVHRVRKIF,
Deletion,58,77,out,yes," 331,907 ",NDVHREEIPL,
Deletion,59,61,in,no," 407,613 ",YQEPRASVQG,
Deletion,59,63,in,no," 402,811 ",YQEPRADLNN,
Deletion,59,64,in,no," 399,875 ",YQEPRVDLLS,
Deletion,59,66,in,no," 388,843 ",YQEPRDLFKQ,
Deletion,59,76,in,no," 340,686 ",YQEPRGEEDL,
Deletion,59,77,in,no," 337,297 ",YQEPRGRNTP,
Deletion,59,59,out,yes," 337,739 ",YQEPRGTSRR,
Deletion,59,60,out,yes," 336,734 ",YQEPRGGRRG,
Deletion,59,62,out,yes," 337,104 ",YQEPRATRLK,
Deletion,59,65,out,yes," 345,942 ",YQEPRGDEQG,
Deletion,59,67,out,yes," 335,782 ",YQEPRG,
Deletion,59,68,out,yes," 336,039 ",YQEPRGTGV,
Deletion,59,69,out,yes," 343,346 ",YQEPRDYIRR,
Deletion,59,70,out,yes," 336,148 ",YQEPRVPLL,
Deletion,59,71,out,yes," 338,223 ",YQEPRGLPRP,
Deletion,59,72,out,yes," 335,782 ",YQEPRG,
Deletion,59,73,out,yes," 336,447 ",YQEPREMMNI,
Deletion,59,74,out,yes," 336,700 ",YQEPRGICKQ,
Deletion,59,75,out,yes," 340,286 ",YQEPRAPGRG,
Deletion,59,78,out,no," 336,132 ",YQEPRGHNV,
Deletion,60,60,in,no," 421,262 ",LEKVKVAVED,
Deletion,60,67,in,no," 393,638 ",LEKVKANNKP,
Deletion,60,69,in,no," 382,839 ",LEKVKTTSGE,
Deletion,60,75,in,no," 355,569 ",LEKVKPQAEA,
Deletion,60,78,in,no," 346,707 ",LEKVKDTM,
Deletion,60,61,out,yes," 350,019 ",LEKVKRLSRV,
Deletion,60,62,out,yes," 348,640 ",LEKVKPRDSN,
Deletion,60,63,out,yes," 346,574 ",LEKVKLT,
Deletion,60,64,out,yes," 346,746 ",LEKVKWIS,
Deletion,60,65,out,yes," 347,576 ",LEKVKGTNRE,
Deletion,60,66,out,yes," 353,488 ",LEKVKTFSSK,
Deletion,60,68,out,yes," 347,116 ",LEKVKVQESK,
Deletion,60,70,out,yes," 348,934 ",LEKVKSRYSD,
Deletion,60,71,out,yes," 347,406 ",LEKVKACLVP,
Deletion,60,72,out,yes," 347,858 ",LEKVKASRNG,
Deletion,60,73,out,yes," 346,516 ",LEKVKR,
Deletion,60,74,out,yes," 347,004 ",LEKVKESASR,
Deletion,60,76,out,yes," 348,042 ",LEKVKVRKIF,
Deletion,60,77,out,yes," 347,286 ",LEKVKEEIPL,
Deletion,61,67,in,no," 399,165 ",WKLLQANNKP,
Deletion,61,69,in,no," 388,366 ",WKLLQTTSGE,
Deletion,61,75,in,no," 361,095 ",WKLLQPQAEA,
Deletion,61,78,in,no," 352,234 ",WKLLQDTM,
Deletion,61,61,out,yes," 355,546 ",WKLLQRLSRV,
Deletion,61,62,out,yes," 354,166 ",WKLLQPRDSN,
Deletion,61,63,out,yes," 352,101 ",WKLLQLT,
Deletion,61,64,out,yes," 352,273 ",WKLLQWIS,
Deletion,61,65,out,yes," 353,103 ",WKLLQGTNRE,
Deletion,61,66,out,yes," 359,014 ",WKLLQTFSSK,
Deletion,61,68,out,yes," 352,642 ",WKLLQVQESK,
Deletion,61,70,out,yes," 354,461 ",WKLLQSRYSD,
Deletion,61,71,out,yes," 352,933 ",WKLLQACLVP,
Deletion,61,72,out,yes," 353,384 ",WKLLQASRNG,
Deletion,61,73,out,yes," 352,043 ",WKLLQR,
Deletion,61,74,out,yes," 352,530 ",WKLLQESASR,
Deletion,61,76,out,yes," 353,569 ",WKLLQVRKIF,
Deletion,61,77,out,yes," 352,813 ",WKLLQEEIPL,
Deletion,62,63,in,no," 421,987 ",QHFLSTDLNN,
Deletion,62,64,in,no," 419,053 ",QHFLSMDLLS,
Deletion,62,66,in,no," 407,988 ",QHFLSNLFKQ,
Deletion,62,76,in,no," 359,862 ",QHFLSSEEDL,
Deletion,62,77,in,no," 356,542 ",QHFLSRRNTP,
Deletion,62,62,out,yes," 356,280 ",QHFLSTTRLK,
Deletion,62,65,out,yes," 365,187 ",QHFLSRDEQG,
Deletion,62,67,out,yes," 354,958 ",QHFLSS,
Deletion,62,68,out,yes," 355,215 ",QHFLSSTGV,
Deletion,62,69,out,yes," 362,491 ",QHFLSNYIRR,
Deletion,62,70,out,yes," 355,308 ",QHFLSIPLL,
Deletion,62,71,out,yes," 357,399 ",QHFLSSLPRP,
Deletion,62,72,out,yes," 354,958 ",QHFLSS,
Deletion,62,73,out,yes," 355,592 ",QHFLSKMMNI,
Deletion,62,74,out,yes," 355,945 ",QHFLSRICKQ,
Deletion,62,75,out,yes," 359,462 ",QHFLSTPGRG,
Deletion,62,78,out,no," 355,378 ",QHFLSRHNV,
Deletion,63,65,in,no," 413,653 ",VPYYIKGRTG,
Deletion,63,68,in,no," 398,193 ",VPYYIKYRSL,
Deletion,63,70,in,no," 388,394 ",VPYYINPVTL,
Deletion,63,71,in,no," 386,967 ",VPYYIKPASS,
Deletion,63,72,in,no," 384,494 ",VPYYIKLAEM,
Deletion,63,73,in,no," 382,127 ",VPYYIKDDEH,
Deletion,63,74,in,no," 375,986 ",VPYYIKNLQA,
Deletion,63,63,out,yes," 357,273 ",VPYYIN,
Deletion,63,64,out,yes," 358,177 ",VPYYINGSLE,
Deletion,63,66,out,yes," 358,646 ",VPYYIKPFQA,
Deletion,63,67,out,yes," 358,640 ",VPYYIKLIIS,
Deletion,63,69,out,yes," 358,961 ",VPYYIKLHQE,
Deletion,63,75,out,yes," 358,035 ",VPYYINPRQR,
Deletion,63,76,out,yes," 357,287 ",VPYYIK,
Deletion,63,77,out,no," 358,996 ",VPYYIKKKYP,
Deletion,63,78,out,no," 357,619 ",VPYYIKTQC,
Deletion,64,64,in,no," 423,853 ",LYQSLVDLLS,
Deletion,64,66,in,no," 412,821 ",LYQSLDLFKQ,
Deletion,64,76,in,no," 364,665 ",LYQSLGEEDL,
Deletion,64,77,in,no," 361,275 ",LYQSLGRNTP,
Deletion,64,65,out,yes," 369,921 ",LYQSLGDEQG,
Deletion,64,67,out,yes," 359,760 ",LYQSLG,
Deletion,64,68,out,yes," 360,018 ",LYQSLGTGV,
Deletion,64,69,out,yes," 367,325 ",LYQSLDYIRR,
Deletion,64,70,out,yes," 360,126 ",LYQSLVPLL,
Deletion,64,71,out,yes," 362,202 ",LYQSLGLPRP,
Deletion,64,72,out,yes," 359,760 ",LYQSLG,
Deletion,64,73,out,yes," 360,425 ",LYQSLEMMNI,
Deletion,64,74,out,yes," 360,679 ",LYQSLGICKQ,
Deletion,64,75,out,yes," 364,265 ",LYQSLAPGRG,
Deletion,64,78,out,no," 360,111 ",LYQSLGHNV,
Deletion,65,66,in,no," 415,791 ",QKALCYLFKQ,
Deletion,65,76,in,no," 367,632 ",QKALCCEEDL,
Deletion,65,77,in,yes," 362,625 ",QKALC,
Deletion,65,65,out,yes," 372,971 ",QKALCWDEQG,
Deletion,65,67,out,yes," 362,728 ",QKALCC,
Deletion,65,68,out,yes," 362,985 ",QKALCCTGV,
Deletion,65,69,out,yes," 370,295 ",QKALCYYIRR,
Deletion,65,70,out,yes," 363,096 ",QKALCFPLL,
Deletion,65,71,out,yes," 365,169 ",QKALCCLPRP,
Deletion,65,72,out,yes," 362,728 ",QKALCC,
Deletion,65,73,out,yes," 362,625 ",QKALC,
Deletion,65,74,out,yes," 362,625 ",QKALC,
Deletion,65,75,out,yes," 367,202 ",QKALCSPGRG,
Deletion,65,78,out,yes," 362,625 ",QKALC,
Deletion,66,68,in,no," 411,329 ",LNVYDTYRSL,
Deletion,66,70,in,no," 401,544 ",LNVYDTPVTL,
Deletion,66,71,in,no," 400,103 ",LNVYDTPASS,
Deletion,66,72,in,no," 397,629 ",LNVYDTLAEM,
Deletion,66,73,in,no," 395,263 ",LNVYDTDDEH,
Deletion,66,74,in,no," 389,122 ",LNVYDTNLQA,
Deletion,66,66,out,yes," 371,782 ",LNVYDTPFQA,
Deletion,66,67,out,yes," 371,776 ",LNVYDTLIIS,
Deletion,66,69,out,yes," 372,096 ",LNVYDTLHQE,
Deletion,66,75,out,yes," 371,185 ",LNVYDTPRQR,
Deletion,66,76,out,yes," 370,422 ",LNVYDT,
Deletion,66,77,out,no," 372,131 ",LNVYDTKKYP,
Deletion,66,78,out,no," 370,755 ",LNVYDTTQC,
Deletion,67,76,in,no," 378,631 ",EDKYRCEEDL,
Deletion,67,77,in,yes," 373,623 ",EDKYR,
Deletion,67,67,out,yes," 373,727 ",EDKYRC,
Deletion,67,68,out,yes," 373,984 ",EDKYRCTGV,
Deletion,67,69,out,yes," 381,293 ",EDKYRYYIRR,
Deletion,67,70,out,yes," 374,094 ",EDKYRFPLL,
Deletion,67,71,out,yes," 376,168 ",EDKYRCLPRP,
Deletion,67,72,out,yes," 373,727 ",EDKYRC,
Deletion,67,73,out,yes," 373,623 ",EDKYR,
Deletion,67,74,out,yes," 373,623 ",EDKYR,
Deletion,67,75,out,yes," 378,201 ",EDKYRSPGRG,
Deletion,67,78,out,yes," 373,623 ",EDKYR,
Deletion,68,69,in,no," 415,990 ",SCFQFTTSGE,
Deletion,68,75,in,no," 388,720 ",SCFQFPQAEA,
Deletion,68,78,in,no," 379,858 ",SCFQFDTM,
Deletion,68,68,out,yes," 380,267 ",SCFQFVQESK,
Deletion,68,70,out,yes," 382,085 ",SCFQFSRYSD,
Deletion,68,71,out,yes," 380,557 ",SCFQFACLVP,
Deletion,68,72,out,yes," 381,009 ",SCFQFASRNG,
Deletion,68,73,out,yes," 379,667 ",SCFQFR,
Deletion,68,74,out,yes," 380,154 ",SCFQFESASR,
Deletion,68,76,out,yes," 381,193 ",SCFQFVRKIF,
Deletion,68,77,out,yes," 380,437 ",SCFQFEEIPL,
Deletion,69,70,in,no," 416,935 ",PIIGFSPVTL,
Deletion,69,71,in,no," 415,563 ",PIIGFRPASS,
Deletion,69,72,in,no," 413,089 ",PIIGFRLAEM,
Deletion,69,73,in,no," 410,723 ",PIIGFRDDEH,
Deletion,69,74,in,no," 404,582 ",PIIGFRNLQA,
Deletion,69,69,out,yes," 387,556 ",PIIGFRLHQE,
Deletion,69,75,out,yes," 386,576 ",PIIGFSPRQR,
Deletion,69,76,out,yes," 385,882 ",PIIGFR,
Deletion,69,77,out,no," 387,591 ",PIIGFRKKYP,
Deletion,69,78,out,no," 386,215 ",PIIGFRTQC,
Deletion,70,75,in,no," 399,519 ",EYCTPPQAEA,
Deletion,70,78,in,no," 390,657 ",EYCTPDTM,
Deletion,70,70,out,yes," 392,884 ",EYCTPSRYSD,
Deletion,70,71,out,yes," 391,356 ",EYCTPACLVP,
Deletion,70,72,out,yes," 391,808 ",EYCTPASRNG,
Deletion,70,73,out,yes," 390,466 ",EYCTPR,
Deletion,70,74,out,yes," 390,953 ",EYCTPESASR,
Deletion,70,76,out,yes," 391,992 ",EYCTPVRKIF,
Deletion,70,77,out,yes," 391,236 ",EYCTPEEIPL,
Deletion,71,71,in,no," 425,349 ",GDNMETPASS,
Deletion,71,72,in,no," 422,875 ",GDNMETLAEM,
Deletion,71,73,in,no," 420,508 ",GDNMETDDEH,
Deletion,71,74,in,no," 414,367 ",GDNMETNLQA,
Deletion,71,75,out,yes," 396,431 ",GDNMETPRQR,
Deletion,71,76,out,yes," 395,668 ",GDNMET,
Deletion,71,77,out,no," 397,377 ",GDNMETKKYP,
Deletion,71,78,out,no," 396,000 ",GDNMETTQC,
Deletion,72,72,in,no," 424,315 ",WPVDSALAEM,
Deletion,72,73,in,no," 421,949 ",WPVDSADDEH,
Deletion,72,74,in,no," 415,808 ",WPVDSANLQA,
Deletion,72,75,out,yes," 397,871 ",WPVDSAPRQR,
Deletion,72,76,out,yes," 397,108 ",WPVDSA,
Deletion,72,77,out,no," 398,817 ",WPVDSAKKYP,
Deletion,72,78,out,no," 397,441 ",WPVDSATQC,
Deletion,73,73,in,no," 424,423 ",EHYASRDDEH,
Deletion,73,74,in,no," 418,281 ",EHYASRNLQA,
Deletion,73,75,out,yes," 400,276 ",EHYASSPRQR,
Deletion,73,76,out,yes," 399,582 ",EHYASR,
Deletion,73,77,out,no," 401,291 ",EHYASRKKYP,
Deletion,73,78,out,no," 399,914 ",EHYASRTQC,
Deletion,74,74,in,no," 420,666 ",SPNESMNLQA,
Deletion,74,75,out,yes," 402,711 ",SPNESIPRQR,
Deletion,74,76,out,yes," 401,967 ",SPNESM,
Deletion,74,77,out,no," 403,675 ",SPNESMKKYP,
Deletion,74,78,out,no," 402,299 ",SPNESMTQC,
Deletion,75,75,out,yes," 408,783 ",LEEENSPRQR,
Deletion,75,76,out,yes," 408,090 ",LEEENR,
Deletion,75,77,out,no," 409,798 ",LEEENRKKYP,
Deletion,75,78,out,no," 408,422 ",LEEENRTQC,
Deletion,76,78,in,no," 417,928 ",QLLEQDTM,
Deletion,76,76,out,yes," 419,262 ",QLLEQVRKIF,
Deletion,76,77,out,yes," 418,506 ",QLLEQEEIPL,
Deletion,77,77,in,no," 423,400 ",TSDSMGRNTP,
Deletion,77,78,out,no," 422,235 ",TSDSMGHNV,
Deletion,78,78,out,no," 425,625 ",FPSSRGHNV,
Duplication,2,2,out,yes,5685,AQFSKMKEKM,
Duplication,2,3,out,yes,9222,TGQKLMKEKM,
Duplication,2,4,out,yes,12120,LQNNNMKEKM,
Duplication,2,5,out,yes,15600,ILHWQMKEKM,
Duplication,2,6,out,yes,20475,LIHSHR,
Duplication,2,7,in,no,450406,LLDPEDERED,
Duplication,2,8,out,yes,33969,HYSQQMKEKM,
Duplication,2,9,out,yes,38738,PFPSQMKEKM,
Duplication,2,10,out,yes,45866,FHTHEMKEKM,
Duplication,2,11,out,yes,51000,MEKQSK,
Duplication,2,12,out,yes,58839,VQQHKMKEKM,
Duplication,2,13,out,yes,63268,EEQLKMKEKM,
Duplication,2,14,out,yes,67534,LTEEQMKEKM,
Duplication,2,15,out,yes,71600,LQKLAMKEKM,
Duplication,2,16,out,yes,78525,KSTAQMKEKM,
Duplication,2,17,out,yes,83443,SEIRKR,
Duplication,2,18,out,yes,89919,KEKVNMKEKM,
Duplication,2,19,in,no,516919,EQMVNDERED,
Duplication,2,20,out,yes,102689,LKICKMKEKM,
Duplication,2,21,in,no,533290,KELQTNERED,
Duplication,2,22,out,yes,115405,LGELQMKEKM,
Duplication,2,23,out,yes,123781,LRKIQMKEKM,
Duplication,2,24,out,yes,128318,LKQCRMKEKM,
Duplication,2,25,out,yes,134242,HMCQQMKEKM,
Duplication,2,26,out,yes,141033,VEEMKMKEKM,
Duplication,2,27,out,yes,147887,CKTLEMKEKM,
Duplication,2,28,out,yes,153132,SEVLDMKEKM,
Duplication,2,29,out,yes,159038,ELHEEMKEKM,
Duplication,2,30,out,yes,165133,PQEAQMKEKM,
Duplication,2,31,out,yes,169306,IDVAQMKEKM,
Duplication,2,32,out,yes,176144,LNHCVMKEKM,
Duplication,2,33,out,yes,182141,ELGAKMKEKM,
Duplication,2,34,out,yes,188718,VAWGKMKEKM,
Duplication,2,35,out,yes,195488,LNLLLMKEKM,
Duplication,2,36,out,yes,200699,EDVLKMKEKM,
Duplication,2,37,out,yes,207202,IKTGKMKEKM,
Duplication,2,38,out,yes,211930,FNKDMMKEKM,
Duplication,2,39,out,yes,217412,HNALKMKEKM,
Duplication,2,40,out,yes,223648,ERKIKMKEKM,
Duplication,2,41,out,yes,230818,NFAQIMKEKM,
Duplication,2,42,out,yes,238332,EESLKMKEKM,
Duplication,2,43,out,yes,243240,YKDRQG,
Duplication,2,44,out,yes,251414,KWYLKMKEKM,
Duplication,2,45,out,yes,256391,SDRKKR,
Duplication,2,46,out,yes,263915,LEQVKMKEKM,
Duplication,2,47,out,yes,269546,LQWIKMKEKM,
Duplication,2,48,out,yes,276766,PFDVKMKEKM,
Duplication,2,49,out,yes,280581,TQPVKMKEKM,
Duplication,2,50,in,no,708301,TTIGAYERED,
Duplication,2,51,out,yes,293350,IIKQKMKEKM,
Duplication,2,52,in,no,721528,IITDRNERED,
Duplication,2,53,out,yes,306334,ITETKMKEKM,
Duplication,2,54,out,yes,310734,RSIHKR,
Duplication,2,55,out,yes,319860,MKQWQMKEKM,
Duplication,2,56,out,yes,324964,KSLNIR,
Duplication,2,57,out,yes,332712,NDVHRMKEKM,
Duplication,2,58,in,no,761127,YQEPRDERED,
Duplication,2,59,out,yes,348091,LEKVKMKEKM,
Duplication,2,60,out,yes,353618,WKLLQMKEKM,
Duplication,2,61,in,no,780272,QHFLSNERED,
Duplication,2,62,out,yes,357287,VPYYIK,
Duplication,2,63,in,no,785105,LYQSLDERED,
Duplication,2,64,in,no,788075,QKALCYERED,
Duplication,2,65,out,yes,370422,LNVYDT,
Duplication,2,66,in,no,799074,EDKYRYERED,
Duplication,2,67,out,yes,381242,SCFQFMKEKM,
Duplication,2,68,out,yes,385882,PIIGFR,
Duplication,2,69,out,yes,392041,EYCTPMKEKM,
Duplication,2,70,out,yes,395668,GDNMET,
Duplication,2,71,out,yes,397108,WPVDSA,
Duplication,2,72,out,yes,399582,EHYASR,
Duplication,2,73,out,yes,401949,SPNESI,
Duplication,2,74,out,yes,408090,LEEENR,
Duplication,2,75,out,yes,419311,QLLEQMKEKM,
Duplication,2,76,in,no,847230,TSDSMDERED,
Duplication,2,77,in,no,850619,FPSSRDERED,
Duplication,2,78,out,yes,428173,KPMREMKEKM,
Duplication,3,3,in,no,430327,TGQKLFGKQH,
Duplication,3,4,in,no,433224,LQNNNFGKQH,
Duplication,3,5,in,no,436704,ILHWQFGKQH,
Duplication,3,6,out,yes,22332,LIHSHSLGSS,
Duplication,3,7,out,yes,25723,LLDPEVWEAA,
Duplication,3,8,in,no,455074,HYSQQFGKQH,
Duplication,3,9,in,no,459842,PFPSQFGKQH,
Duplication,3,10,in,no,466971,FHTHEFGKQH,
Duplication,3,11,out,yes,52912,MEKQSNLGSS,
Duplication,3,12,in,no,479943,VQQHKFGKQH,
Duplication,3,13,in,no,484373,EEQLKFGKQH,
Duplication,3,14,in,no,488639,LTEEQFGKQH,
Duplication,3,15,in,no,492704,LQKLAFGKQH,
Duplication,3,16,in,no,499629,KSTAQFGKQH,
Duplication,3,17,out,yes,85299,SEIRKSLGSS,
Duplication,3,18,in,no,511023,KEKVNFGKQH,
Duplication,3,19,out,yes,92237,EQMVNVWEAA,
Duplication,3,20,in,no,523793,LKICKFGKQH,
Duplication,3,21,out,yes,108623,KELQTIWEAA,
Duplication,3,22,in,no,536509,LGELQFGKQH,
Duplication,3,23,in,no,544885,LRKIQFGKQH,
Duplication,3,24,in,no,549422,LKQCRFGKQH,
Duplication,3,25,in,no,555346,HMCQQFGKQH,
Duplication,3,26,in,no,562137,VEEMKFGKQH,
Duplication,3,27,in,no,568991,CKTLEFGKQH,
Duplication,3,28,in,no,574236,SEVLDFGKQH,
Duplication,3,29,in,no,580142,ELHEEFGKQH,
Duplication,3,30,in,no,586237,PQEAQFGKQH,
Duplication,3,31,in,no,590410,IDVAQFGKQH,
Duplication,3,32,in,no,597248,LNHCVFGKQH,
Duplication,3,33,in,no,603245,ELGAKFGKQH,
Duplication,3,34,in,no,609823,VAWGKFGKQH,
Duplication,3,35,in,no,616592,LNLLLFGKQH,
Duplication,3,36,in,no,621804,EDVLKFGKQH,
Duplication,3,37,in,no,628306,IKTGKFGKQH,
Duplication,3,38,in,no,633034,FNKDMFGKQH,
Duplication,3,39,in,no,638516,HNALKFGKQH,
Duplication,3,40,in,no,644752,ERKIKFGKQH,
Duplication,3,41,in,no,651922,NFAQIFGKQH,
Duplication,3,42,in,no,659436,EESLKFGKQH,
Duplication,3,43,out,yes,245166,YKDRQGLGSS,
Duplication,3,44,in,no,672518,KWYLKFGKQH,
Duplication,3,45,out,yes,258247,SDRKKSLGSS,
Duplication,3,46,in,no,685019,LEQVKFGKQH,
Duplication,3,47,in,no,690651,LQWIKFGKQH,
Duplication,3,48,in,no,697870,PFDVKFGKQH,
Duplication,3,49,in,no,701685,TQPVKFGKQH,
Duplication,3,50,out,yes,283619,TTIGAFWEAA,
Duplication,3,51,in,no,714454,IIKQKFGKQH,
Duplication,3,52,out,yes,296861,IITDRIWEAA,
Duplication,3,53,in,no,727438,ITETKFGKQH,
Duplication,3,54,out,yes,312590,RSIHKSLGSS,
Duplication,3,55,in,no,740964,MKQWQFGKQH,
Duplication,3,56,out,yes,326821,KSLNISLGSS,
Duplication,3,57,in,no,753816,NDVHRFGKQH,
Duplication,3,58,out,yes,336445,YQEPRVWEAA,
Duplication,3,59,in,no,769195,LEKVKFGKQH,
Duplication,3,60,in,no,774722,WKLLQFGKQH,
Duplication,3,61,out,yes,355605,QHFLSIWEAA,
Duplication,3,62,out,yes,359198,VPYYINLGSS,
Duplication,3,63,out,yes,360423,LYQSLVWEAA,
Duplication,3,64,out,yes,363393,QKALCFWEAA,
Duplication,3,65,out,yes,372348,LNVYDTLGSS,
Duplication,3,66,out,yes,374391,EDKYRFWEAA,
Duplication,3,67,in,no,802346,SCFQFFGKQH,
Duplication,3,68,out,yes,387739,PIIGFSLGSS,
Duplication,3,69,in,no,813145,EYCTPFGKQH,
Duplication,3,70,out,yes,397593,GDNMETLGSS,
Duplication,3,71,out,yes,399034,WPVDSALGSS,
Duplication,3,72,out,yes,401438,EHYASSLGSS,
Duplication,3,73,out,yes,403874,SPNESILGSS,
Duplication,3,74,out,yes,409946,LEEENSLGSS,
Duplication,3,75,in,no,840415,QLLEQFGKQH,
Duplication,3,76,out,yes,422548,TSDSMVWEAA,
Duplication,3,77,out,yes,425937,FPSSRVWEAA,
Duplication,3,78,in,no,849277,KPMREFGKQH,
Duplication,4,4,in,no,429686,LQNNNPKEKG,
Duplication,4,5,in,no,433166,ILHWQPKEKG,
Duplication,4,6,out,yes,21764,LIHSHSQKKK,
Duplication,4,7,out,yes,27775,LLDPEAKRKR,
Duplication,4,8,in,no,451536,HYSQQPKEKG,
Duplication,4,9,in,no,456304,PFPSQPKEKG,
Duplication,4,10,in,no,463433,FHTHEPKEKG,
Duplication,4,11,out,yes,52344,MEKQSNQKKK,
Duplication,4,12,in,no,476405,VQQHKPKEKG,
Duplication,4,13,in,no,480835,EEQLKPKEKG,
Duplication,4,14,in,no,485101,LTEEQPKEKG,
Duplication,4,15,in,no,489167,LQKLAPKEKG,
Duplication,4,16,in,no,496091,KSTAQPKEKG,
Duplication,4,17,out,yes,84731,SEIRKSQKKK,
Duplication,4,18,in,no,507486,KEKVNPKEKG,
Duplication,4,19,out,yes,94288,EQMVNAKRKR,
Duplication,4,20,in,no,520256,LKICKPKEKG,
Duplication,4,21,out,yes,110691,KELQTTKRKR,
Duplication,4,22,in,no,532972,LGELQPKEKG,
Duplication,4,23,in,no,541348,LRKIQPKEKG,
Duplication,4,24,in,no,545884,LKQCRPKEKG,
Duplication,4,25,in,no,551808,HMCQQPKEKG,
Duplication,4,26,in,no,558600,VEEMKPKEKG,
Duplication,4,27,in,no,565454,CKTLEPKEKG,
Duplication,4,28,in,no,570698,SEVLDPKEKG,
Duplication,4,29,in,no,576605,ELHEEPKEKG,
Duplication,4,30,in,no,582699,PQEAQPKEKG,
Duplication,4,31,in,no,586872,IDVAQPKEKG,
Duplication,4,32,in,no,593711,LNHCVPKEKG,
Duplication,4,33,in,no,599708,ELGAKPKEKG,
Duplication,4,34,in,no,606285,VAWGKPKEKG,
Duplication,4,35,in,no,613055,LNLLLPKEKG,
Duplication,4,36,in,no,618266,EDVLKPKEKG,
Duplication,4,37,in,no,624769,IKTGKPKEKG,
Duplication,4,38,in,no,629496,FNKDMPKEKG,
Duplication,4,39,in,no,634979,HNALKPKEKG,
Duplication,4,40,in,no,641214,ERKIKPKEKG,
Duplication,4,41,in,no,648385,NFAQIPKEKG,
Duplication,4,42,in,no,655898,EESLKPKEKG,
Duplication,4,43,out,yes,244598,YKDRQGQKKK,
Duplication,4,44,in,no,668981,KWYLKPKEKG,
Duplication,4,45,out,yes,257679,SDRKKSQKKK,
Duplication,4,46,in,no,681481,LEQVKPKEKG,
Duplication,4,47,in,no,687113,LQWIKPKEKG,
Duplication,4,48,in,no,694333,PFDVKPKEKG,
Duplication,4,49,in,no,698148,TQPVKPKEKG,
Duplication,4,50,out,yes,285638,TTIGASKRKR,
Duplication,4,51,in,no,710917,IIKQKPKEKG,
Duplication,4,52,out,yes,298929,IITDRTKRKR,
Duplication,4,53,in,no,723901,ITETKPKEKG,
Duplication,4,54,out,yes,312023,RSIHKSQKKK,
Duplication,4,55,in,no,737426,MKQWQPKEKG,
Duplication,4,56,out,yes,326253,KSLNISQKKK,
Duplication,4,57,in,no,750278,NDVHRPKEKG,
Duplication,4,58,out,yes,338497,YQEPRAKRKR,
Duplication,4,59,in,no,765658,LEKVKPKEKG,
Duplication,4,60,in,no,771184,WKLLQPKEKG,
Duplication,4,61,out,yes,357673,QHFLSTKRKR,
Duplication,4,62,out,yes,358630,VPYYINQKKK,
Duplication,4,63,out,yes,362475,LYQSLAKRKR,
Duplication,4,64,out,yes,365412,QKALCSKRKR,
Duplication,4,65,out,yes,371780,LNVYDTQKKK,
Duplication,4,66,out,yes,376411,EDKYRSKRKR,
Duplication,4,67,in,no,798808,SCFQFPKEKG,
Duplication,4,68,out,yes,387171,PIIGFSQKKK,
Duplication,4,69,in,no,809608,EYCTPPKEKG,
Duplication,4,70,out,yes,397025,GDNMETQKKK,
Duplication,4,71,out,yes,398466,WPVDSAQKKK,
Duplication,4,72,out,yes,400871,EHYASSQKKK,
Duplication,4,73,out,yes,403306,SPNESIQKKK,
Duplication,4,74,out,yes,409378,LEEENSQKKK,
Duplication,4,75,in,no,836878,QLLEQPKEKG,
Duplication,4,76,out,yes,424599,TSDSMAKRKR,
Duplication,4,77,out,yes,427989,FPSSRAKRKR,
Duplication,4,78,in,no,845739,KPMREPKEKG,
Duplication,5,5,in,no,430269,ILHWQVDLVN,
Duplication,5,6,out,yes,20702,LIHSHRLI,
Duplication,5,7,out,yes,25061,LLDPEG,
Duplication,5,8,in,no,448639,HYSQQVDLVN,
Duplication,5,9,in,no,453407,PFPSQVDLVN,
Duplication,5,10,in,no,460536,FHTHEVDLVN,
Duplication,5,11,out,yes,51227,MEKQSKLI,
Duplication,5,12,in,no,473508,VQQHKVDLVN,
Duplication,5,13,in,no,477938,EEQLKVDLVN,
Duplication,5,14,in,no,482204,LTEEQVDLVN,
Duplication,5,15,in,no,486270,LQKLAVDLVN,
Duplication,5,16,in,no,493194,KSTAQVDLVN,
Duplication,5,17,out,yes,83669,SEIRKRLI,
Duplication,5,18,in,no,504589,KEKVNVDLVN,
Duplication,5,19,out,yes,91574,EQMVNG,
Duplication,5,20,in,no,517359,LKICKVDLVN,
Duplication,5,21,out,yes,107976,KELQTS,
Duplication,5,22,in,no,530075,LGELQVDLVN,
Duplication,5,23,in,no,538451,LRKIQVDLVN,
Duplication,5,24,in,no,542987,LKQCRVDLVN,
Duplication,5,25,in,no,548911,HMCQQVDLVN,
Duplication,5,26,in,no,555703,VEEMKVDLVN,
Duplication,5,27,in,no,562557,CKTLEVDLVN,
Duplication,5,28,in,no,567801,SEVLDVDLVN,
Duplication,5,29,in,no,573708,ELHEEVDLVN,
Duplication,5,30,in,no,579802,PQEAQVDLVN,
Duplication,5,31,in,no,583975,IDVAQVDLVN,
Duplication,5,32,in,no,590813,LNHCVVDLVN,
Duplication,5,33,in,no,596810,ELGAKVDLVN,
Duplication,5,34,in,no,603388,VAWGKVDLVN,
Duplication,5,35,in,no,610158,LNLLLVDLVN,
Duplication,5,36,in,no,615369,EDVLKVDLVN,
Duplication,5,37,in,no,621872,IKTGKVDLVN,
Duplication,5,38,in,no,626599,FNKDMVDLVN,
Duplication,5,39,in,no,632081,HNALKVDLVN,
Duplication,5,40,in,no,638317,ERKIKVDLVN,
Duplication,5,41,in,no,645487,NFAQIVDLVN,
Duplication,5,42,in,no,653001,EESLKVDLVN,
Duplication,5,43,out,yes,243467,YKDRQGLI,
Duplication,5,44,in,no,666083,KWYLKVDLVN,
Duplication,5,45,out,yes,256617,SDRKKRLI,
Duplication,5,46,in,no,678584,LEQVKVDLVN,
Duplication,5,47,in,no,684216,LQWIKVDLVN,
Duplication,5,48,in,no,691435,PFDVKVDLVN,
Duplication,5,49,in,no,695251,TQPVKVDLVN,
Duplication,5,50,out,yes,282954,TTIGAC,
Duplication,5,51,in,no,708020,IIKQKVDLVN,
Duplication,5,52,out,yes,296214,IITDRS,
Duplication,5,53,in,no,721003,ITETKVDLVN,
Duplication,5,54,out,yes,310960,RSIHKRLI,
Duplication,5,55,in,no,734529,MKQWQVDLVN,
Duplication,5,56,out,yes,325191,KSLNIRLI,
Duplication,5,57,in,no,747381,NDVHRVDLVN,
Duplication,5,58,out,yes,335782,YQEPRG,
Duplication,5,59,in,no,762761,LEKVKVDLVN,
Duplication,5,60,in,no,768287,WKLLQVDLVN,
Duplication,5,61,out,yes,354958,QHFLSS,
Duplication,5,62,out,yes,357513,VPYYIKLI,
Duplication,5,63,out,yes,359760,LYQSLG,
Duplication,5,64,out,yes,362728,QKALCC,
Duplication,5,65,out,yes,370649,LNVYDTLI,
Duplication,5,66,out,yes,373727,EDKYRC,
Duplication,5,67,in,no,795911,SCFQFVDLVN,
Duplication,5,68,out,yes,386109,PIIGFRLI,
Duplication,5,69,in,no,806710,EYCTPVDLVN,
Duplication,5,70,out,yes,395894,GDNMETLI,
Duplication,5,71,out,yes,397335,WPVDSALI,
Duplication,5,72,out,yes,399808,EHYASRLI,
Duplication,5,73,out,yes,402193,SPNESMLI,
Duplication,5,74,out,yes,408316,LEEENRLI,
Duplication,5,75,in,no,833981,QLLEQVDLVN,
Duplication,5,76,out,yes,421885,TSDSMG,
Duplication,5,77,out,yes,425274,FPSSRG,
Duplication,5,78,in,no,842842,KPMREVDLVN,
Duplication,6,6,out,yes,20822,LIHSHRSKM,
Duplication,6,7,out,yes,26991,LLDPEGQKCN,
Duplication,6,8,in,no,445159,HYSQQVKNVM,
Duplication,6,9,in,no,449927,PFPSQVKNVM,
Duplication,6,10,in,no,457056,FHTHEVKNVM,
Duplication,6,11,out,yes,51347,MEKQSKSKM,
Duplication,6,12,in,no,470028,VQQHKVKNVM,
Duplication,6,13,in,no,474458,EEQLKVKNVM,
Duplication,6,14,in,no,478724,LTEEQVKNVM,
Duplication,6,15,in,no,482789,LQKLAVKNVM,
Duplication,6,16,in,no,489714,KSTAQVKNVM,
Duplication,6,17,out,yes,83789,SEIRKRSKM,
Duplication,6,18,in,no,501108,KEKVNVKNVM,
Duplication,6,19,out,yes,93504,EQMVNGQKCN,
Duplication,6,20,in,no,513878,LKICKVKNVM,
Duplication,6,21,out,yes,109907,KELQTSQKCN,
Duplication,6,22,in,no,526594,LGELQVKNVM,
Duplication,6,23,in,no,534971,LRKIQVKNVM,
Duplication,6,24,in,no,539507,LKQCRVKNVM,
Duplication,6,25,in,no,545431,HMCQQVKNVM,
Duplication,6,26,in,no,552222,VEEMKVKNVM,
Duplication,6,27,in,no,559076,CKTLEVKNVM,
Duplication,6,28,in,no,564321,SEVLDVKNVM,
Duplication,6,29,in,no,570227,ELHEEVKNVM,
Duplication,6,30,in,no,576322,PQEAQVKNVM,
Duplication,6,31,in,no,580495,IDVAQVKNVM,
Duplication,6,32,in,no,587333,LNHCVVKNVM,
Duplication,6,33,in,no,593330,ELGAKVKNVM,
Duplication,6,34,in,no,599908,VAWGKVKNVM,
Duplication,6,35,in,no,606678,LNLLLVKNVM,
Duplication,6,36,in,no,611889,EDVLKVKNVM,
Duplication,6,37,in,no,618391,IKTGKVKNVM,
Duplication,6,38,in,no,623119,FNKDMVKNVM,
Duplication,6,39,in,no,628601,HNALKVKNVM,
Duplication,6,40,in,no,634837,ERKIKVKNVM,
Duplication,6,41,in,no,642007,NFAQIVKNVM,
Duplication,6,42,in,no,649521,EESLKVKNVM,
Duplication,6,43,out,yes,243587,YKDRQGSKM,
Duplication,6,44,in,no,662603,KWYLKVKNVM,
Duplication,6,45,out,yes,256737,SDRKKRSKM,
Duplication,6,46,in,no,675104,LEQVKVKNVM,
Duplication,6,47,in,no,680736,LQWIKVKNVM,
Duplication,6,48,in,no,687955,PFDVKVKNVM,
Duplication,6,49,in,no,691771,TQPVKVKNVM,
Duplication,6,50,out,yes,284884,TTIGACQKCN,
Duplication,6,51,in,no,704539,IIKQKVKNVM,
Duplication,6,52,out,yes,298145,IITDRSQKCN,
Duplication,6,53,in,no,717523,ITETKVKNVM,
Duplication,6,54,out,yes,311080,RSIHKRSKM,
Duplication,6,55,in,no,731049,MKQWQVKNVM,
Duplication,6,56,out,yes,325311,KSLNIRSKM,
Duplication,6,57,in,no,743901,NDVHRVKNVM,
Duplication,6,58,out,yes,337712,YQEPRGQKCN,
Duplication,6,59,in,no,759280,LEKVKVKNVM,
Duplication,6,60,in,no,764807,WKLLQVKNVM,
Duplication,6,61,out,yes,356888,QHFLSSQKCN,
Duplication,6,62,out,yes,357633,VPYYIKSKM,
Duplication,6,63,out,yes,361691,LYQSLGQKCN,
Duplication,6,64,out,yes,364659,QKALCCQKCN,
Duplication,6,65,out,yes,370769,LNVYDTSKM,
Duplication,6,66,out,yes,375657,EDKYRCQKCN,
Duplication,6,67,in,no,792431,SCFQFVKNVM,
Duplication,6,68,out,yes,386229,PIIGFRSKM,
Duplication,6,69,in,no,803230,EYCTPVKNVM,
Duplication,6,70,out,yes,396014,GDNMETSKM,
Duplication,6,71,out,yes,397455,WPVDSASKM,
Duplication,6,72,out,yes,399928,EHYASRSKM,
Duplication,6,73,out,yes,402313,SPNESMSKM,
Duplication,6,74,out,yes,408436,LEEENRSKM,
Duplication,6,75,in,no,830500,QLLEQVKNVM,
Duplication,6,76,out,yes,423815,TSDSMGQKCN,
Duplication,6,77,out,yes,427205,FPSSRGQKCN,
Duplication,6,78,in,no,839362,KPMREVKNVM,
Duplication,7,7,out,yes,28390,LLDPEGQTYL,
Duplication,7,8,out,yes,32676,HYSQQARPI,
Duplication,7,9,out,yes,37444,PFPSQARPI,
Duplication,7,10,out,yes,44573,FHTHEARPI,
Duplication,7,11,in,no,457314,MEKQSKPDLF,
Duplication,7,12,out,yes,57545,VQQHKARPI,
Duplication,7,13,out,yes,61975,EEQLKARPI,
Duplication,7,14,out,yes,66241,LTEEQARPI,
Duplication,7,15,out,yes,70307,LQKLAARPI,
Duplication,7,16,out,yes,77231,KSTAQARPI,
Duplication,7,17,in,no,489756,SEIRKRPDLF,
Duplication,7,18,out,yes,88626,KEKVNARPI,
Duplication,7,19,out,yes,94904,EQMVNGQTYL,
Duplication,7,20,out,yes,101396,LKICKARPI,
Duplication,7,21,out,yes,111306,KELQTSQTYL,
Duplication,7,22,out,yes,114112,LGELQARPI,
Duplication,7,23,out,yes,122488,LRKIQARPI,
Duplication,7,24,out,yes,127024,LKQCRARPI,
Duplication,7,25,out,yes,132948,HMCQQARPI,
Duplication,7,26,out,yes,139740,VEEMKARPI,
Duplication,7,27,out,yes,146594,CKTLEARPI,
Duplication,7,28,out,yes,151838,SEVLDARPI,
Duplication,7,29,out,yes,157745,ELHEEARPI,
Duplication,7,30,out,yes,163839,PQEAQARPI,
Duplication,7,31,out,yes,168012,IDVAQARPI,
Duplication,7,32,out,yes,174850,LNHCVARPI,
Duplication,7,33,out,yes,180847,ELGAKARPI,
Duplication,7,34,out,yes,187425,VAWGKARPI,
Duplication,7,35,out,yes,194195,LNLLLARPI,
Duplication,7,36,out,yes,199406,EDVLKARPI,
Duplication,7,37,out,yes,205908,IKTGKARPI,
Duplication,7,38,out,yes,210636,FNKDMARPI,
Duplication,7,39,out,yes,216118,HNALKARPI,
Duplication,7,40,out,yes,222354,ERKIKARPI,
Duplication,7,41,out,yes,229524,NFAQIARPI,
Duplication,7,42,out,yes,237038,EESLKARPI,
Duplication,7,43,in,no,649554,YKDRQGPDLF,
Duplication,7,44,out,yes,250120,KWYLKARPI,
Duplication,7,45,in,no,662705,SDRKKRPDLF,
Duplication,7,46,out,yes,262621,LEQVKARPI,
Duplication,7,47,out,yes,268253,LQWIKARPI,
Duplication,7,48,out,yes,275472,PFDVKARPI,
Duplication,7,49,out,yes,279288,TQPVKARPI,
Duplication,7,50,out,yes,286284,TTIGACQTYL,
Duplication,7,51,out,yes,292056,IIKQKARPI,
Duplication,7,52,out,yes,299544,IITDRSQTYL,
Duplication,7,53,out,yes,305040,ITETKARPI,
Duplication,7,54,in,no,717048,RSIHKRPDLF,
Duplication,7,55,out,yes,318566,MKQWQARPI,
Duplication,7,56,in,no,731278,KSLNIRPDLF,
Duplication,7,57,out,yes,331418,NDVHRARPI,
Duplication,7,58,out,yes,339112,YQEPRGQTYL,
Duplication,7,59,out,yes,346798,LEKVKARPI,
Duplication,7,60,out,yes,352324,WKLLQARPI,
Duplication,7,61,out,yes,358288,QHFLSSQTYL,
Duplication,7,62,in,no,763600,VPYYIKPDLF,
Duplication,7,63,out,yes,363090,LYQSLGQTYL,
Duplication,7,64,out,yes,366058,QKALCCQTYL,
Duplication,7,65,in,no,776736,LNVYDTPDLF,
Duplication,7,66,out,yes,377056,EDKYRCQTYL,
Duplication,7,67,out,yes,379948,SCFQFARPI,
Duplication,7,68,in,no,792196,PIIGFRPDLF,
Duplication,7,69,out,yes,390747,EYCTPARPI,
Duplication,7,70,in,no,801981,GDNMETPDLF,
Duplication,7,71,in,no,803422,WPVDSAPDLF,
Duplication,7,72,in,no,805896,EHYASRPDLF,
Duplication,7,73,in,no,808280,SPNESMPDLF,
Duplication,7,74,in,no,814403,LEEENRPDLF,
Duplication,7,75,out,yes,418018,QLLEQARPI,
Duplication,7,76,out,yes,425215,TSDSMGQTYL,
Duplication,7,77,out,yes,428604,FPSSRGQTYL,
Duplication,7,78,out,yes,426879,KPMREARPI,
Duplication,8,8,out,yes,33572,HYSQQMLIPP,
Duplication,8,9,out,yes,38340,PFPSQMLIPP,
Duplication,8,10,out,yes,45469,FHTHEMLIPP,
Duplication,8,11,out,yes,51104,MEKQSKC,
Duplication,8,12,out,yes,58441,VQQHKMLIPP,
Duplication,8,13,out,yes,62871,EEQLKMLIPP,
Duplication,8,14,out,yes,67137,LTEEQMLIPP,
Duplication,8,15,out,yes,71203,LQKLAMLIPP,
Duplication,8,16,out,yes,78127,KSTAQMLIPP,
Duplication,8,17,out,yes,83546,SEIRKRC,
Duplication,8,18,out,yes,89522,KEKVNMLIPP,
Duplication,8,19,in,no,493302,EQMVNDVDTT,
Duplication,8,20,out,yes,102292,LKICKMLIPP,
Duplication,8,21,in,no,509674,KELQTNVDTT,
Duplication,8,22,out,yes,115008,LGELQMLIPP,
Duplication,8,23,out,yes,123384,LRKIQMLIPP,
Duplication,8,24,out,yes,127920,LKQCRMLIPP,
Duplication,8,25,out,yes,133844,HMCQQMLIPP,
Duplication,8,26,out,yes,140636,VEEMKMLIPP,
Duplication,8,27,out,yes,147490,CKTLEMLIPP,
Duplication,8,28,out,yes,152734,SEVLDMLIPP,
Duplication,8,29,out,yes,158641,ELHEEMLIPP,
Duplication,8,30,out,yes,164735,PQEAQMLIPP,
Duplication,8,31,out,yes,168908,IDVAQMLIPP,
Duplication,8,32,out,yes,175747,LNHCVMLIPP,
Duplication,8,33,out,yes,181743,ELGAKMLIPP,
Duplication,8,34,out,yes,188321,VAWGKMLIPP,
Duplication,8,35,out,yes,195091,LNLLLMLIPP,
Duplication,8,36,out,yes,200302,EDVLKMLIPP,
Duplication,8,37,out,yes,206805,IKTGKMLIPP,
Duplication,8,38,out,yes,211532,FNKDMMLIPP,
Duplication,8,39,out,yes,217015,HNALKMLIPP,
Duplication,8,40,out,yes,223250,ERKIKMLIPP,
Duplication,8,41,out,yes,230421,NFAQIMLIPP,
Duplication,8,42,out,yes,237934,EESLKMLIPP,
Duplication,8,43,out,yes,243344,YKDRQGC,
Duplication,8,44,out,yes,251016,KWYLKMLIPP,
Duplication,8,45,out,yes,256494,SDRKKRC,
Duplication,8,46,out,yes,263517,LEQVKMLIPP,
Duplication,8,47,out,yes,269149,LQWIKMLIPP,
Duplication,8,48,out,yes,276369,PFDVKMLIPP,
Duplication,8,49,out,yes,280184,TQPVKMLIPP,
Duplication,8,50,in,no,684684,TTIGAYVDTT,
Duplication,8,51,out,yes,292953,IIKQKMLIPP,
Duplication,8,52,in,no,697911,IITDRNVDTT,
Duplication,8,53,out,yes,305937,ITETKMLIPP,
Duplication,8,54,out,yes,310837,RSIHKRC,
Duplication,8,55,out,yes,319462,MKQWQMLIPP,
Duplication,8,56,out,yes,325068,KSLNIRC,
Duplication,8,57,out,yes,332314,NDVHRMLIPP,
Duplication,8,58,in,no,737510,YQEPRDVDTT,
Duplication,8,59,out,yes,347694,LEKVKMLIPP,
Duplication,8,60,out,yes,353220,WKLLQMLIPP,
Duplication,8,61,in,no,756655,QHFLSNVDTT,
Duplication,8,62,out,yes,357390,VPYYIKC,
Duplication,8,63,in,no,761489,LYQSLDVDTT,
Duplication,8,64,in,no,764458,QKALCYVDTT,
Duplication,8,65,out,yes,370526,LNVYDTC,
Duplication,8,66,in,no,775457,EDKYRYVDTT,
Duplication,8,67,out,yes,380844,SCFQFMLIPP,
Duplication,8,68,out,yes,385986,PIIGFRC,
Duplication,8,69,out,yes,391643,EYCTPMLIPP,
Duplication,8,70,out,yes,395771,GDNMETC,
Duplication,8,71,out,yes,397211,WPVDSAC,
Duplication,8,72,out,yes,399685,EHYASRC,
Duplication,8,73,out,yes,402052,SPNESIC,
Duplication,8,74,out,yes,408193,LEEENRC,
Duplication,8,75,out,yes,418914,QLLEQMLIPP,
Duplication,8,76,in,no,823613,TSDSMDVDTT,
Duplication,8,77,in,no,827003,FPSSRDVDTT,
Duplication,8,78,out,yes,427775,KPMREMLIPP,
Duplication,9,9,in,no,431557,PFPSQITVSL,
Duplication,9,10,in,no,438686,FHTHEITVSL,
Duplication,9,11,out,yes,51430,MEKQSKSRSV,
Duplication,9,12,in,no,451658,VQQHKITVSL,
Duplication,9,13,in,no,456088,EEQLKITVSL,
Duplication,9,14,in,no,460354,LTEEQITVSL,
Duplication,9,15,in,no,464420,LQKLAITVSL,
Duplication,9,16,in,no,471344,KSTAQITVSL,
Duplication,9,17,out,yes,83872,SEIRKRSRSV,
Duplication,9,18,in,no,482739,KEKVNITVSL,
Duplication,9,19,out,yes,92400,EQMVNDHGQS,
Duplication,9,20,in,no,495509,LKICKITVSL,
Duplication,9,21,out,yes,108771,KELQTNHGQS,
Duplication,9,22,in,no,508225,LGELQITVSL,
Duplication,9,23,in,no,516601,LRKIQITVSL,
Duplication,9,24,in,no,521137,LKQCRITVSL,
Duplication,9,25,in,no,527061,HMCQQITVSL,
Duplication,9,26,in,no,533853,VEEMKITVSL,
Duplication,9,27,in,no,540707,CKTLEITVSL,
Duplication,9,28,in,no,545951,SEVLDITVSL,
Duplication,9,29,in,no,551858,ELHEEITVSL,
Duplication,9,30,in,no,557952,PQEAQITVSL,
Duplication,9,31,in,no,562125,IDVAQITVSL,
Duplication,9,32,in,no,568964,LNHCVITVSL,
Duplication,9,33,in,no,574961,ELGAKITVSL,
Duplication,9,34,in,no,581538,VAWGKITVSL,
Duplication,9,35,in,no,588308,LNLLLITVSL,
Duplication,9,36,in,no,593519,EDVLKITVSL,
Duplication,9,37,in,no,600022,IKTGKITVSL,
Duplication,9,38,in,no,604749,FNKDMITVSL,
Duplication,9,39,in,no,610232,HNALKITVSL,
Duplication,9,40,in,no,616467,ERKIKITVSL,
Duplication,9,41,in,no,623638,NFAQIITVSL,
Duplication,9,42,in,no,631151,EESLKITVSL,
Duplication,9,43,out,yes,243670,YKDRQGSRSV,
Duplication,9,44,in,no,644234,KWYLKITVSL,
Duplication,9,45,out,yes,256820,SDRKKRSRSV,
Duplication,9,46,in,no,656734,LEQVKITVSL,
Duplication,9,47,in,no,662366,LQWIKITVSL,
Duplication,9,48,in,no,669586,PFDVKITVSL,
Duplication,9,49,in,no,673401,TQPVKITVSL,
Duplication,9,50,out,yes,283782,TTIGAYHGQS,
Duplication,9,51,in,no,686170,IIKQKITVSL,
Duplication,9,52,out,yes,297009,IITDRNHGQS,
Duplication,9,53,in,no,699154,ITETKITVSL,
Duplication,9,54,out,yes,311163,RSIHKRSRSV,
Duplication,9,55,in,no,712679,MKQWQITVSL,
Duplication,9,56,out,yes,325394,KSLNIRSRSV,
Duplication,9,57,in,no,725531,NDVHRITVSL,
Duplication,9,58,out,yes,336608,YQEPRDHGQS,
Duplication,9,59,in,no,740911,LEKVKITVSL,
Duplication,9,60,in,no,746437,WKLLQITVSL,
Duplication,9,61,out,yes,355753,QHFLSNHGQS,
Duplication,9,62,out,yes,357716,VPYYIKSRSV,
Duplication,9,63,out,yes,360586,LYQSLDHGQS,
Duplication,9,64,out,yes,363556,QKALCYHGQS,
Duplication,9,65,out,yes,370852,LNVYDTSRSV,
Duplication,9,66,out,yes,374555,EDKYRYHGQS,
Duplication,9,67,in,no,774061,SCFQFITVSL,
Duplication,9,68,out,yes,386312,PIIGFRSRSV,
Duplication,9,69,in,no,784861,EYCTPITVSL,
Duplication,9,70,out,yes,396097,GDNMETSRSV,
Duplication,9,71,out,yes,397538,WPVDSASRSV,
Duplication,9,72,out,yes,400011,EHYASRSRSV,
Duplication,9,73,out,yes,402378,SPNESISRSV,
Duplication,9,74,out,yes,408519,LEEENRSRSV,
Duplication,9,75,in,no,812131,QLLEQITVSL,
Duplication,9,76,out,yes,422711,TSDSMDHGQS,
Duplication,9,77,out,yes,426100,FPSSRDHGQS,
Duplication,9,78,in,no,820992,KPMREITVSL,
Duplication,10,10,in,no,433918,FHTHEHLEAP,
Duplication,10,11,out,yes,52514,MEKQSNIWKL,
Duplication,10,12,in,no,446890,VQQHKHLEAP,
Duplication,10,13,in,no,451320,EEQLKHLEAP,
Duplication,10,14,in,no,455586,LTEEQHLEAP,
Duplication,10,15,in,no,459652,LQKLAHLEAP,
Duplication,10,16,in,no,466576,KSTAQHLEAP,
Duplication,10,17,out,yes,84902,SEIRKSIWKL,
Duplication,10,18,in,no,477971,KEKVNHLEAP,
Duplication,10,19,out,yes,91967,EQMVNAFGSS,
Duplication,10,20,in,no,490741,LKICKHLEAP,
Duplication,10,21,out,yes,108369,KELQTTFGSS,
Duplication,10,22,in,no,503457,LGELQHLEAP,
Duplication,10,23,in,no,511833,LRKIQHLEAP,
Duplication,10,24,in,no,516369,LKQCRHLEAP,
Duplication,10,25,in,no,522293,HMCQQHLEAP,
Duplication,10,26,in,no,529085,VEEMKHLEAP,
Duplication,10,27,in,no,535939,CKTLEHLEAP,
Duplication,10,28,in,no,541183,SEVLDHLEAP,
Duplication,10,29,in,no,547090,ELHEEHLEAP,
Duplication,10,30,in,no,553184,PQEAQHLEAP,
Duplication,10,31,in,no,557357,IDVAQHLEAP,
Duplication,10,32,in,no,564195,LNHCVHLEAP,
Duplication,10,33,in,no,570192,ELGAKHLEAP,
Duplication,10,34,in,no,576770,VAWGKHLEAP,
Duplication,10,35,in,no,583540,LNLLLHLEAP,
Duplication,10,36,in,no,588751,EDVLKHLEAP,
Duplication,10,37,in,no,595253,IKTGKHLEAP,
Duplication,10,38,in,no,599981,FNKDMHLEAP,
Duplication,10,39,in,no,605463,HNALKHLEAP,
Duplication,10,40,in,no,611699,ERKIKHLEAP,
Duplication,10,41,in,no,618869,NFAQIHLEAP,
Duplication,10,42,in,no,626383,EESLKHLEAP,
Duplication,10,43,out,yes,244768,YKDRQGIWKL,
Duplication,10,44,in,no,639465,KWYLKHLEAP,
Duplication,10,45,out,yes,257850,SDRKKSIWKL,
Duplication,10,46,in,no,651966,LEQVKHLEAP,
Duplication,10,47,in,no,657598,LQWIKHLEAP,
Duplication,10,48,in,no,664817,PFDVKHLEAP,
Duplication,10,49,in,no,668633,TQPVKHLEAP,
Duplication,10,50,out,yes,283316,TTIGASFGSS,
Duplication,10,51,in,no,681401,IIKQKHLEAP,
Duplication,10,52,out,yes,296607,IITDRTFGSS,
Duplication,10,53,in,no,694385,ITETKHLEAP,
Duplication,10,54,out,yes,312193,RSIHKSIWKL,
Duplication,10,55,in,no,707911,MKQWQHLEAP,
Duplication,10,56,out,yes,326423,KSLNISIWKL,
Duplication,10,57,in,no,720763,NDVHRHLEAP,
Duplication,10,58,out,yes,336175,YQEPRAFGSS,
Duplication,10,59,in,no,736143,LEKVKHLEAP,
Duplication,10,60,in,no,741669,WKLLQHLEAP,
Duplication,10,61,out,yes,355351,QHFLSTFGSS,
Duplication,10,62,out,yes,358801,VPYYINIWKL,
Duplication,10,63,out,yes,360153,LYQSLAFGSS,
Duplication,10,64,out,yes,363091,QKALCSFGSS,
Duplication,10,65,out,yes,371950,LNVYDTIWKL,
Duplication,10,66,out,yes,374089,EDKYRSFGSS,
Duplication,10,67,in,no,769293,SCFQFHLEAP,
Duplication,10,68,out,yes,387341,PIIGFSIWKL,
Duplication,10,69,in,no,780092,EYCTPHLEAP,
Duplication,10,70,out,yes,397196,GDNMETIWKL,
Duplication,10,71,out,yes,398636,WPVDSAIWKL,
Duplication,10,72,out,yes,401041,EHYASSIWKL,
Duplication,10,73,out,yes,403477,SPNESIIWKL,
Duplication,10,74,out,yes,409548,LEEENSIWKL,
Duplication,10,75,in,no,807363,QLLEQHLEAP,
Duplication,10,76,out,yes,422277,TSDSMAFGSS,
Duplication,10,77,out,yes,425667,FPSSRAFGSS,
Duplication,10,78,in,no,816224,KPMREHLEAP,
Duplication,11,11,out,yes,51159,MEKQSKGT,
Duplication,11,12,in,no,439761,VQQHKGYMMD,
Duplication,11,13,in,no,444191,EEQLKGYMMD,
Duplication,11,14,in,no,448457,LTEEQGYMMD,
Duplication,11,15,in,no,452523,LQKLAGYMMD,
Duplication,11,16,in,no,459447,KSTAQGYMMD,
Duplication,11,17,out,yes,83601,SEIRKRGT,
Duplication,11,18,in,no,470842,KEKVNGYMMD,
Duplication,11,19,out,yes,92913,EQMVNGVHDG,
Duplication,11,20,in,no,483612,LKICKGYMMD,
Duplication,11,21,out,yes,109385,KELQTRVHDG,
Duplication,11,22,in,no,496328,LGELQGYMMD,
Duplication,11,23,in,no,504704,LRKIQGYMMD,
Duplication,11,24,in,no,509240,LKQCRGYMMD,
Duplication,11,25,in,no,515164,HMCQQGYMMD,
Duplication,11,26,in,no,521956,VEEMKGYMMD,
Duplication,11,27,in,no,528810,CKTLEGYMMD,
Duplication,11,28,in,no,534054,SEVLDGYMMD,
Duplication,11,29,in,no,539961,ELHEEGYMMD,
Duplication,11,30,in,no,546055,PQEAQGYMMD,
Duplication,11,31,in,no,550228,IDVAQGYMMD,
Duplication,11,32,in,no,557067,LNHCVGYMMD,
Duplication,11,33,in,no,563064,ELGAKGYMMD,
Duplication,11,34,in,no,569641,VAWGKGYMMD,
Duplication,11,35,in,no,576411,LNLLLGYMMD,
Duplication,11,36,in,no,581622,EDVLKGYMMD,
Duplication,11,37,in,no,588125,IKTGKGYMMD,
Duplication,11,38,in,no,592852,FNKDMGYMMD,
Duplication,11,39,in,no,598335,HNALKGYMMD,
Duplication,11,40,in,no,604570,ERKIKGYMMD,
Duplication,11,41,in,no,611741,NFAQIGYMMD,
Duplication,11,42,in,no,619254,EESLKGYMMD,
Duplication,11,43,out,yes,243399,YKDRQGGT,
Duplication,11,44,in,no,632337,KWYLKGYMMD,
Duplication,11,45,out,yes,256549,SDRKKRGT,
Duplication,11,46,in,no,644837,LEQVKGYMMD,
Duplication,11,47,in,no,650469,LQWIKGYMMD,
Duplication,11,48,in,no,657689,PFDVKGYMMD,
Duplication,11,49,in,no,661504,TQPVKGYMMD,
Duplication,11,50,out,yes,284377,TTIGAWVHDG,
Duplication,11,51,in,no,674273,IIKQKGYMMD,
Duplication,11,52,out,yes,297623,IITDRRVHDG,
Duplication,11,53,in,no,687257,ITETKGYMMD,
Duplication,11,54,out,yes,310892,RSIHKRGT,
Duplication,11,55,in,no,700782,MKQWQGYMMD,
Duplication,11,56,out,yes,325122,KSLNIRGT,
Duplication,11,57,in,no,713634,NDVHRGYMMD,
Duplication,11,58,out,yes,337121,YQEPRGVHDG,
Duplication,11,59,in,no,729014,LEKVKGYMMD,
Duplication,11,60,in,no,734540,WKLLQGYMMD,
Duplication,11,61,out,yes,356367,QHFLSRVHDG,
Duplication,11,62,out,yes,357445,VPYYIKGT,
Duplication,11,63,out,yes,361100,LYQSLGVHDG,
Duplication,11,64,out,yes,364151,QKALCWVHDG,
Duplication,11,65,out,yes,370581,LNVYDTGT,
Duplication,11,66,out,yes,375149,EDKYRWVHDG,
Duplication,11,67,in,no,762164,SCFQFGYMMD,
Duplication,11,68,out,yes,386041,PIIGFRGT,
Duplication,11,69,in,no,772964,EYCTPGYMMD,
Duplication,11,70,out,yes,395826,GDNMETGT,
Duplication,11,71,out,yes,397266,WPVDSAGT,
Duplication,11,72,out,yes,399740,EHYASRGT,
Duplication,11,73,out,yes,402125,SPNESMGT,
Duplication,11,74,out,yes,408248,LEEENRGT,
Duplication,11,75,in,no,800234,QLLEQGYMMD,
Duplication,11,76,out,yes,423224,TSDSMGVHDG,
Duplication,11,77,out,yes,426614,FPSSRGVHDG,
Duplication,11,78,in,no,809095,KPMREGYMMD,
Duplication,12,12,out,yes,57356,VQQHKFT,
Duplication,12,13,out,yes,61786,EEQLKFT,
Duplication,12,14,out,yes,66051,LTEEQFT,
Duplication,12,15,out,yes,70117,LQKLAFT,
Duplication,12,16,out,yes,77042,KSTAQFT,
Duplication,12,17,in,no,459176,SEIRKSLHRV,
Duplication,12,18,out,yes,88436,KEKVNFT,
Duplication,12,19,out,yes,92169,EQMVNVYIEF,
Duplication,12,20,out,yes,101206,LKICKFT,
Duplication,12,21,out,yes,108555,KELQTIYIEF,
Duplication,12,22,out,yes,113922,LGELQFT,
Duplication,12,23,out,yes,122298,LRKIQFT,
Duplication,12,24,out,yes,126835,LKQCRFT,
Duplication,12,25,out,yes,132759,HMCQQFT,
Duplication,12,26,out,yes,139550,VEEMKFT,
Duplication,12,27,out,yes,146404,CKTLEFT,
Duplication,12,28,out,yes,151649,SEVLDFT,
Duplication,12,29,out,yes,157555,ELHEEFT,
Duplication,12,30,out,yes,163650,PQEAQFT,
Duplication,12,31,out,yes,167823,IDVAQFT,
Duplication,12,32,out,yes,174661,LNHCVFT,
Duplication,12,33,out,yes,180658,ELGAKFT,
Duplication,12,34,out,yes,187236,VAWGKFT,
Duplication,12,35,out,yes,194005,LNLLLFT,
Duplication,12,36,out,yes,199216,EDVLKFT,
Duplication,12,37,out,yes,205719,IKTGKFT,
Duplication,12,38,out,yes,210447,FNKDMFT,
Duplication,12,39,out,yes,215929,HNALKFT,
Duplication,12,40,out,yes,222165,ERKIKFT,
Duplication,12,41,out,yes,229335,NFAQIFT,
Duplication,12,42,out,yes,236849,EESLKFT,
Duplication,12,43,in,no,619043,YKDRQGLHRV,
Duplication,12,44,out,yes,249931,KWYLKFT,
Duplication,12,45,in,no,632124,SDRKKSLHRV,
Duplication,12,46,out,yes,262432,LEQVKFT,
Duplication,12,47,out,yes,268064,LQWIKFT,
Duplication,12,48,out,yes,275283,PFDVKFT,
Duplication,12,49,out,yes,279098,TQPVKFT,
Duplication,12,50,out,yes,283551,TTIGAFYIEF,
Duplication,12,51,out,yes,291867,IIKQKFT,
Duplication,12,52,out,yes,296793,IITDRIYIEF,
Duplication,12,53,out,yes,304851,ITETKFT,
Duplication,12,54,in,no,686468,RSIHKSLHRV,
Duplication,12,55,out,yes,318377,MKQWQFT,
Duplication,12,56,in,no,700698,KSLNISLHRV,
Duplication,12,57,out,yes,331229,NDVHRFT,
Duplication,12,58,out,yes,336377,YQEPRVYIEF,
Duplication,12,59,out,yes,346608,LEKVKFT,
Duplication,12,60,out,yes,352135,WKLLQFT,
Duplication,12,61,out,yes,355537,QHFLSIYIEF,
Duplication,12,62,in,no,733075,VPYYINLHRV,
Duplication,12,63,out,yes,360355,LYQSLVYIEF,
Duplication,12,64,out,yes,363325,QKALCFYIEF,
Duplication,12,65,in,no,746225,LNVYDTLHRV,
Duplication,12,66,out,yes,374323,EDKYRFYIEF,
Duplication,12,67,out,yes,379759,SCFQFFT,
Duplication,12,68,in,no,761616,PIIGFSLHRV,
Duplication,12,69,out,yes,390558,EYCTPFT,
Duplication,12,70,in,no,771470,GDNMETLHRV,
Duplication,12,71,in,no,772911,WPVDSALHRV,
Duplication,12,72,in,no,775316,EHYASSLHRV,
Duplication,12,73,in,no,777751,SPNESILHRV,
Duplication,12,74,in,no,783823,LEEENSLHRV,
Duplication,12,75,out,yes,417828,QLLEQFT,
Duplication,12,76,out,yes,422480,TSDSMVYIEF,
Duplication,12,77,out,yes,425869,FPSSRVYIEF,
Duplication,12,78,out,yes,426690,KPMREFT,
Duplication,13,13,in,no,431219,EEQLKVLQED,
Duplication,13,14,in,no,435485,LTEEQVLQED,
Duplication,13,15,in,no,439551,LQKLAVLQED,
Duplication,13,16,in,no,446475,KSTAQVLQED,
Duplication,13,17,out,yes,84063,SEIRKRCFKK,
Duplication,13,18,in,no,457870,KEKVNVLQED,
Duplication,13,19,out,yes,93901,EQMVNGASRR,
Duplication,13,20,in,no,470640,LKICKVLQED,
Duplication,13,21,out,yes,110303,KELQTSASRR,
Duplication,13,22,in,no,483356,LGELQVLQED,
Duplication,13,23,in,no,491732,LRKIQVLQED,
Duplication,13,24,in,no,496268,LKQCRVLQED,
Duplication,13,25,in,no,502192,HMCQQVLQED,
Duplication,13,26,in,no,508984,VEEMKVLQED,
Duplication,13,27,in,no,515838,CKTLEVLQED,
Duplication,13,28,in,no,521082,SEVLDVLQED,
Duplication,13,29,in,no,526989,ELHEEVLQED,
Duplication,13,30,in,no,533083,PQEAQVLQED,
Duplication,13,31,in,no,537256,IDVAQVLQED,
Duplication,13,32,in,no,544094,LNHCVVLQED,
Duplication,13,33,in,no,550091,ELGAKVLQED,
Duplication,13,34,in,no,556669,VAWGKVLQED,
Duplication,13,35,in,no,563439,LNLLLVLQED,
Duplication,13,36,in,no,568650,EDVLKVLQED,
Duplication,13,37,in,no,575153,IKTGKVLQED,
Duplication,13,38,in,no,579880,FNKDMVLQED,
Duplication,13,39,in,no,585363,HNALKVLQED,
Duplication,13,40,in,no,591598,ERKIKVLQED,
Duplication,13,41,in,no,598768,NFAQIVLQED,
Duplication,13,42,in,no,606282,EESLKVLQED,
Duplication,13,43,out,yes,243860,YKDRQGCFKK,
Duplication,13,44,in,no,619364,KWYLKVLQED,
Duplication,13,45,out,yes,257011,SDRKKRCFKK,
Duplication,13,46,in,no,631865,LEQVKVLQED,
Duplication,13,47,in,no,637497,LQWIKVLQED,
Duplication,13,48,in,no,644716,PFDVKVLQED,
Duplication,13,49,in,no,648532,TQPVKVLQED,
Duplication,13,50,out,yes,285281,TTIGACASRR,
Duplication,13,51,in,no,661301,IIKQKVLQED,
Duplication,13,52,out,yes,298541,IITDRSASRR,
Duplication,13,53,in,no,674284,ITETKVLQED,
Duplication,13,54,out,yes,311354,RSIHKRCFKK,
Duplication,13,55,in,no,687810,MKQWQVLQED,
Duplication,13,56,out,yes,325584,KSLNIRCFKK,
Duplication,13,57,in,no,700662,NDVHRVLQED,
Duplication,13,58,out,yes,338109,YQEPRGASRR,
Duplication,13,59,in,no,716042,LEKVKVLQED,
Duplication,13,60,in,no,721568,WKLLQVLQED,
Duplication,13,61,out,yes,357285,QHFLSSASRR,
Duplication,13,62,out,yes,357907,VPYYIKCFKK,
Duplication,13,63,out,yes,362087,LYQSLGASRR,
Duplication,13,64,out,yes,365055,QKALCCASRR,
Duplication,13,65,out,yes,371042,LNVYDTCFKK,
Duplication,13,66,out,yes,376053,EDKYRCASRR,
Duplication,13,67,in,no,749192,SCFQFVLQED,
Duplication,13,68,out,yes,386502,PIIGFRCFKK,
Duplication,13,69,in,no,759991,EYCTPVLQED,
Duplication,13,70,out,yes,396288,GDNMETCFKK,
Duplication,13,71,out,yes,397728,WPVDSACFKK,
Duplication,13,72,out,yes,400202,EHYASRCFKK,
Duplication,13,73,out,yes,402586,SPNESMCFKK,
Duplication,13,74,out,yes,408710,LEEENRCFKK,
Duplication,13,75,in,no,787262,QLLEQVLQED,
Duplication,13,76,out,yes,424212,TSDSMGASRR,
Duplication,13,77,out,yes,427601,FPSSRGASRR,
Duplication,13,78,in,no,796123,KPMREVLQED,
Duplication,14,14,in,no,431055,LTEEQVLGDR,
Duplication,14,15,in,no,435121,LQKLAVLGDR,
Duplication,14,16,in,no,442045,KSTAQVLGDR,
Duplication,14,17,out,yes,88772,SEIRKRYWEI,
Duplication,14,18,in,no,453440,KEKVNVLGDR,
Duplication,14,19,out,yes,92554,EQMVNGIGRS,
Duplication,14,20,in,no,466210,LKICKVLGDR,
Duplication,14,21,out,yes,108957,KELQTSIGRS,
Duplication,14,22,in,no,478926,LGELQVLGDR,
Duplication,14,23,in,no,487302,LRKIQVLGDR,
Duplication,14,24,in,no,491838,LKQCRVLGDR,
Duplication,14,25,in,no,497762,HMCQQVLGDR,
Duplication,14,26,in,no,504554,VEEMKVLGDR,
Duplication,14,27,in,no,511408,CKTLEVLGDR,
Duplication,14,28,in,no,516653,SEVLDVLGDR,
Duplication,14,29,in,no,522559,ELHEEVLGDR,
Duplication,14,30,in,no,528653,PQEAQVLGDR,
Duplication,14,31,in,no,532826,IDVAQVLGDR,
Duplication,14,32,in,no,539665,LNHCVVLGDR,
Duplication,14,33,in,no,545662,ELGAKVLGDR,
Duplication,14,34,in,no,552239,VAWGKVLGDR,
Duplication,14,35,in,no,559009,LNLLLVLGDR,
Duplication,14,36,in,no,564220,EDVLKVLGDR,
Duplication,14,37,in,no,570723,IKTGKVLGDR,
Duplication,14,38,in,no,575450,FNKDMVLGDR,
Duplication,14,39,in,no,580933,HNALKVLGDR,
Duplication,14,40,in,no,587168,ERKIKVLGDR,
Duplication,14,41,in,no,594339,NFAQIVLGDR,
Duplication,14,42,in,no,601852,EESLKVLGDR,
Duplication,14,43,out,yes,248570,YKDRQGYWEI,
Duplication,14,44,in,no,614935,KWYLKVLGDR,
Duplication,14,45,out,yes,261720,SDRKKRYWEI,
Duplication,14,46,in,no,627435,LEQVKVLGDR,
Duplication,14,47,in,no,633067,LQWIKVLGDR,
Duplication,14,48,in,no,640287,PFDVKVLGDR,
Duplication,14,49,in,no,644102,TQPVKVLGDR,
Duplication,14,50,out,yes,283934,TTIGACIGRS,
Duplication,14,51,in,no,656871,IIKQKVLGDR,
Duplication,14,52,out,yes,297195,IITDRSIGRS,
Duplication,14,53,in,no,669855,ITETKVLGDR,
Duplication,14,54,out,yes,316063,RSIHKRYWEI,
Duplication,14,55,in,no,683380,MKQWQVLGDR,
Duplication,14,56,out,yes,330294,KSLNIRYWEI,
Duplication,14,57,in,no,696232,NDVHRVLGDR,
Duplication,14,58,out,yes,336762,YQEPRGIGRS,
Duplication,14,59,in,no,711612,LEKVKVLGDR,
Duplication,14,60,in,no,717138,WKLLQVLGDR,
Duplication,14,61,out,yes,355938,QHFLSSIGRS,
Duplication,14,62,out,yes,362616,VPYYIKYWEI,
Duplication,14,63,out,yes,360741,LYQSLGIGRS,
Duplication,14,64,out,yes,363709,QKALCCIGRS,
Duplication,14,65,out,yes,375752,LNVYDTYWEI,
Duplication,14,66,out,yes,374707,EDKYRCIGRS,
Duplication,14,67,in,no,744762,SCFQFVLGDR,
Duplication,14,68,out,yes,391212,PIIGFRYWEI,
Duplication,14,69,in,no,755562,EYCTPVLGDR,
Duplication,14,70,out,yes,400997,GDNMETYWEI,
Duplication,14,71,out,yes,402438,WPVDSAYWEI,
Duplication,14,72,out,yes,404911,EHYASRYWEI,
Duplication,14,73,out,yes,407296,SPNESMYWEI,
Duplication,14,74,out,yes,413419,LEEENRYWEI,
Duplication,14,75,in,no,782832,QLLEQVLGDR,
Duplication,14,76,out,yes,422865,TSDSMGIGRS,
Duplication,14,77,out,yes,426255,FPSSRGIGRS,
Duplication,14,78,in,no,791693,KPMREVLGDR,
Duplication,15,15,in,no,430855,LQKLACLFSA,
Duplication,15,16,in,no,437779,KSTAQCLFSA,
Duplication,15,17,out,yes,84918,SEIRKSAFLV,
Duplication,15,18,in,no,449174,KEKVNCLFSA,
Duplication,15,19,out,yes,91860,EQMVNVPF,
Duplication,15,20,in,no,461944,LKICKCLFSA,
Duplication,15,21,out,yes,108265,KELQTMPF,
Duplication,15,22,in,no,474660,LGELQCLFSA,
Duplication,15,23,in,no,483036,LRKIQCLFSA,
Duplication,15,24,in,no,487573,LKQCRCLFSA,
Duplication,15,25,in,no,493496,HMCQQCLFSA,
Duplication,15,26,in,no,500288,VEEMKCLFSA,
Duplication,15,27,in,no,507142,CKTLECLFSA,
Duplication,15,28,in,no,512387,SEVLDCLFSA,
Duplication,15,29,in,no,518293,ELHEECLFSA,
Duplication,15,30,in,no,524387,PQEAQCLFSA,
Duplication,15,31,in,no,528560,IDVAQCLFSA,
Duplication,15,32,in,no,535399,LNHCVCLFSA,
Duplication,15,33,in,no,541396,ELGAKCLFSA,
Duplication,15,34,in,no,547973,VAWGKCLFSA,
Duplication,15,35,in,no,554743,LNLLLCLFSA,
Duplication,15,36,in,no,559954,EDVLKCLFSA,
Duplication,15,37,in,no,566457,IKTGKCLFSA,
Duplication,15,38,in,no,571184,FNKDMCLFSA,
Duplication,15,39,in,no,576667,HNALKCLFSA,
Duplication,15,40,in,no,582902,ERKIKCLFSA,
Duplication,15,41,in,no,590073,NFAQICLFSA,
Duplication,15,42,in,no,597586,EESLKCLFSA,
Duplication,15,43,out,yes,244784,YKDRQGAFLV,
Duplication,15,44,in,no,610669,KWYLKCLFSA,
Duplication,15,45,out,yes,257866,SDRKKSAFLV,
Duplication,15,46,in,no,623169,LEQVKCLFSA,
Duplication,15,47,in,no,628801,LQWIKCLFSA,
Duplication,15,48,in,no,636021,PFDVKCLFSA,
Duplication,15,49,in,no,639836,TQPVKCLFSA,
Duplication,15,50,out,yes,283208,TTIGALPF,
Duplication,15,51,in,no,652605,IIKQKCLFSA,
Duplication,15,52,out,yes,296503,IITDRMPF,
Duplication,15,53,in,no,665589,ITETKCLFSA,
Duplication,15,54,out,yes,312209,RSIHKSAFLV,
Duplication,15,55,in,no,679114,MKQWQCLFSA,
Duplication,15,56,out,yes,326439,KSLNISAFLV,
Duplication,15,57,in,no,691966,NDVHRCLFSA,
Duplication,15,58,out,yes,336068,YQEPRVPF,
Duplication,15,59,in,no,707346,LEKVKCLFSA,
Duplication,15,60,in,no,712872,WKLLQCLFSA,
Duplication,15,61,out,yes,355246,QHFLSMPF,
Duplication,15,62,out,yes,358817,VPYYINAFLV,
Duplication,15,63,out,yes,360047,LYQSLVPF,
Duplication,15,64,out,yes,362982,QKALCLPF,
Duplication,15,65,out,yes,371966,LNVYDTAFLV,
Duplication,15,66,out,yes,373981,EDKYRLPF,
Duplication,15,67,in,no,740497,SCFQFCLFSA,
Duplication,15,68,out,yes,387357,PIIGFSAFLV,
Duplication,15,69,in,no,751296,EYCTPCLFSA,
Duplication,15,70,out,yes,397212,GDNMETAFLV,
Duplication,15,71,out,yes,398652,WPVDSAAFLV,
Duplication,15,72,out,yes,401057,EHYASSAFLV,
Duplication,15,73,out,yes,403493,SPNESIAFLV,
Duplication,15,74,out,yes,409565,LEEENSAFLV,
Duplication,15,75,in,no,778566,QLLEQCLFSA,
Duplication,15,76,out,yes,422171,TSDSMVPF,
Duplication,15,77,out,yes,425561,FPSSRVPF,
Duplication,15,78,in,no,787427,KPMRECLFSA,
Duplication,16,16,in,no,433713,KSTAQVLKAD,
Duplication,16,17,out,yes,83590,SEIRKRF,
Duplication,16,18,in,no,445108,KEKVNVLKAD,
Duplication,16,19,out,yes,94758,EQMVNGFKSG,
Duplication,16,20,in,no,457878,LKICKVLKAD,
Duplication,16,21,out,yes,111160,KELQTSFKSG,
Duplication,16,22,in,no,470594,LGELQVLKAD,
Duplication,16,23,in,no,478970,LRKIQVLKAD,
Duplication,16,24,in,no,483507,LKQCRVLKAD,
Duplication,16,25,in,no,489430,HMCQQVLKAD,
Duplication,16,26,in,no,496222,VEEMKVLKAD,
Duplication,16,27,in,no,503076,CKTLEVLKAD,
Duplication,16,28,in,no,508321,SEVLDVLKAD,
Duplication,16,29,in,no,514227,ELHEEVLKAD,
Duplication,16,30,in,no,520322,PQEAQVLKAD,
Duplication,16,31,in,no,524495,IDVAQVLKAD,
Duplication,16,32,in,no,531333,LNHCVVLKAD,
Duplication,16,33,in,no,537330,ELGAKVLKAD,
Duplication,16,34,in,no,543907,VAWGKVLKAD,
Duplication,16,35,in,no,550677,LNLLLVLKAD,
Duplication,16,36,in,no,555888,EDVLKVLKAD,
Duplication,16,37,in,no,562391,IKTGKVLKAD,
Duplication,16,38,in,no,567118,FNKDMVLKAD,
Duplication,16,39,in,no,572601,HNALKVLKAD,
Duplication,16,40,in,no,578837,ERKIKVLKAD,
Duplication,16,41,in,no,586007,NFAQIVLKAD,
Duplication,16,42,in,no,593520,EESLKVLKAD,
Duplication,16,43,out,yes,243388,YKDRQGF,
Duplication,16,44,in,no,606603,KWYLKVLKAD,
Duplication,16,45,out,yes,256538,SDRKKRF,
Duplication,16,46,in,no,619103,LEQVKVLKAD,
Duplication,16,47,in,no,624735,LQWIKVLKAD,
Duplication,16,48,in,no,631955,PFDVKVLKAD,
Duplication,16,49,in,no,635770,TQPVKVLKAD,
Duplication,16,50,out,yes,286138,TTIGACFKSG,
Duplication,16,51,in,no,648539,IIKQKVLKAD,
Duplication,16,52,out,yes,299398,IITDRSFKSG,
Duplication,16,53,in,no,661523,ITETKVLKAD,
Duplication,16,54,out,yes,310881,RSIHKRF,
Duplication,16,55,in,no,675048,MKQWQVLKAD,
Duplication,16,56,out,yes,325112,KSLNIRF,
Duplication,16,57,in,no,687900,NDVHRVLKAD,
Duplication,16,58,out,yes,338966,YQEPRGFKSG,
Duplication,16,59,in,no,703280,LEKVKVLKAD,
Duplication,16,60,in,no,708807,WKLLQVLKAD,
Duplication,16,61,out,yes,358142,QHFLSSFKSG,
Duplication,16,62,out,yes,357434,VPYYIKF,
Duplication,16,63,out,yes,362944,LYQSLGFKSG,
Duplication,16,64,out,yes,365912,QKALCCFKSG,
Duplication,16,65,out,yes,370570,LNVYDTF,
Duplication,16,66,out,yes,376910,EDKYRCFKSG,
Duplication,16,67,in,no,736431,SCFQFVLKAD,
Duplication,16,68,out,yes,386030,PIIGFRF,
Duplication,16,69,in,no,747230,EYCTPVLKAD,
Duplication,16,70,out,yes,395815,GDNMETF,
Duplication,16,71,out,yes,397255,WPVDSAF,
Duplication,16,72,out,yes,399729,EHYASRF,
Duplication,16,73,out,yes,402114,SPNESMF,
Duplication,16,74,out,yes,408237,LEEENRF,
Duplication,16,75,in,no,774500,QLLEQVLKAD,
Duplication,16,76,out,yes,425068,TSDSMGFKSG,
Duplication,16,77,out,yes,428458,FPSSRGFKSG,
Duplication,16,78,in,no,783362,KPMREVLKAD,
Duplication,17,17,out,yes,84752,SEIRKRFHRL,
Duplication,17,18,in,no,438184,KEKVNISQAV,
Duplication,17,19,out,yes,97208,EQMVNDFTGC,
Duplication,17,20,in,no,450954,LKICKISQAV,
Duplication,17,21,out,yes,113580,KELQTNFTGC,
Duplication,17,22,in,no,463670,LGELQISQAV,
Duplication,17,23,in,no,472046,LRKIQISQAV,
Duplication,17,24,in,no,476582,LKQCRISQAV,
Duplication,17,25,in,no,482506,HMCQQISQAV,
Duplication,17,26,in,no,489298,VEEMKISQAV,
Duplication,17,27,in,no,496152,CKTLEISQAV,
Duplication,17,28,in,no,501396,SEVLDISQAV,
Duplication,17,29,in,no,507303,ELHEEISQAV,
Duplication,17,30,in,no,513397,PQEAQISQAV,
Duplication,17,31,in,no,517570,IDVAQISQAV,
Duplication,17,32,in,no,524408,LNHCVISQAV,
Duplication,17,33,in,no,530405,ELGAKISQAV,
Duplication,17,34,in,no,536983,VAWGKISQAV,
Duplication,17,35,in,no,543753,LNLLLISQAV,
Duplication,17,36,in,no,548964,EDVLKISQAV,
Duplication,17,37,in,no,555467,IKTGKISQAV,
Duplication,17,38,in,no,560194,FNKDMISQAV,
Duplication,17,39,in,no,565677,HNALKISQAV,
Duplication,17,40,in,no,571912,ERKIKISQAV,
Duplication,17,41,in,no,579082,NFAQIISQAV,
Duplication,17,42,in,no,586596,EESLKISQAV,
Duplication,17,43,out,yes,244550,YKDRQGFHRL,
Duplication,17,44,in,no,599678,KWYLKISQAV,
Duplication,17,45,out,yes,257701,SDRKKRFHRL,
Duplication,17,46,in,no,612179,LEQVKISQAV,
Duplication,17,47,in,no,617811,LQWIKISQAV,
Duplication,17,48,in,no,625030,PFDVKISQAV,
Duplication,17,49,in,no,628846,TQPVKISQAV,
Duplication,17,50,out,yes,288590,TTIGAYFTGC,
Duplication,17,51,in,no,641615,IIKQKISQAV,
Duplication,17,52,out,yes,301817,IITDRNFTGC,
Duplication,17,53,in,no,654598,ITETKISQAV,
Duplication,17,54,out,yes,312044,RSIHKRFHRL,
Duplication,17,55,in,no,668124,MKQWQISQAV,
Duplication,17,56,out,yes,326274,KSLNIRFHRL,
Duplication,17,57,in,no,680976,NDVHRISQAV,
Duplication,17,58,out,yes,341416,YQEPRDFTGC,
Duplication,17,59,in,no,696356,LEKVKISQAV,
Duplication,17,60,in,no,701882,WKLLQISQAV,
Duplication,17,61,out,yes,360561,QHFLSNFTGC,
Duplication,17,62,out,yes,358596,VPYYIKFHRL,
Duplication,17,63,out,yes,365395,LYQSLDFTGC,
Duplication,17,64,out,yes,368364,QKALCYFTGC,
Duplication,17,65,out,yes,371732,LNVYDTFHRL,
Duplication,17,66,out,yes,379363,EDKYRYFTGC,
Duplication,17,67,in,no,729506,SCFQFISQAV,
Duplication,17,68,out,yes,387192,PIIGFRFHRL,
Duplication,17,69,in,no,740305,EYCTPISQAV,
Duplication,17,70,out,yes,396977,GDNMETFHRL,
Duplication,17,71,out,yes,398418,WPVDSAFHRL,
Duplication,17,72,out,yes,400892,EHYASRFHRL,
Duplication,17,73,out,yes,403258,SPNESIFHRL,
Duplication,17,74,out,yes,409399,LEEENRFHRL,
Duplication,17,75,in,no,767576,QLLEQISQAV,
Duplication,17,76,out,yes,427519,TSDSMDFTGC,
Duplication,17,77,out,yes,430909,FPSSRDFTGC,
Duplication,17,78,in,no,776437,KPMREISQAV,
Duplication,18,18,out,yes,88447,KEKVNVGC,
Duplication,18,19,out,yes,92118,EQMVNGWMLI,
Duplication,18,20,out,yes,101217,LKICKVGC,
Duplication,18,21,out,yes,108520,KELQTSWMLI,
Duplication,18,22,out,yes,113933,LGELQVGC,
Duplication,18,23,out,yes,122310,LRKIQVGC,
Duplication,18,24,out,yes,126846,LKQCRVGC,
Duplication,18,25,out,yes,132770,HMCQQVGC,
Duplication,18,26,out,yes,139561,VEEMKVGC,
Duplication,18,27,out,yes,146415,CKTLEVGC,
Duplication,18,28,out,yes,151660,SEVLDVGC,
Duplication,18,29,out,yes,157567,ELHEEVGC,
Duplication,18,30,out,yes,163661,PQEAQVGC,
Duplication,18,31,out,yes,167834,IDVAQVGC,
Duplication,18,32,out,yes,174672,LNHCVVGC,
Duplication,18,33,out,yes,180669,ELGAKVGC,
Duplication,18,34,out,yes,187247,VAWGKVGC,
Duplication,18,35,out,yes,194017,LNLLLVGC,
Duplication,18,36,out,yes,199228,EDVLKVGC,
Duplication,18,37,out,yes,205730,IKTGKVGC,
Duplication,18,38,out,yes,210458,FNKDMVGC,
Duplication,18,39,out,yes,215940,HNALKVGC,
Duplication,18,40,out,yes,222176,ERKIKVGC,
Duplication,18,41,out,yes,229346,NFAQIVGC,
Duplication,18,42,out,yes,236860,EESLKVGC,
Duplication,18,43,in,no,586587,YKDRQGLDVD,
Duplication,18,44,out,yes,249942,KWYLKVGC,
Duplication,18,45,in,no,599737,SDRKKRLDVD,
Duplication,18,46,out,yes,262443,LEQVKVGC,
Duplication,18,47,out,yes,268075,LQWIKVGC,
Duplication,18,48,out,yes,275294,PFDVKVGC,
Duplication,18,49,out,yes,279110,TQPVKVGC,
Duplication,18,50,out,yes,283498,TTIGACWMLI,
Duplication,18,51,out,yes,291878,IIKQKVGC,
Duplication,18,52,out,yes,296758,IITDRSWMLI,
Duplication,18,53,out,yes,304862,ITETKVGC,
Duplication,18,54,in,no,654080,RSIHKRLDVD,
Duplication,18,55,out,yes,318388,MKQWQVGC,
Duplication,18,56,in,no,668311,KSLNIRLDVD,
Duplication,18,57,out,yes,331240,NDVHRVGC,
Duplication,18,58,out,yes,336326,YQEPRGWMLI,
Duplication,18,59,out,yes,346619,LEKVKVGC,
Duplication,18,60,out,yes,352146,WKLLQVGC,
Duplication,18,61,out,yes,355502,QHFLSSWMLI,
Duplication,18,62,in,no,700633,VPYYIKLDVD,
Duplication,18,63,out,yes,360304,LYQSLGWMLI,
Duplication,18,64,out,yes,363272,QKALCCWMLI,
Duplication,18,65,in,no,713769,LNVYDTLDVD,
Duplication,18,66,out,yes,374270,EDKYRCWMLI,
Duplication,18,67,out,yes,379770,SCFQFVGC,
Duplication,18,68,in,no,729229,PIIGFRLDVD,
Duplication,18,69,out,yes,390569,EYCTPVGC,
Duplication,18,70,in,no,739014,GDNMETLDVD,
Duplication,18,71,in,no,740454,WPVDSALDVD,
Duplication,18,72,in,no,742928,EHYASRLDVD,
Duplication,18,73,in,no,745313,SPNESMLDVD,
Duplication,18,74,in,no,751436,LEEENRLDVD,
Duplication,18,75,out,yes,417840,QLLEQVGC,
Duplication,18,76,out,yes,422429,TSDSMGWMLI,
Duplication,18,77,out,yes,425818,FPSSRGWMLI,
Duplication,18,78,out,yes,426701,KPMREVGC,
Duplication,19,19,out,yes,92310,EQMVNGHRAR,
Duplication,19,20,in,no,439559,LKICKAIERE,
Duplication,19,21,out,yes,108712,KELQTSHRAR,
Duplication,19,22,in,no,452275,LGELQAIERE,
Duplication,19,23,in,no,460651,LRKIQAIERE,
Duplication,19,24,in,no,465188,LKQCRAIERE,
Duplication,19,25,in,no,471111,HMCQQAIERE,
Duplication,19,26,in,no,477903,VEEMKAIERE,
Duplication,19,27,in,no,484757,CKTLEAIERE,
Duplication,19,28,in,no,490002,SEVLDAIERE,
Duplication,19,29,in,no,495908,ELHEEAIERE,
Duplication,19,30,in,no,502003,PQEAQAIERE,
Duplication,19,31,in,no,506176,IDVAQAIERE,
Duplication,19,32,in,no,513014,LNHCVAIERE,
Duplication,19,33,in,no,519011,ELGAKAIERE,
Duplication,19,34,in,no,525588,VAWGKAIERE,
Duplication,19,35,in,no,532358,LNLLLAIERE,
Duplication,19,36,in,no,537569,EDVLKAIERE,
Duplication,19,37,in,no,544072,IKTGKAIERE,
Duplication,19,38,in,no,548799,FNKDMAIERE,
Duplication,19,39,in,no,554282,HNALKAIERE,
Duplication,19,40,in,no,560517,ERKIKAIERE,
Duplication,19,41,in,no,567688,NFAQIAIERE,
Duplication,19,42,in,no,575201,EESLKAIERE,
Duplication,19,43,out,yes,243337,YKDRQGP,
Duplication,19,44,in,no,588284,KWYLKAIERE,
Duplication,19,45,out,yes,256488,SDRKKRP,
Duplication,19,46,in,no,600784,LEQVKAIERE,
Duplication,19,47,in,no,606416,LQWIKAIERE,
Duplication,19,48,in,no,613636,PFDVKAIERE,
Duplication,19,49,in,no,617451,TQPVKAIERE,
Duplication,19,50,out,yes,283690,TTIGACHRAR,
Duplication,19,51,in,no,630220,IIKQKAIERE,
Duplication,19,52,out,yes,296950,IITDRSHRAR,
Duplication,19,53,in,no,643204,ITETKAIERE,
Duplication,19,54,out,yes,310831,RSIHKRP,
Duplication,19,55,in,no,656729,MKQWQAIERE,
Duplication,19,56,out,yes,325061,KSLNIRP,
Duplication,19,57,in,no,669581,NDVHRAIERE,
Duplication,19,58,out,yes,336518,YQEPRGHRAR,
Duplication,19,59,in,no,684961,LEKVKAIERE,
Duplication,19,60,in,no,690487,WKLLQAIERE,
Duplication,19,61,out,yes,355694,QHFLSSHRAR,
Duplication,19,62,out,yes,357384,VPYYIKP,
Duplication,19,63,out,yes,360496,LYQSLGHRAR,
Duplication,19,64,out,yes,363464,QKALCCHRAR,
Duplication,19,65,out,yes,370519,LNVYDTP,
Duplication,19,66,out,yes,374463,EDKYRCHRAR,
Duplication,19,67,in,no,718112,SCFQFAIERE,
Duplication,19,68,out,yes,385979,PIIGFRP,
Duplication,19,69,in,no,728911,EYCTPAIERE,
Duplication,19,70,out,yes,395765,GDNMETP,
Duplication,19,71,out,yes,397205,WPVDSAP,
Duplication,19,72,out,yes,399679,EHYASRP,
Duplication,19,73,out,yes,402064,SPNESMP,
Duplication,19,74,out,yes,408187,LEEENRP,
Duplication,19,75,in,no,756181,QLLEQAIERE,
Duplication,19,76,out,yes,422621,TSDSMGHRAR,
Duplication,19,77,out,yes,426010,FPSSRGHRAR,
Duplication,19,78,in,no,765043,KPMREAIERE,
Duplication,20,20,out,yes,102553,LKICKRVLMQ,
Duplication,20,21,in,no,443160,KELQTKGVNA,
Duplication,20,22,out,yes,115269,LGELQRVLMQ,
Duplication,20,23,out,yes,123645,LRKIQRVLMQ,
Duplication,20,24,out,yes,128182,LKQCRRVLMQ,
Duplication,20,25,out,yes,134105,HMCQQRVLMQ,
Duplication,20,26,out,yes,140897,VEEMKRVLMQ,
Duplication,20,27,out,yes,147751,CKTLERVLMQ,
Duplication,20,28,out,yes,152996,SEVLDRVLMQ,
Duplication,20,29,out,yes,158902,ELHEERVLMQ,
Duplication,20,30,out,yes,164997,PQEAQRVLMQ,
Duplication,20,31,out,yes,169170,IDVAQRVLMQ,
Duplication,20,32,out,yes,176008,LNHCVRVLMQ,
Duplication,20,33,out,yes,182005,ELGAKRVLMQ,
Duplication,20,34,out,yes,188582,VAWGKRVLMQ,
Duplication,20,35,out,yes,195352,LNLLLRVLMQ,
Duplication,20,36,out,yes,200563,EDVLKRVLMQ,
Duplication,20,37,out,yes,207066,IKTGKRVLMQ,
Duplication,20,38,out,yes,211793,FNKDMRVLMQ,
Duplication,20,39,out,yes,217276,HNALKRVLMQ,
Duplication,20,40,out,yes,223511,ERKIKRVLMQ,
Duplication,20,41,out,yes,230682,NFAQIRVLMQ,
Duplication,20,42,out,yes,238195,EESLKRVLMQ,
Duplication,20,43,out,yes,243401,YKDRQGGC,
Duplication,20,44,out,yes,251278,KWYLKRVLMQ,
Duplication,20,45,out,yes,256551,SDRKKRGC,
Duplication,20,46,out,yes,263778,LEQVKRVLMQ,
Duplication,20,47,out,yes,269410,LQWIKRVLMQ,
Duplication,20,48,out,yes,276630,PFDVKRVLMQ,
Duplication,20,49,out,yes,280445,TQPVKRVLMQ,
Duplication,20,50,in,yes,282851,TTIGA,
Duplication,20,51,out,yes,293214,IIKQKRVLMQ,
Duplication,20,52,in,no,631398,IITDRKGVNA,
Duplication,20,53,out,yes,306198,ITETKRVLMQ,
Duplication,20,54,out,yes,310894,RSIHKRGC,
Duplication,20,55,out,yes,319723,MKQWQRVLMQ,
Duplication,20,56,out,yes,325125,KSLNIRGC,
Duplication,20,57,out,yes,332575,NDVHRRVLMQ,
Duplication,20,58,in,no,670997,YQEPREGVNA,
Duplication,20,59,out,yes,347955,LEKVKRVLMQ,
Duplication,20,60,out,yes,353481,WKLLQRVLMQ,
Duplication,20,61,in,no,690142,QHFLSKGVNA,
Duplication,20,62,out,yes,357447,VPYYIKGC,
Duplication,20,63,in,no,694975,LYQSLEGVNA,
Duplication,20,64,in,yes,362625,QKALC,
Duplication,20,65,out,yes,370583,LNVYDTGC,
Duplication,20,66,in,yes,373623,EDKYR,
Duplication,20,67,out,yes,381106,SCFQFRVLMQ,
Duplication,20,68,out,yes,386043,PIIGFRGC,
Duplication,20,69,out,yes,391905,EYCTPRVLMQ,
Duplication,20,70,out,yes,395828,GDNMETGC,
Duplication,20,71,out,yes,397269,WPVDSAGC,
Duplication,20,72,out,yes,399742,EHYASRGC,
Duplication,20,73,out,yes,402109,SPNESIGC,
Duplication,20,74,out,yes,408250,LEEENRGC,
Duplication,20,75,out,yes,419175,QLLEQRVLMQ,
Duplication,20,76,in,no,757100,TSDSMEGVNA,
Duplication,20,77,in,no,760489,FPSSREGVNA,
Duplication,20,78,out,yes,428037,KPMRERVLMQ,
Duplication,21,21,out,yes,108046,KELQTR,
Duplication,21,22,in,no,439505,LGELQDEVNR,
Duplication,21,23,in,no,447881,LRKIQDEVNR,
Duplication,21,24,in,no,452418,LKQCRDEVNR,
Duplication,21,25,in,no,458341,HMCQQDEVNR,
Duplication,21,26,in,no,465133,VEEMKDEVNR,
Duplication,21,27,in,no,471987,CKTLEDEVNR,
Duplication,21,28,in,no,477232,SEVLDDEVNR,
Duplication,21,29,in,no,483138,ELHEEDEVNR,
Duplication,21,30,in,no,489233,PQEAQDEVNR,
Duplication,21,31,in,no,493406,IDVAQDEVNR,
Duplication,21,32,in,no,500244,LNHCVDEVNR,
Duplication,21,33,in,no,506241,ELGAKDEVNR,
Duplication,21,34,in,no,512818,VAWGKDEVNR,
Duplication,21,35,in,no,519588,LNLLLDEVNR,
Duplication,21,36,in,no,524799,EDVLKDEVNR,
Duplication,21,37,in,no,531302,IKTGKDEVNR,
Duplication,21,38,in,no,536029,FNKDMDEVNR,
Duplication,21,39,in,no,541512,HNALKDEVNR,
Duplication,21,40,in,no,547747,ERKIKDEVNR,
Duplication,21,41,in,no,554918,NFAQIDEVNR,
Duplication,21,42,in,no,562431,EESLKDEVNR,
Duplication,21,43,out,yes,244995,YKDRQGMKST,
Duplication,21,44,in,no,575514,KWYLKDEVNR,
Duplication,21,45,out,yes,258145,SDRKKRMKST,
Duplication,21,46,in,no,588014,LEQVKDEVNR,
Duplication,21,47,in,no,593646,LQWIKDEVNR,
Duplication,21,48,in,no,600866,PFDVKDEVNR,
Duplication,21,49,in,no,604681,TQPVKDEVNR,
Duplication,21,50,out,yes,282851,TTIGA,
Duplication,21,51,in,no,617450,IIKQKDEVNR,
Duplication,21,52,out,yes,296283,IITDRR,
Duplication,21,53,in,no,630434,ITETKDEVNR,
Duplication,21,54,out,yes,312488,RSIHKRMKST,
Duplication,21,55,in,no,643959,MKQWQDEVNR,
Duplication,21,56,out,yes,326718,KSLNIRMKST,
Duplication,21,57,in,no,656811,NDVHRDEVNR,
Duplication,21,58,out,yes,335782,YQEPRG,
Duplication,21,59,in,no,672191,LEKVKDEVNR,
Duplication,21,60,in,no,677717,WKLLQDEVNR,
Duplication,21,61,out,yes,355027,QHFLSR,
Duplication,21,62,out,yes,359041,VPYYIKMKST,
Duplication,21,63,out,yes,359760,LYQSLG,
Duplication,21,64,out,yes,362625,QKALC,
Duplication,21,65,out,yes,372177,LNVYDTMKST,
Duplication,21,66,out,yes,373623,EDKYR,
Duplication,21,67,in,no,705342,SCFQFDEVNR,
Duplication,21,68,out,yes,387637,PIIGFRMKST,
Duplication,21,69,in,no,716141,EYCTPDEVNR,
Duplication,21,70,out,yes,397422,GDNMETMKST,
Duplication,21,71,out,yes,398862,WPVDSAMKST,
Duplication,21,72,out,yes,401336,EHYASRMKST,
Duplication,21,73,out,yes,403721,SPNESMMKST,
Duplication,21,74,out,yes,409844,LEEENRMKST,
Duplication,21,75,in,no,743411,QLLEQDEVNR,
Duplication,21,76,out,yes,421885,TSDSMG,
Duplication,21,77,out,yes,425274,FPSSRG,
Duplication,21,78,in,no,752273,KPMREDEVNR,
Duplication,22,22,out,yes,115214,LGELQFLTLC,
Duplication,22,23,out,yes,123590,LRKIQFLTLC,
Duplication,22,24,out,yes,128127,LKQCRFLTLC,
Duplication,22,25,out,yes,134051,HMCQQFLTLC,
Duplication,22,26,out,yes,140842,VEEMKFLTLC,
Duplication,22,27,out,yes,147696,CKTLEFLTLC,
Duplication,22,28,out,yes,152941,SEVLDFLTLC,
Duplication,22,29,out,yes,158847,ELHEEFLTLC,
Duplication,22,30,out,yes,164942,PQEAQFLTLC,
Duplication,22,31,out,yes,169115,IDVAQFLTLC,
Duplication,22,32,out,yes,175953,LNHCVFLTLC,
Duplication,22,33,out,yes,181950,ELGAKFLTLC,
Duplication,22,34,out,yes,188527,VAWGKFLTLC,
Duplication,22,35,out,yes,195297,LNLLLFLTLC,
Duplication,22,36,out,yes,200508,EDVLKFLTLC,
Duplication,22,37,out,yes,207011,IKTGKFLTLC,
Duplication,22,38,out,yes,211739,FNKDMFLTLC,
Duplication,22,39,out,yes,217221,HNALKFLTLC,
Duplication,22,40,out,yes,223457,ERKIKFLTLC,
Duplication,22,41,out,yes,230627,NFAQIFLTLC,
Duplication,22,42,out,yes,238140,EESLKFLTLC,
Duplication,22,43,out,yes,243388,YKDRQGF,
Duplication,22,44,out,yes,251223,KWYLKFLTLC,
Duplication,22,45,out,yes,256469,SDRKKSF,
Duplication,22,46,out,yes,263724,LEQVKFLTLC,
Duplication,22,47,out,yes,269355,LQWIKFLTLC,
Duplication,22,48,out,yes,276575,PFDVKFLTLC,
Duplication,22,49,out,yes,280390,TQPVKFLTLC,
Duplication,22,50,in,no,601785,TTIGAFFDTL,
Duplication,22,51,out,yes,293159,IIKQKFLTLC,
Duplication,22,52,in,no,615027,IITDRIFDTL,
Duplication,22,53,out,yes,306143,ITETKFLTLC,
Duplication,22,54,out,yes,310812,RSIHKSF,
Duplication,22,55,out,yes,319669,MKQWQFLTLC,
Duplication,22,56,out,yes,325042,KSLNISF,
Duplication,22,57,out,yes,332521,NDVHRFLTLC,
Duplication,22,58,in,no,654611,YQEPRVFDTL,
Duplication,22,59,out,yes,347900,LEKVKFLTLC,
Duplication,22,60,out,yes,353427,WKLLQFLTLC,
Duplication,22,61,in,no,673771,QHFLSIFDTL,
Duplication,22,62,out,yes,357420,VPYYINF,
Duplication,22,63,in,no,678589,LYQSLVFDTL,
Duplication,22,64,in,no,681559,QKALCFFDTL,
Duplication,22,65,out,yes,370570,LNVYDTF,
Duplication,22,66,in,no,692557,EDKYRFFDTL,
Duplication,22,67,out,yes,381051,SCFQFFLTLC,
Duplication,22,68,out,yes,385960,PIIGFSF,
Duplication,22,69,out,yes,391850,EYCTPFLTLC,
Duplication,22,70,out,yes,395815,GDNMETF,
Duplication,22,71,out,yes,397255,WPVDSAF,
Duplication,22,72,out,yes,399660,EHYASSF,
Duplication,22,73,out,yes,402096,SPNESIF,
Duplication,22,74,out,yes,408168,LEEENSF,
Duplication,22,75,out,yes,419120,QLLEQFLTLC,
Duplication,22,76,in,no,740713,TSDSMVFDTL,
Duplication,22,77,in,no,744103,FPSSRVFDTL,
Duplication,22,78,out,yes,427982,KPMREFLTLC,
Duplication,23,23,in,no,435165,LRKIQALQSS,
Duplication,23,24,in,no,439702,LKQCRALQSS,
Duplication,23,25,in,no,445625,HMCQQALQSS,
Duplication,23,26,in,no,452417,VEEMKALQSS,
Duplication,23,27,in,no,459271,CKTLEALQSS,
Duplication,23,28,in,no,464516,SEVLDALQSS,
Duplication,23,29,in,no,470422,ELHEEALQSS,
Duplication,23,30,in,no,476517,PQEAQALQSS,
Duplication,23,31,in,no,480690,IDVAQALQSS,
Duplication,23,32,in,no,487528,LNHCVALQSS,
Duplication,23,33,in,no,493525,ELGAKALQSS,
Duplication,23,34,in,no,500102,VAWGKALQSS,
Duplication,23,35,in,no,506872,LNLLLALQSS,
Duplication,23,36,in,no,512083,EDVLKALQSS,
Duplication,23,37,in,no,518586,IKTGKALQSS,
Duplication,23,38,in,no,523313,FNKDMALQSS,
Duplication,23,39,in,no,528796,HNALKALQSS,
Duplication,23,40,in,no,535032,ERKIKALQSS,
Duplication,23,41,in,no,542202,NFAQIALQSS,
Duplication,23,42,in,no,549715,EESLKALQSS,
Duplication,23,43,out,yes,245334,YKDRQGLYKV,
Duplication,23,44,in,no,562798,KWYLKALQSS,
Duplication,23,45,out,yes,258484,SDRKKRLYKV,
Duplication,23,46,in,no,575298,LEQVKALQSS,
Duplication,23,47,in,no,580930,LQWIKALQSS,
Duplication,23,48,in,no,588150,PFDVKALQSS,
Duplication,23,49,in,no,591965,TQPVKALQSS,
Duplication,23,50,out,yes,286224,TTIGACFTKF,
Duplication,23,51,in,no,604734,IIKQKALQSS,
Duplication,23,52,out,yes,299484,IITDRSFTKF,
Duplication,23,53,in,no,617718,ITETKALQSS,
Duplication,23,54,out,yes,312828,RSIHKRLYKV,
Duplication,23,55,in,no,631243,MKQWQALQSS,
Duplication,23,56,out,yes,327058,KSLNIRLYKV,
Duplication,23,57,in,no,644095,NDVHRALQSS,
Duplication,23,58,out,yes,339052,YQEPRGFTKF,
Duplication,23,59,in,no,659475,LEKVKALQSS,
Duplication,23,60,in,no,665002,WKLLQALQSS,
Duplication,23,61,out,yes,358228,QHFLSSFTKF,
Duplication,23,62,out,yes,359380,VPYYIKLYKV,
Duplication,23,63,out,yes,363030,LYQSLGFTKF,
Duplication,23,64,out,yes,365998,QKALCCFTKF,
Duplication,23,65,out,yes,372516,LNVYDTLYKV,
Duplication,23,66,out,yes,376996,EDKYRCFTKF,
Duplication,23,67,in,no,692626,SCFQFALQSS,
Duplication,23,68,out,yes,387976,PIIGFRLYKV,
Duplication,23,69,in,no,703425,EYCTPALQSS,
Duplication,23,70,out,yes,397761,GDNMETLYKV,
Duplication,23,71,out,yes,399202,WPVDSALYKV,
Duplication,23,72,out,yes,401676,EHYASRLYKV,
Duplication,23,73,out,yes,404060,SPNESMLYKV,
Duplication,23,74,out,yes,410183,LEEENRLYKV,
Duplication,23,75,in,no,730695,QLLEQALQSS,
Duplication,23,76,out,yes,425155,TSDSMGFTKF,
Duplication,23,77,out,yes,428544,FPSSRGFTKF,
Duplication,23,78,in,no,739557,KPMREALQSS,
Duplication,24,24,in,no,431326,LKQCRNHIQT,
Duplication,24,25,in,no,437249,HMCQQNHIQT,
Duplication,24,26,in,no,444041,VEEMKNHIQT,
Duplication,24,27,in,no,450895,CKTLENHIQT,
Duplication,24,28,in,no,456140,SEVLDNHIQT,
Duplication,24,29,in,no,462046,ELHEENHIQT,
Duplication,24,30,in,no,468140,PQEAQNHIQT,
Duplication,24,31,in,no,472314,IDVAQNHIQT,
Duplication,24,32,in,no,479152,LNHCVNHIQT,
Duplication,24,33,in,no,485149,ELGAKNHIQT,
Duplication,24,34,in,no,491726,VAWGKNHIQT,
Duplication,24,35,in,no,498496,LNLLLNHIQT,
Duplication,24,36,in,no,503707,EDVLKNHIQT,
Duplication,24,37,in,no,510210,IKTGKNHIQT,
Duplication,24,38,in,no,514937,FNKDMNHIQT,
Duplication,24,39,in,no,520420,HNALKNHIQT,
Duplication,24,40,in,no,526655,ERKIKNHIQT,
Duplication,24,41,in,no,533826,NFAQINHIQT,
Duplication,24,42,in,no,541339,EESLKNHIQT,
Duplication,24,43,out,yes,243843,YKDRQGITYK,
Duplication,24,44,in,no,554422,KWYLKNHIQT,
Duplication,24,45,out,yes,256994,SDRKKRITYK,
Duplication,24,46,in,no,566922,LEQVKNHIQT,
Duplication,24,47,in,no,572554,LQWIKNHIQT,
Duplication,24,48,in,no,579774,PFDVKNHIQT,
Duplication,24,49,in,no,583589,TQPVKNHIQT,
Duplication,24,50,out,yes,282851,TTIGA,
Duplication,24,51,in,no,596358,IIKQKNHIQT,
Duplication,24,52,out,yes,297353,IITDRKSHTN,
Duplication,24,53,in,no,609342,ITETKNHIQT,
Duplication,24,54,out,yes,311337,RSIHKRITYK,
Duplication,24,55,in,no,622867,MKQWQNHIQT,
Duplication,24,56,out,yes,325567,KSLNIRITYK,
Duplication,24,57,in,no,635719,NDVHRNHIQT,
Duplication,24,58,out,yes,336952,YQEPRESHTN,
Duplication,24,59,in,no,651099,LEKVKNHIQT,
Duplication,24,60,in,no,656625,WKLLQNHIQT,
Duplication,24,61,out,yes,356097,QHFLSKSHTN,
Duplication,24,62,out,yes,357889,VPYYIKITYK,
Duplication,24,63,out,yes,360930,LYQSLESHTN,
Duplication,24,64,out,yes,362625,QKALC,
Duplication,24,65,out,yes,371025,LNVYDTITYK,
Duplication,24,66,out,yes,373623,EDKYR,
Duplication,24,67,in,no,684250,SCFQFNHIQT,
Duplication,24,68,out,yes,386485,PIIGFRITYK,
Duplication,24,69,in,no,695049,EYCTPNHIQT,
Duplication,24,70,out,yes,396270,GDNMETITYK,
Duplication,24,71,out,yes,397711,WPVDSAITYK,
Duplication,24,72,out,yes,400185,EHYASRITYK,
Duplication,24,73,out,yes,402551,SPNESIITYK,
Duplication,24,74,out,yes,408692,LEEENRITYK,
Duplication,24,75,in,no,722319,QLLEQNHIQT,
Duplication,24,76,out,yes,423055,TSDSMESHTN,
Duplication,24,77,out,yes,426444,FPSSRESHTN,
Duplication,24,78,in,no,731181,KPMRENHIQT,
Duplication,25,25,in,no,432713,HMCQQLLVSD,
Duplication,25,26,in,no,439504,VEEMKLLVSD,
Duplication,25,27,in,no,446358,CKTLELLVSD,
Duplication,25,28,in,no,451603,SEVLDLLVSD,
Duplication,25,29,in,no,457509,ELHEELLVSD,
Duplication,25,30,in,no,463604,PQEAQLLVSD,
Duplication,25,31,in,no,467777,IDVAQLLVSD,
Duplication,25,32,in,no,474615,LNHCVLLVSD,
Duplication,25,33,in,no,480612,ELGAKLLVSD,
Duplication,25,34,in,no,487190,VAWGKLLVSD,
Duplication,25,35,in,no,493960,LNLLLLLVSD,
Duplication,25,36,in,no,499171,EDVLKLLVSD,
Duplication,25,37,in,no,505673,IKTGKLLVSD,
Duplication,25,38,in,no,510401,FNKDMLLVSD,
Duplication,25,39,in,no,515883,HNALKLLVSD,
Duplication,25,40,in,no,522119,ERKIKLLVSD,
Duplication,25,41,in,no,529289,NFAQILLVSD,
Duplication,25,42,in,no,536803,EESLKLLVSD,
Duplication,25,43,out,yes,243388,YKDRQGF,
Duplication,25,44,in,no,549885,KWYLKLLVSD,
Duplication,25,45,out,yes,256469,SDRKKSF,
Duplication,25,46,in,no,562386,LEQVKLLVSD,
Duplication,25,47,in,no,568018,LQWIKLLVSD,
Duplication,25,48,in,no,575237,PFDVKLLVSD,
Duplication,25,49,in,no,579053,TQPVKLLVSD,
Duplication,25,50,out,yes,283300,TTIGASFSQ,
Duplication,25,51,in,no,591821,IIKQKLLVSD,
Duplication,25,52,out,yes,296591,IITDRTFSQ,
Duplication,25,53,in,no,604805,ITETKLLVSD,
Duplication,25,54,out,yes,310812,RSIHKSF,
Duplication,25,55,in,no,618331,MKQWQLLVSD,
Duplication,25,56,out,yes,325042,KSLNISF,
Duplication,25,57,in,no,631183,NDVHRLLVSD,
Duplication,25,58,out,yes,336159,YQEPRAFSQ,
Duplication,25,59,in,no,646562,LEKVKLLVSD,
Duplication,25,60,in,no,652089,WKLLQLLVSD,
Duplication,25,61,out,yes,355335,QHFLSTFSQ,
Duplication,25,62,out,yes,357420,VPYYINF,
Duplication,25,63,out,yes,360137,LYQSLAFSQ,
Duplication,25,64,out,yes,363075,QKALCSFSQ,
Duplication,25,65,out,yes,370570,LNVYDTF,
Duplication,25,66,out,yes,374073,EDKYRSFSQ,
Duplication,25,67,in,no,679713,SCFQFLLVSD,
Duplication,25,68,out,yes,385960,PIIGFSF,
Duplication,25,69,in,no,690512,EYCTPLLVSD,
Duplication,25,70,out,yes,395815,GDNMETF,
Duplication,25,71,out,yes,397255,WPVDSAF,
Duplication,25,72,out,yes,399660,EHYASSF,
Duplication,25,73,out,yes,402096,SPNESIF,
Duplication,25,74,out,yes,408168,LEEENSF,
Duplication,25,75,in,no,717782,QLLEQLLVSD,
Duplication,25,76,out,yes,422261,TSDSMAFSQ,
Duplication,25,77,out,yes,425651,FPSSRAFSQ,
Duplication,25,78,in,no,726644,KPMRELLVSD,
Duplication,26,26,in,no,433581,VEEMKVYARK,
Duplication,26,27,in,no,440435,CKTLEVYARK,
Duplication,26,28,in,no,445679,SEVLDVYARK,
Duplication,26,29,in,no,451586,ELHEEVYARK,
Duplication,26,30,in,no,457680,PQEAQVYARK,
Duplication,26,31,in,no,461853,IDVAQVYARK,
Duplication,26,32,in,no,468691,LNHCVVYARK,
Duplication,26,33,in,no,474688,ELGAKVYARK,
Duplication,26,34,in,no,481266,VAWGKVYARK,
Duplication,26,35,in,no,488036,LNLLLVYARK,
Duplication,26,36,in,no,493247,EDVLKVYARK,
Duplication,26,37,in,no,499749,IKTGKVYARK,
Duplication,26,38,in,no,504477,FNKDMVYARK,
Duplication,26,39,in,no,509959,HNALKVYARK,
Duplication,26,40,in,no,516195,ERKIKVYARK,
Duplication,26,41,in,no,523365,NFAQIVYARK,
Duplication,26,42,in,no,530879,EESLKVYARK,
Duplication,26,43,out,yes,244094,YKDRQGSMPE,
Duplication,26,44,in,no,543961,KWYLKVYARK,
Duplication,26,45,out,yes,257245,SDRKKRSMPE,
Duplication,26,46,in,no,556462,LEQVKVYARK,
Duplication,26,47,in,no,562094,LQWIKVYARK,
Duplication,26,48,in,no,569313,PFDVKVYARK,
Duplication,26,49,in,no,573129,TQPVKVYARK,
Duplication,26,50,out,yes,286403,TTIGACLCQK,
Duplication,26,51,in,no,585897,IIKQKVYARK,
Duplication,26,52,out,yes,299663,IITDRSLCQK,
Duplication,26,53,in,no,598881,ITETKVYARK,
Duplication,26,54,out,yes,311588,RSIHKRSMPE,
Duplication,26,55,in,no,612407,MKQWQVYARK,
Duplication,26,56,out,yes,325818,KSLNIRSMPE,
Duplication,26,57,in,no,625259,NDVHRVYARK,
Duplication,26,58,out,yes,339231,YQEPRGLCQK,
Duplication,26,59,in,no,640639,LEKVKVYARK,
Duplication,26,60,in,no,646165,WKLLQVYARK,
Duplication,26,61,out,yes,358407,QHFLSSLCQK,
Duplication,26,62,out,yes,358141,VPYYIKSMPE,
Duplication,26,63,out,yes,363209,LYQSLGLCQK,
Duplication,26,64,out,yes,366177,QKALCCLCQK,
Duplication,26,65,out,yes,371276,LNVYDTSMPE,
Duplication,26,66,out,yes,377176,EDKYRCLCQK,
Duplication,26,67,in,no,673789,SCFQFVYARK,
Duplication,26,68,out,yes,386736,PIIGFRSMPE,
Duplication,26,69,in,no,684588,EYCTPVYARK,
Duplication,26,70,out,yes,396522,GDNMETSMPE,
Duplication,26,71,out,yes,397962,WPVDSASMPE,
Duplication,26,72,out,yes,400436,EHYASRSMPE,
Duplication,26,73,out,yes,402820,SPNESMSMPE,
Duplication,26,74,out,yes,408943,LEEENRSMPE,
Duplication,26,75,in,no,711859,QLLEQVYARK,
Duplication,26,76,out,yes,425334,TSDSMGLCQK,
Duplication,26,77,out,yes,428723,FPSSRGLCQK,
Duplication,26,78,in,no,720720,KPMREVYARK,
Duplication,27,27,in,no,433643,CKTLERAKEE,
Duplication,27,28,in,no,438888,SEVLDRAKEE,
Duplication,27,29,in,no,444794,ELHEERAKEE,
Duplication,27,30,in,no,450889,PQEAQRAKEE,
Duplication,27,31,in,no,455062,IDVAQRAKEE,
Duplication,27,32,in,no,461900,LNHCVRAKEE,
Duplication,27,33,in,no,467897,ELGAKRAKEE,
Duplication,27,34,in,no,474474,VAWGKRAKEE,
Duplication,27,35,in,no,481244,LNLLLRAKEE,
Duplication,27,36,in,no,486455,EDVLKRAKEE,
Duplication,27,37,in,no,492958,IKTGKRAKEE,
Duplication,27,38,in,no,497685,FNKDMRAKEE,
Duplication,27,39,in,no,503168,HNALKRAKEE,
Duplication,27,40,in,no,509404,ERKIKRAKEE,
Duplication,27,41,in,no,516574,NFAQIRAKEE,
Duplication,27,42,in,no,524087,EESLKRAKEE,
Duplication,27,43,out,yes,244775,YKDRQGELKK,
Duplication,27,44,in,no,537170,KWYLKRAKEE,
Duplication,27,45,out,yes,257926,SDRKKRELKK,
Duplication,27,46,in,no,549671,LEQVKRAKEE,
Duplication,27,47,in,no,555302,LQWIKRAKEE,
Duplication,27,48,in,no,562522,PFDVKRAKEE,
Duplication,27,49,in,no,566337,TQPVKRAKEE,
Duplication,27,50,out,yes,282851,TTIGA,
Duplication,27,51,in,no,579106,IIKQKRAKEE,
Duplication,27,52,out,yes,296342,IITDRKS,
Duplication,27,53,in,no,592090,ITETKRAKEE,
Duplication,27,54,out,yes,312269,RSIHKRELKK,
Duplication,27,55,in,no,605615,MKQWQRAKEE,
Duplication,27,56,out,yes,326499,KSLNIRELKK,
Duplication,27,57,in,no,618468,NDVHRRAKEE,
Duplication,27,58,out,yes,335941,YQEPRES,
Duplication,27,59,in,no,633847,LEKVKRAKEE,
Duplication,27,60,in,no,639374,WKLLQRAKEE,
Duplication,27,61,out,yes,355086,QHFLSKS,
Duplication,27,62,out,yes,358822,VPYYIKELKK,
Duplication,27,63,out,yes,359920,LYQSLES,
Duplication,27,64,out,yes,362625,QKALC,
Duplication,27,65,out,yes,371957,LNVYDTELKK,
Duplication,27,66,out,yes,373623,EDKYR,
Duplication,27,67,in,no,666998,SCFQFRAKEE,
Duplication,27,68,out,yes,387417,PIIGFRELKK,
Duplication,27,69,in,no,677797,EYCTPRAKEE,
Duplication,27,70,out,yes,397203,GDNMETELKK,
Duplication,27,71,out,yes,398643,WPVDSAELKK,
Duplication,27,72,out,yes,401117,EHYASRELKK,
Duplication,27,73,out,yes,403483,SPNESIELKK,
Duplication,27,74,out,yes,409625,LEEENRELKK,
Duplication,27,75,in,no,705067,QLLEQRAKEE,
Duplication,27,76,out,yes,422044,TSDSMES,
Duplication,27,77,out,yes,425434,FPSSRES,
Duplication,27,78,in,no,713929,KPMRERAKEE,
Duplication,28,28,in,no,432034,SEVLDEVWAC,
Duplication,28,29,in,no,437940,ELHEEEVWAC,
Duplication,28,30,in,no,444035,PQEAQEVWAC,
Duplication,28,31,in,no,448208,IDVAQEVWAC,
Duplication,28,32,in,no,455046,LNHCVEVWAC,
Duplication,28,33,in,no,461043,ELGAKEVWAC,
Duplication,28,34,in,no,467620,VAWGKEVWAC,
Duplication,28,35,in,no,474390,LNLLLEVWAC,
Duplication,28,36,in,no,479601,EDVLKEVWAC,
Duplication,28,37,in,no,486104,IKTGKEVWAC,
Duplication,28,38,in,no,490831,FNKDMEVWAC,
Duplication,28,39,in,no,496314,HNALKEVWAC,
Duplication,28,40,in,no,502550,ERKIKEVWAC,
Duplication,28,41,in,no,509720,NFAQIEVWAC,
Duplication,28,42,in,no,517233,EESLKEVWAC,
Duplication,28,43,out,yes,245433,YKDRQGKFGH,
Duplication,28,44,in,no,530316,KWYLKEVWAC,
Duplication,28,45,out,yes,258584,SDRKKRKFGH,
Duplication,28,46,in,no,542817,LEQVKEVWAC,
Duplication,28,47,in,no,548448,LQWIKEVWAC,
Duplication,28,48,in,no,555668,PFDVKEVWAC,
Duplication,28,49,in,no,559483,TQPVKEVWAC,
Duplication,28,50,out,yes,282851,TTIGA,
Duplication,28,51,in,no,572252,IIKQKEVWAC,
Duplication,28,52,out,yes,296856,IITDRRSLGM,
Duplication,28,53,in,no,585236,ITETKEVWAC,
Duplication,28,54,out,yes,312927,RSIHKRKFGH,
Duplication,28,55,in,no,598761,MKQWQEVWAC,
Duplication,28,56,out,yes,327157,KSLNIRKFGH,
Duplication,28,57,in,no,611614,NDVHREVWAC,
Duplication,28,58,out,yes,336355,YQEPRGSLGM,
Duplication,28,59,in,no,626993,LEKVKEVWAC,
Duplication,28,60,in,no,632520,WKLLQEVWAC,
Duplication,28,61,out,yes,355600,QHFLSRSLGM,
Duplication,28,62,out,yes,359479,VPYYIKKFGH,
Duplication,28,63,out,yes,360333,LYQSLGSLGM,
Duplication,28,64,out,yes,362625,QKALC,
Duplication,28,65,out,yes,372615,LNVYDTKFGH,
Duplication,28,66,out,yes,373623,EDKYR,
Duplication,28,67,in,no,660144,SCFQFEVWAC,
Duplication,28,68,out,yes,388075,PIIGFRKFGH,
Duplication,28,69,in,no,670943,EYCTPEVWAC,
Duplication,28,70,out,yes,397860,GDNMETKFGH,
Duplication,28,71,out,yes,399301,WPVDSAKFGH,
Duplication,28,72,out,yes,401775,EHYASRKFGH,
Duplication,28,73,out,yes,404159,SPNESMKFGH,
Duplication,28,74,out,yes,410282,LEEENRKFGH,
Duplication,28,75,in,no,698213,QLLEQEVWAC,
Duplication,28,76,out,yes,422458,TSDSMGSLGM,
Duplication,28,77,out,yes,425847,FPSSRGSLGM,
Duplication,28,78,in,no,707075,KPMREEVWAC,
Duplication,29,29,in,no,432695,ELHEESLENL,
Duplication,29,30,in,no,438790,PQEAQSLENL,
Duplication,29,31,in,no,442963,IDVAQSLENL,
Duplication,29,32,in,no,449801,LNHCVSLENL,
Duplication,29,33,in,no,455798,ELGAKSLENL,
Duplication,29,34,in,no,462376,VAWGKSLENL,
Duplication,29,35,in,no,469146,LNLLLSLENL,
Duplication,29,36,in,no,474357,EDVLKSLENL,
Duplication,29,37,in,no,480859,IKTGKSLENL,
Duplication,29,38,in,no,485587,FNKDMSLENL,
Duplication,29,39,in,no,491069,HNALKSLENL,
Duplication,29,40,in,no,497305,ERKIKSLENL,
Duplication,29,41,in,no,504475,NFAQISLENL,
Duplication,29,42,in,no,511989,EESLKSLENL,
Duplication,29,43,out,yes,243732,YKDRQGHLKI,
Duplication,29,44,in,no,525071,KWYLKSLENL,
Duplication,29,45,out,yes,256814,SDRKKSHLKI,
Duplication,29,46,in,no,537572,LEQVKSLENL,
Duplication,29,47,in,no,543204,LQWIKSLENL,
Duplication,29,48,in,no,550423,PFDVKSLENL,
Duplication,29,49,in,no,554239,TQPVKSLENL,
Duplication,29,50,out,yes,283099,TTIGAFT,
Duplication,29,51,in,no,567007,IIKQKSLENL,
Duplication,29,52,out,yes,296341,IITDRIT,
Duplication,29,53,in,no,579991,ITETKSLENL,
Duplication,29,54,out,yes,311157,RSIHKSHLKI,
Duplication,29,55,in,no,593517,MKQWQSLENL,
Duplication,29,56,out,yes,325387,KSLNISHLKI,
Duplication,29,57,in,no,606369,NDVHRSLENL,
Duplication,29,58,out,yes,335925,YQEPRVT,
Duplication,29,59,in,no,621748,LEKVKSLENL,
Duplication,29,60,in,no,627275,WKLLQSLENL,
Duplication,29,61,out,yes,355085,QHFLSIT,
Duplication,29,62,out,yes,357764,VPYYINHLKI,
Duplication,29,63,out,yes,359904,LYQSLVT,
Duplication,29,64,out,yes,362873,QKALCFT,
Duplication,29,65,out,yes,370914,LNVYDTHLKI,
Duplication,29,66,out,yes,373872,EDKYRFT,
Duplication,29,67,in,no,654899,SCFQFSLENL,
Duplication,29,68,out,yes,386305,PIIGFSHLKI,
Duplication,29,69,in,no,665698,EYCTPSLENL,
Duplication,29,70,out,yes,396160,GDNMETHLKI,
Duplication,29,71,out,yes,397600,WPVDSAHLKI,
Duplication,29,72,out,yes,400005,EHYASSHLKI,
Duplication,29,73,out,yes,402440,SPNESIHLKI,
Duplication,29,74,out,yes,408512,LEEENSHLKI,
Duplication,29,75,in,no,692968,QLLEQSLENL,
Duplication,29,76,out,yes,422028,TSDSMVT,
Duplication,29,77,out,yes,425418,FPSSRVT,
Duplication,29,78,in,no,701830,KPMRESLENL,
Duplication,30,30,in,no,432884,PQEAQAVRRQ,
Duplication,30,31,in,no,437057,IDVAQAVRRQ,
Duplication,30,32,in,no,443895,LNHCVAVRRQ,
Duplication,30,33,in,no,449892,ELGAKAVRRQ,
Duplication,30,34,in,no,456469,VAWGKAVRRQ,
Duplication,30,35,in,no,463239,LNLLLAVRRQ,
Duplication,30,36,in,no,468450,EDVLKAVRRQ,
Duplication,30,37,in,no,474953,IKTGKAVRRQ,
Duplication,30,38,in,no,479680,FNKDMAVRRQ,
Duplication,30,39,in,no,485163,HNALKAVRRQ,
Duplication,30,40,in,no,491398,ERKIKAVRRQ,
Duplication,30,41,in,no,498569,NFAQIAVRRQ,
Duplication,30,42,in,no,506082,EESLKAVRRQ,
Duplication,30,43,out,yes,243354,YKDRQGL,
Duplication,30,44,in,no,519165,KWYLKAVRRQ,
Duplication,30,45,out,yes,256504,SDRKKRL,
Duplication,30,46,in,no,531665,LEQVKAVRRQ,
Duplication,30,47,in,no,537297,LQWIKAVRRQ,
Duplication,30,48,in,no,544517,PFDVKAVRRQ,
Duplication,30,49,in,no,548332,TQPVKAVRRQ,
Duplication,30,50,out,yes,283684,TTIGACCKEA,
Duplication,30,51,in,no,561101,IIKQKAVRRQ,
Duplication,30,52,out,yes,296944,IITDRSCKEA,
Duplication,30,53,in,no,574085,ITETKAVRRQ,
Duplication,30,54,out,yes,310847,RSIHKRL,
Duplication,30,55,in,no,587610,MKQWQAVRRQ,
Duplication,30,56,out,yes,325078,KSLNIRL,
Duplication,30,57,in,no,600462,NDVHRAVRRQ,
Duplication,30,58,out,yes,336512,YQEPRGCKEA,
Duplication,30,59,in,no,615842,LEKVKAVRRQ,
Duplication,30,60,in,no,621368,WKLLQAVRRQ,
Duplication,30,61,out,yes,355688,QHFLSSCKEA,
Duplication,30,62,out,yes,357400,VPYYIKL,
Duplication,30,63,out,yes,360490,LYQSLGCKEA,
Duplication,30,64,out,yes,363458,QKALCCCKEA,
Duplication,30,65,out,yes,370536,LNVYDTL,
Duplication,30,66,out,yes,374456,EDKYRCCKEA,
Duplication,30,67,in,no,648993,SCFQFAVRRQ,
Duplication,30,68,out,yes,385996,PIIGFRL,
Duplication,30,69,in,no,659792,EYCTPAVRRQ,
Duplication,30,70,out,yes,395781,GDNMETL,
Duplication,30,71,out,yes,397221,WPVDSAL,
Duplication,30,72,out,yes,399695,EHYASRL,
Duplication,30,73,out,yes,402080,SPNESML,
Duplication,30,74,out,yes,408203,LEEENRL,
Duplication,30,75,in,no,687062,QLLEQAVRRQ,
Duplication,30,76,out,yes,422615,TSDSMGCKEA,
Duplication,30,77,out,yes,426004,FPSSRGCKEA,
Duplication,30,78,in,no,695924,KPMREAVRRQ,
Duplication,31,31,in,no,430962,IDVAQKIQSD,
Duplication,31,32,in,no,437800,LNHCVKIQSD,
Duplication,31,33,in,no,443797,ELGAKKIQSD,
Duplication,31,34,in,no,450375,VAWGKKIQSD,
Duplication,31,35,in,no,457145,LNLLLKIQSD,
Duplication,31,36,in,no,462356,EDVLKKIQSD,
Duplication,31,37,in,no,468858,IKTGKKIQSD,
Duplication,31,38,in,no,473586,FNKDMKIQSD,
Duplication,31,39,in,no,479068,HNALKKIQSD,
Duplication,31,40,in,no,485304,ERKIKKIQSD,
Duplication,31,41,in,no,492474,NFAQIKIQSD,
Duplication,31,42,in,no,499988,EESLKKIQSD,
Duplication,31,43,out,yes,243796,YKDRQGKSNL,
Duplication,31,44,in,no,513070,KWYLKKIQSD,
Duplication,31,45,out,yes,256947,SDRKKRKSNL,
Duplication,31,46,in,no,525571,LEQVKKIQSD,
Duplication,31,47,in,no,531203,LQWIKKIQSD,
Duplication,31,48,in,no,538422,PFDVKKIQSD,
Duplication,31,49,in,no,542238,TQPVKKIQSD,
Duplication,31,50,out,yes,282851,TTIGA,
Duplication,31,51,in,no,555006,IIKQKKIQSD,
Duplication,31,52,out,yes,296580,IITDRKNPI,
Duplication,31,53,in,no,567990,ITETKKIQSD,
Duplication,31,54,out,yes,311290,RSIHKRKSNL,
Duplication,31,55,in,no,581516,MKQWQKIQSD,
Duplication,31,56,out,yes,325520,KSLNIRKSNL,
Duplication,31,57,in,no,594368,NDVHRKIQSD,
Duplication,31,58,out,yes,336178,YQEPRENPI,
Duplication,31,59,in,no,609747,LEKVKKIQSD,
Duplication,31,60,in,no,615274,WKLLQKIQSD,
Duplication,31,61,out,yes,355324,QHFLSKNPI,
Duplication,31,62,out,yes,357842,VPYYIKKSNL,
Duplication,31,63,out,yes,360157,LYQSLENPI,
Duplication,31,64,out,yes,362625,QKALC,
Duplication,31,65,out,yes,370978,LNVYDTKSNL,
Duplication,31,66,out,yes,373623,EDKYR,
Duplication,31,67,in,no,642898,SCFQFKIQSD,
Duplication,31,68,out,yes,386438,PIIGFRKSNL,
Duplication,31,69,in,no,653697,EYCTPKIQSD,
Duplication,31,70,out,yes,396223,GDNMETKSNL,
Duplication,31,71,out,yes,397664,WPVDSAKSNL,
Duplication,31,72,out,yes,400138,EHYASRKSNL,
Duplication,31,73,out,yes,402504,SPNESIKSNL,
Duplication,31,74,out,yes,408645,LEEENRKSNL,
Duplication,31,75,in,no,680968,QLLEQKIQSD,
Duplication,31,76,out,yes,422281,TSDSMENPI,
Duplication,31,77,out,yes,425671,FPSSRENPI,
Duplication,31,78,in,no,689829,KPMREKIQSD,
Duplication,32,32,in,no,433627,LNHCVKKLQD,
Duplication,32,33,in,no,439624,ELGAKKKLQD,
Duplication,32,34,in,no,446202,VAWGKKKLQD,
Duplication,32,35,in,no,452972,LNLLLKKLQD,
Duplication,32,36,in,no,458183,EDVLKKKLQD,
Duplication,32,37,in,no,464685,IKTGKKKLQD,
Duplication,32,38,in,no,469413,FNKDMKKLQD,
Duplication,32,39,in,no,474895,HNALKKKLQD,
Duplication,32,40,in,no,481131,ERKIKKKLQD,
Duplication,32,41,in,no,488301,NFAQIKKLQD,
Duplication,32,42,in,no,495815,EESLKKKLQD,
Duplication,32,43,out,yes,244089,YKDRQGKNYK,
Duplication,32,44,in,no,508897,KWYLKKKLQD,
Duplication,32,45,out,yes,257240,SDRKKRKNYK,
Duplication,32,46,in,no,521398,LEQVKKKLQD,
Duplication,32,47,in,no,527030,LQWIKKKLQD,
Duplication,32,48,in,no,534249,PFDVKKKLQD,
Duplication,32,49,in,no,538065,TQPVKKKLQD,
Duplication,32,50,out,yes,282851,TTIGA,
Duplication,32,51,in,no,550833,IIKQKKKLQD,
Duplication,32,52,out,yes,298339,IITDRKKITR,
Duplication,32,53,in,no,563817,ITETKKKLQD,
Duplication,32,54,out,yes,311583,RSIHKRKNYK,
Duplication,32,55,in,no,577343,MKQWQKKLQD,
Duplication,32,56,out,yes,325813,KSLNIRKNYK,
Duplication,32,57,in,no,590195,NDVHRKKLQD,
Duplication,32,58,out,yes,337938,YQEPREKITR,
Duplication,32,59,in,no,605574,LEKVKKKLQD,
Duplication,32,60,in,no,611101,WKLLQKKLQD,
Duplication,32,61,out,yes,357083,QHFLSKKITR,
Duplication,32,62,out,yes,358136,VPYYIKKNYK,
Duplication,32,63,out,yes,361916,LYQSLEKITR,
Duplication,32,64,out,yes,362625,QKALC,
Duplication,32,65,out,yes,371271,LNVYDTKNYK,
Duplication,32,66,out,yes,373623,EDKYR,
Duplication,32,67,in,no,638725,SCFQFKKLQD,
Duplication,32,68,out,yes,386731,PIIGFRKNYK,
Duplication,32,69,in,no,649524,EYCTPKKLQD,
Duplication,32,70,out,yes,396517,GDNMETKNYK,
Duplication,32,71,out,yes,397957,WPVDSAKNYK,
Duplication,32,72,out,yes,400431,EHYASRKNYK,
Duplication,32,73,out,yes,402797,SPNESIKNYK,
Duplication,32,74,out,yes,408939,LEEENRKNYK,
Duplication,32,75,in,no,676795,QLLEQKKLQD,
Duplication,32,76,out,yes,424040,TSDSMEKITR,
Duplication,32,77,out,yes,427430,FPSSREKITR,
Duplication,32,78,in,no,685656,KPMREKKLQD,
Duplication,33,33,in,no,432786,ELGAKNLYKS,
Duplication,33,34,in,no,439363,VAWGKNLYKS,
Duplication,33,35,in,no,446133,LNLLLNLYKS,
Duplication,33,36,in,no,451344,EDVLKNLYKS,
Duplication,33,37,in,no,457847,IKTGKNLYKS,
Duplication,33,38,in,no,462575,FNKDMNLYKS,
Duplication,33,39,in,no,468057,HNALKNLYKS,
Duplication,33,40,in,no,474293,ERKIKNLYKS,
Duplication,33,41,in,no,481463,NFAQINLYKS,
Duplication,33,42,in,no,488976,EESLKNLYKS,
Duplication,33,43,out,yes,243785,YKDRQGTCIK,
Duplication,33,44,in,no,502059,KWYLKNLYKS,
Duplication,33,45,out,yes,256936,SDRKKRTCIK,
Duplication,33,46,in,no,514560,LEQVKNLYKS,
Duplication,33,47,in,no,520191,LQWIKNLYKS,
Duplication,33,48,in,no,527411,PFDVKNLYKS,
Duplication,33,49,in,no,531226,TQPVKNLYKS,
Duplication,33,50,out,yes,282851,TTIGA,
Duplication,33,51,in,no,543995,IIKQKNLYKS,
Duplication,33,52,out,yes,296468,IITDRKLV,
Duplication,33,53,in,no,556979,ITETKNLYKS,
Duplication,33,54,out,yes,311279,RSIHKRTCIK,
Duplication,33,55,in,no,570505,MKQWQNLYKS,
Duplication,33,56,out,yes,325509,KSLNIRTCIK,
Duplication,33,57,in,no,583357,NDVHRNLYKS,
Duplication,33,58,out,yes,336066,YQEPRELV,
Duplication,33,59,in,no,598736,LEKVKNLYKS,
Duplication,33,60,in,no,604263,WKLLQNLYKS,
Duplication,33,61,out,yes,355211,QHFLSKLV,
Duplication,33,62,out,yes,357831,VPYYIKTCIK,
Duplication,33,63,out,yes,360045,LYQSLELV,
Duplication,33,64,out,yes,362625,QKALC,
Duplication,33,65,out,yes,370967,LNVYDTTCIK,
Duplication,33,66,out,yes,373623,EDKYR,
Duplication,33,67,in,no,631887,SCFQFNLYKS,
Duplication,33,68,out,yes,386427,PIIGFRTCIK,
Duplication,33,69,in,no,642686,EYCTPNLYKS,
Duplication,33,70,out,yes,396212,GDNMETTCIK,
Duplication,33,71,out,yes,397653,WPVDSATCIK,
Duplication,33,72,out,yes,400127,EHYASRTCIK,
Duplication,33,73,out,yes,402493,SPNESITCIK,
Duplication,33,74,out,yes,408634,LEEENRTCIK,
Duplication,33,75,in,no,669956,QLLEQNLYKS,
Duplication,33,76,out,yes,422169,TSDSMELV,
Duplication,33,77,out,yes,425559,FPSSRELV,
Duplication,33,78,in,no,678818,KPMRENLYKS,
Duplication,34,34,in,no,433367,VAWGKVTERK,
Duplication,34,35,in,no,440136,LNLLLVTERK,
Duplication,34,36,in,no,445347,EDVLKVTERK,
Duplication,34,37,in,no,451850,IKTGKVTERK,
Duplication,34,38,in,no,456578,FNKDMVTERK,
Duplication,34,39,in,no,462060,HNALKVTERK,
Duplication,34,40,in,no,468296,ERKIKVTERK,
Duplication,34,41,in,no,475466,NFAQIVTERK,
Duplication,34,42,in,no,482980,EESLKVTERK,
Duplication,34,43,out,yes,243240,YKDRQG,
Duplication,34,44,in,no,496062,KWYLKVTERK,
Duplication,34,45,out,yes,256391,SDRKKR,
Duplication,34,46,in,no,508563,LEQVKVTERK,
Duplication,34,47,in,no,514195,LQWIKVTERK,
Duplication,34,48,in,no,521414,PFDVKVTERK,
Duplication,34,49,in,no,525229,TQPVKVTERK,
Duplication,34,50,out,yes,284621,TTIGACNRKK,
Duplication,34,51,in,no,537998,IIKQKVTERK,
Duplication,34,52,out,yes,297881,IITDRSNRKK,
Duplication,34,53,in,no,550982,ITETKVTERK,
Duplication,34,54,out,yes,310734,RSIHKR,
Duplication,34,55,in,no,564508,MKQWQVTERK,
Duplication,34,56,out,yes,324964,KSLNIR,
Duplication,34,57,in,no,577360,NDVHRVTERK,
Duplication,34,58,out,yes,337449,YQEPRGNRKK,
Duplication,34,59,in,no,592739,LEKVKVTERK,
Duplication,34,60,in,no,598266,WKLLQVTERK,
Duplication,34,61,out,yes,356625,QHFLSSNRKK,
Duplication,34,62,out,yes,357287,VPYYIK,
Duplication,34,63,out,yes,361427,LYQSLGNRKK,
Duplication,34,64,out,yes,364395,QKALCCNRKK,
Duplication,34,65,out,yes,370422,LNVYDT,
Duplication,34,66,out,yes,375393,EDKYRCNRKK,
Duplication,34,67,in,no,625890,SCFQFVTERK,
Duplication,34,68,out,yes,385882,PIIGFR,
Duplication,34,69,in,no,636689,EYCTPVTERK,
Duplication,34,70,out,yes,395668,GDNMET,
Duplication,34,71,out,yes,397108,WPVDSA,
Duplication,34,72,out,yes,399582,EHYASR,
Duplication,34,73,out,yes,401967,SPNESM,
Duplication,34,74,out,yes,408090,LEEENR,
Duplication,34,75,in,no,663959,QLLEQVTERK,
Duplication,34,76,out,yes,423552,TSDSMGNRKK,
Duplication,34,77,out,yes,426941,FPSSRGNRKK,
Duplication,34,78,in,no,672821,KPMREVTERK,
Duplication,35,35,in,no,433559,LNLLLATQKE,
Duplication,35,36,in,no,438770,EDVLKATQKE,
Duplication,35,37,in,no,445273,IKTGKATQKE,
Duplication,35,38,in,no,450000,FNKDMATQKE,
Duplication,35,39,in,no,455483,HNALKATQKE,
Duplication,35,40,in,no,461718,ERKIKATQKE,
Duplication,35,41,in,no,468889,NFAQIATQKE,
Duplication,35,42,in,no,476402,EESLKATQKE,
Duplication,35,43,out,yes,244779,YKDRQGLLKK,
Duplication,35,44,in,no,489485,KWYLKATQKE,
Duplication,35,45,out,yes,257930,SDRKKRLLKK,
Duplication,35,46,in,no,501985,LEQVKATQKE,
Duplication,35,47,in,no,507617,LQWIKATQKE,
Duplication,35,48,in,no,514837,PFDVKATQKE,
Duplication,35,49,in,no,518652,TQPVKATQKE,
Duplication,35,50,out,yes,283604,TTIGACYSKR,
Duplication,35,51,in,no,531421,IIKQKATQKE,
Duplication,35,52,out,yes,296864,IITDRSYSKR,
Duplication,35,53,in,no,544405,ITETKATQKE,
Duplication,35,54,out,yes,312273,RSIHKRLLKK,
Duplication,35,55,in,no,557930,MKQWQATQKE,
Duplication,35,56,out,yes,326503,KSLNIRLLKK,
Duplication,35,57,in,no,570782,NDVHRATQKE,
Duplication,35,58,out,yes,336432,YQEPRGYSKR,
Duplication,35,59,in,no,586162,LEKVKATQKE,
Duplication,35,60,in,no,591688,WKLLQATQKE,
Duplication,35,61,out,yes,355608,QHFLSSYSKR,
Duplication,35,62,out,yes,358826,VPYYIKLLKK,
Duplication,35,63,out,yes,360410,LYQSLGYSKR,
Duplication,35,64,out,yes,363378,QKALCCYSKR,
Duplication,35,65,out,yes,371961,LNVYDTLLKK,
Duplication,35,66,out,yes,374376,EDKYRCYSKR,
Duplication,35,67,in,no,619312,SCFQFATQKE,
Duplication,35,68,out,yes,387421,PIIGFRLLKK,
Duplication,35,69,in,no,630112,EYCTPATQKE,
Duplication,35,70,out,yes,397207,GDNMETLLKK,
Duplication,35,71,out,yes,398647,WPVDSALLKK,
Duplication,35,72,out,yes,401121,EHYASRLLKK,
Duplication,35,73,out,yes,403506,SPNESMLLKK,
Duplication,35,74,out,yes,409629,LEEENRLLKK,
Duplication,35,75,in,no,657382,QLLEQATQKE,
Duplication,35,76,out,yes,422535,TSDSMGYSKR,
Duplication,35,77,out,yes,425924,FPSSRGYSKR,
Duplication,35,78,in,no,666243,KPMREATQKE,
Duplication,36,36,in,no,432000,EDVLKEYQKH,
Duplication,36,37,in,no,438503,IKTGKEYQKH,
Duplication,36,38,in,no,443230,FNKDMEYQKH,
Duplication,36,39,in,no,448713,HNALKEYQKH,
Duplication,36,40,in,no,454948,ERKIKEYQKH,
Duplication,36,41,in,no,462119,NFAQIEYQKH,
Duplication,36,42,in,no,469632,EESLKEYQKH,
Duplication,36,43,out,yes,248580,YKDRQGNTRN,
Duplication,36,44,in,no,482715,KWYLKEYQKH,
Duplication,36,45,out,yes,261730,SDRKKRNTRN,
Duplication,36,46,in,no,495215,LEQVKEYQKH,
Duplication,36,47,in,no,500847,LQWIKEYQKH,
Duplication,36,48,in,no,508067,PFDVKEYQKH,
Duplication,36,49,in,no,511882,TQPVKEYQKH,
Duplication,36,50,out,yes,282851,TTIGA,
Duplication,36,51,in,no,524651,IIKQKEYQKH,
Duplication,36,52,out,yes,297179,IITDRRIPET,
Duplication,36,53,in,no,537635,ITETKEYQKH,
Duplication,36,54,out,yes,316073,RSIHKRNTRN,
Duplication,36,55,in,no,551160,MKQWQEYQKH,
Duplication,36,56,out,yes,330304,KSLNIRNTRN,
Duplication,36,57,in,no,564012,NDVHREYQKH,
Duplication,36,58,out,yes,336678,YQEPRGIPET,
Duplication,36,59,in,no,579392,LEKVKEYQKH,
Duplication,36,60,in,no,584918,WKLLQEYQKH,
Duplication,36,61,out,yes,355923,QHFLSRIPET,
Duplication,36,62,out,yes,362626,VPYYIKNTRN,
Duplication,36,63,out,yes,360656,LYQSLGIPET,
Duplication,36,64,out,yes,362625,QKALC,
Duplication,36,65,out,yes,375762,LNVYDTNTRN,
Duplication,36,66,out,yes,373623,EDKYR,
Duplication,36,67,in,no,612543,SCFQFEYQKH,
Duplication,36,68,out,yes,391222,PIIGFRNTRN,
Duplication,36,69,in,no,623342,EYCTPEYQKH,
Duplication,36,70,out,yes,401007,GDNMETNTRN,
Duplication,36,71,out,yes,402448,WPVDSANTRN,
Duplication,36,72,out,yes,404921,EHYASRNTRN,
Duplication,36,73,out,yes,407306,SPNESMNTRN,
Duplication,36,74,out,yes,413429,LEEENRNTRN,
Duplication,36,75,in,no,650612,QLLEQEYQKH,
Duplication,36,76,out,yes,422781,TSDSMGIPET,
Duplication,36,77,out,yes,426170,FPSSRGIPET,
Duplication,36,78,in,no,659474,KPMREEYQKH,
Duplication,37,37,in,no,433292,IKTGKRLKAE,
Duplication,37,38,in,no,438019,FNKDMRLKAE,
Duplication,37,39,in,no,443502,HNALKRLKAE,
Duplication,37,40,in,no,449737,ERKIKRLKAE,
Duplication,37,41,in,no,456908,NFAQIRLKAE,
Duplication,37,42,in,no,464421,EESLKRLKAE,
Duplication,37,43,out,yes,243339,YKDRQGV,
Duplication,37,44,in,no,477504,KWYLKRLKAE,
Duplication,37,45,out,yes,256421,SDRKKSV,
Duplication,37,46,in,no,490004,LEQVKRLKAE,
Duplication,37,47,in,no,495636,LQWIKRLKAE,
Duplication,37,48,in,no,502856,PFDVKRLKAE,
Duplication,37,49,in,no,506671,TQPVKRLKAE,
Duplication,37,50,out,yes,283657,TTIGASFKGR,
Duplication,37,51,in,no,519440,IIKQKRLKAE,
Duplication,37,52,out,yes,296947,IITDRTFKGR,
Duplication,37,53,in,no,532424,ITETKRLKAE,
Duplication,37,54,out,yes,310764,RSIHKSV,
Duplication,37,55,in,no,545949,MKQWQRLKAE,
Duplication,37,56,out,yes,324994,KSLNISV,
Duplication,37,57,in,no,558801,NDVHRRLKAE,
Duplication,37,58,out,yes,336515,YQEPRAFKGR,
Duplication,37,59,in,no,574181,LEKVKRLKAE,
Duplication,37,60,in,no,579707,WKLLQRLKAE,
Duplication,37,61,out,yes,355691,QHFLSTFKGR,
Duplication,37,62,out,yes,357372,VPYYINV,
Duplication,37,63,out,yes,360493,LYQSLAFKGR,
Duplication,37,64,out,yes,363431,QKALCSFKGR,
Duplication,37,65,out,yes,370521,LNVYDTV,
Duplication,37,66,out,yes,374429,EDKYRSFKGR,
Duplication,37,67,in,no,607332,SCFQFRLKAE,
Duplication,37,68,out,yes,385912,PIIGFSV,
Duplication,37,69,in,no,618131,EYCTPRLKAE,
Duplication,37,70,out,yes,395767,GDNMETV,
Duplication,37,71,out,yes,397207,WPVDSAV,
Duplication,37,72,out,yes,399612,EHYASSV,
Duplication,37,73,out,yes,402048,SPNESIV,
Duplication,37,74,out,yes,408120,LEEENSV,
Duplication,37,75,in,no,645401,QLLEQRLKAE,
Duplication,37,76,out,yes,422618,TSDSMAFKGR,
Duplication,37,77,out,yes,426007,FPSSRAFKGR,
Duplication,37,78,in,no,654262,KPMRERLKAE,
Duplication,38,38,in,no,431517,FNKDMASIPL,
Duplication,38,39,in,no,436999,HNALKASIPL,
Duplication,38,40,in,no,443235,ERKIKASIPL,
Duplication,38,41,in,no,450405,NFAQIASIPL,
Duplication,38,42,in,no,457918,EESLKASIPL,
Duplication,38,43,out,yes,243695,YKDRQGPPFL,
Duplication,38,44,in,no,471001,KWYLKASIPL,
Duplication,38,45,out,yes,256845,SDRKKRPPFL,
Duplication,38,46,in,no,483502,LEQVKASIPL,
Duplication,38,47,in,no,489133,LQWIKASIPL,
Duplication,38,48,in,no,496353,PFDVKASIPL,
Duplication,38,49,in,no,500168,TQPVKASIPL,
Duplication,38,50,out,yes,283965,TTIGACLHSF,
Duplication,38,51,in,no,512937,IIKQKASIPL,
Duplication,38,52,out,yes,297225,IITDRSLHSF,
Duplication,38,53,in,no,525921,ITETKASIPL,
Duplication,38,54,out,yes,311189,RSIHKRPPFL,
Duplication,38,55,in,no,539446,MKQWQASIPL,
Duplication,38,56,out,yes,325419,KSLNIRPPFL,
Duplication,38,57,in,no,552299,NDVHRASIPL,
Duplication,38,58,out,yes,336793,YQEPRGLHSF,
Duplication,38,59,in,no,567678,LEKVKASIPL,
Duplication,38,60,in,no,573205,WKLLQASIPL,
Duplication,38,61,out,yes,355969,QHFLSSLHSF,
Duplication,38,62,out,yes,357741,VPYYIKPPFL,
Duplication,38,63,out,yes,360772,LYQSLGLHSF,
Duplication,38,64,out,yes,363739,QKALCCLHSF,
Duplication,38,65,out,yes,370877,LNVYDTPPFL,
Duplication,38,66,out,yes,374738,EDKYRCLHSF,
Duplication,38,67,in,no,600829,SCFQFASIPL,
Duplication,38,68,out,yes,386337,PIIGFRPPFL,
Duplication,38,69,in,no,611628,EYCTPASIPL,
Duplication,38,70,out,yes,396122,GDNMETPPFL,
Duplication,38,71,out,yes,397563,WPVDSAPPFL,
Duplication,38,72,out,yes,400037,EHYASRPPFL,
Duplication,38,73,out,yes,402421,SPNESMPPFL,
Duplication,38,74,out,yes,408544,LEEENRPPFL,
Duplication,38,75,in,no,638898,QLLEQASIPL,
Duplication,38,76,out,yes,422896,TSDSMGLHSF,
Duplication,38,77,out,yes,426286,FPSSRGLHSF,
Duplication,38,78,in,no,647760,KPMREASIPL,
Duplication,39,39,in,no,432272,HNALKNEDNE,
Duplication,39,40,in,no,438507,ERKIKNEDNE,
Duplication,39,41,in,no,445678,NFAQINEDNE,
Duplication,39,42,in,no,453191,EESLKNEDNE,
Duplication,39,43,out,yes,244100,YKDRQGMKTM,
Duplication,39,44,in,no,466273,KWYLKNEDNE,
Duplication,39,45,out,yes,257251,SDRKKRMKTM,
Duplication,39,46,in,no,478774,LEQVKNEDNE,
Duplication,39,47,in,no,484406,LQWIKNEDNE,
Duplication,39,48,in,no,491625,PFDVKNEDNE,
Duplication,39,49,in,no,495441,TQPVKNEDNE,
Duplication,39,50,out,yes,282851,TTIGA,
Duplication,39,51,in,no,508210,IIKQKNEDNE,
Duplication,39,52,out,yes,296255,IITDRK,
Duplication,39,53,in,no,521193,ITETKNEDNE,
Duplication,39,54,out,yes,311594,RSIHKRMKTM,
Duplication,39,55,in,no,534719,MKQWQNEDNE,
Duplication,39,56,out,yes,325824,KSLNIRMKTM,
Duplication,39,57,in,no,547571,NDVHRNEDNE,
Duplication,39,58,out,yes,335854,YQEPRE,
Duplication,39,59,in,no,562951,LEKVKNEDNE,
Duplication,39,60,in,no,568477,WKLLQNEDNE,
Duplication,39,61,out,yes,354999,QHFLSK,
Duplication,39,62,out,yes,358147,VPYYIKMKTM,
Duplication,39,63,out,yes,359832,LYQSLE,
Duplication,39,64,out,yes,362625,QKALC,
Duplication,39,65,out,yes,371282,LNVYDTMKTM,
Duplication,39,66,out,yes,373623,EDKYR,
Duplication,39,67,in,no,596101,SCFQFNEDNE,
Duplication,39,68,out,yes,386742,PIIGFRMKTM,
Duplication,39,69,in,no,606900,EYCTPNEDNE,
Duplication,39,70,out,yes,396528,GDNMETMKTM,
Duplication,39,71,out,yes,397968,WPVDSAMKTM,
Duplication,39,72,out,yes,400442,EHYASRMKTM,
Duplication,39,73,out,yes,402809,SPNESIMKTM,
Duplication,39,74,out,yes,408950,LEEENRMKTM,
Duplication,39,75,in,no,634171,QLLEQNEDNE,
Duplication,39,76,out,yes,421957,TSDSME,
Duplication,39,77,out,yes,425346,FPSSRE,
Duplication,39,78,in,no,643032,KPMRENEDNE,
Duplication,40,40,in,no,433025,ERKIKDLRSQ,
Duplication,40,41,in,no,440195,NFAQIDLRSQ,
Duplication,40,42,in,no,447708,EESLKDLRSQ,
Duplication,40,43,out,yes,243354,YKDRQGI,
Duplication,40,44,in,no,460791,KWYLKDLRSQ,
Duplication,40,45,out,yes,256504,SDRKKRI,
Duplication,40,46,in,no,473292,LEQVKDLRSQ,
Duplication,40,47,in,no,478923,LQWIKDLRSQ,
Duplication,40,48,in,no,486143,PFDVKDLRSQ,
Duplication,40,49,in,no,489958,TQPVKDLRSQ,
Duplication,40,50,out,yes,282851,TTIGA,
Duplication,40,51,in,no,502727,IIKQKDLRSQ,
Duplication,40,52,out,yes,298764,IITDRRFEVS,
Duplication,40,53,in,no,515711,ITETKDLRSQ,
Duplication,40,54,out,yes,310847,RSIHKRI,
Duplication,40,55,in,no,529237,MKQWQDLRSQ,
Duplication,40,56,out,yes,325078,KSLNIRI,
Duplication,40,57,in,no,542089,NDVHRDLRSQ,
Duplication,40,58,out,yes,338263,YQEPRGFEVS,
Duplication,40,59,in,no,557468,LEKVKDLRSQ,
Duplication,40,60,in,no,562995,WKLLQDLRSQ,
Duplication,40,61,out,yes,357508,QHFLSRFEVS,
Duplication,40,62,out,yes,357400,VPYYIKI,
Duplication,40,63,out,yes,362241,LYQSLGFEVS,
Duplication,40,64,out,yes,362625,QKALC,
Duplication,40,65,out,yes,370536,LNVYDTI,
Duplication,40,66,out,yes,373623,EDKYR,
Duplication,40,67,in,no,590619,SCFQFDLRSQ,
Duplication,40,68,out,yes,385996,PIIGFRI,
Duplication,40,69,in,no,601418,EYCTPDLRSQ,
Duplication,40,70,out,yes,395781,GDNMETI,
Duplication,40,71,out,yes,397221,WPVDSAI,
Duplication,40,72,out,yes,399695,EHYASRI,
Duplication,40,73,out,yes,402080,SPNESMI,
Duplication,40,74,out,yes,408203,LEEENRI,
Duplication,40,75,in,no,628688,QLLEQDLRSQ,
Duplication,40,76,out,yes,424366,TSDSMGFEVS,
Duplication,40,77,out,yes,427755,FPSSRGFEVS,
Duplication,40,78,in,no,637550,KPMREDLRSQ,
Duplication,41,41,in,no,433959,NFAQIEIDRE,
Duplication,41,42,in,no,441473,EESLKEIDRE,
Duplication,41,43,out,yes,244709,YKDRQGKLIG,
Duplication,41,44,in,no,454555,KWYLKEIDRE,
Duplication,41,45,out,yes,257860,SDRKKRKLIG,
Duplication,41,46,in,no,467056,LEQVKEIDRE,
Duplication,41,47,in,no,472688,LQWIKEIDRE,
Duplication,41,48,in,no,479907,PFDVKEIDRE,
Duplication,41,49,in,no,483723,TQPVKEIDRE,
Duplication,41,50,out,yes,282851,TTIGA,
Duplication,41,51,in,no,496491,IIKQKEIDRE,
Duplication,41,52,out,yes,296397,IITDRRN,
Duplication,41,53,in,no,509475,ITETKEIDRE,
Duplication,41,54,out,yes,312203,RSIHKRKLIG,
Duplication,41,55,in,no,523001,MKQWQEIDRE,
Duplication,41,56,out,yes,326433,KSLNIRKLIG,
Duplication,41,57,in,no,535853,NDVHREIDRE,
Duplication,41,58,out,yes,335896,YQEPRGN,
Duplication,41,59,in,no,551233,LEKVKEIDRE,
Duplication,41,60,in,no,556759,WKLLQEIDRE,
Duplication,41,61,out,yes,355141,QHFLSRN,
Duplication,41,62,out,yes,358756,VPYYIKKLIG,
Duplication,41,63,out,yes,359875,LYQSLGN,
Duplication,41,64,out,yes,362625,QKALC,
Duplication,41,65,out,yes,371891,LNVYDTKLIG,
Duplication,41,66,out,yes,373623,EDKYR,
Duplication,41,67,in,no,584383,SCFQFEIDRE,
Duplication,41,68,out,yes,387351,PIIGFRKLIG,
Duplication,41,69,in,no,595182,EYCTPEIDRE,
Duplication,41,70,out,yes,397137,GDNMETKLIG,
Duplication,41,71,out,yes,398577,WPVDSAKLIG,
Duplication,41,72,out,yes,401051,EHYASRKLIG,
Duplication,41,73,out,yes,403435,SPNESMKLIG,
Duplication,41,74,out,yes,409559,LEEENRKLIG,
Duplication,41,75,in,no,622453,QLLEQEIDRE,
Duplication,41,76,out,yes,421999,TSDSMGN,
Duplication,41,77,out,yes,425389,FPSSRGN,
Duplication,41,78,in,no,631314,KPMREEIDRE,
Duplication,42,42,in,no,434302,EESLKHTVRE,
Duplication,42,43,out,yes,244053,YKDRQGTLSV,
Duplication,42,44,in,no,447385,KWYLKHTVRE,
Duplication,42,45,out,yes,257135,SDRKKSTLSV,
Duplication,42,46,in,no,459886,LEQVKHTVRE,
Duplication,42,47,in,no,465517,LQWIKHTVRE,
Duplication,42,48,in,no,472737,PFDVKHTVRE,
Duplication,42,49,in,no,476552,TQPVKHTVRE,
Duplication,42,50,out,yes,283275,TTIGASHCP,
Duplication,42,51,in,no,489321,IIKQKHTVRE,
Duplication,42,52,out,yes,296566,IITDRTHCP,
Duplication,42,53,in,no,502305,ITETKHTVRE,
Duplication,42,54,out,yes,311478,RSIHKSTLSV,
Duplication,42,55,in,no,515831,MKQWQHTVRE,
Duplication,42,56,out,yes,325708,KSLNISTLSV,
Duplication,42,57,in,no,528683,NDVHRHTVRE,
Duplication,42,58,out,yes,336134,YQEPRAHCP,
Duplication,42,59,in,no,544062,LEKVKHTVRE,
Duplication,42,60,in,no,549589,WKLLQHTVRE,
Duplication,42,61,out,yes,355310,QHFLSTHCP,
Duplication,42,62,out,yes,358086,VPYYINTLSV,
Duplication,42,63,out,yes,360112,LYQSLAHCP,
Duplication,42,64,out,yes,363050,QKALCSHCP,
Duplication,42,65,out,yes,371235,LNVYDTTLSV,
Duplication,42,66,out,yes,374048,EDKYRSHCP,
Duplication,42,67,in,no,577213,SCFQFHTVRE,
Duplication,42,68,out,yes,386626,PIIGFSTLSV,
Duplication,42,69,in,no,588012,EYCTPHTVRE,
Duplication,42,70,out,yes,396481,GDNMETTLSV,
Duplication,42,71,out,yes,397921,WPVDSATLSV,
Duplication,42,72,out,yes,400326,EHYASSTLSV,
Duplication,42,73,out,yes,402761,SPNESITLSV,
Duplication,42,74,out,yes,408833,LEEENSTLSV,
Duplication,42,75,in,no,615282,QLLEQHTVRE,
Duplication,42,76,out,yes,422236,TSDSMAHCP,
Duplication,42,77,out,yes,425626,FPSSRAHCP,
Duplication,42,78,in,no,624144,KPMREHTVRE,
Duplication,43,43,out,yes,243354,YKDRQGI,
Duplication,43,44,in,no,439871,KWYLKNIKDS,
Duplication,43,45,out,yes,256504,SDRKKRI,
Duplication,43,46,in,no,452372,LEQVKNIKDS,
Duplication,43,47,in,no,458004,LQWIKNIKDS,
Duplication,43,48,in,no,465224,PFDVKNIKDS,
Duplication,43,49,in,no,469039,TQPVKNIKDS,
Duplication,43,50,out,yes,282851,TTIGA,
Duplication,43,51,in,no,481808,IIKQKNIKDS,
Duplication,43,52,out,yes,296703,IITDRKYKR,
Duplication,43,53,in,no,494792,ITETKNIKDS,
Duplication,43,54,out,yes,310847,RSIHKRI,
Duplication,43,55,in,no,508317,MKQWQNIKDS,
Duplication,43,56,out,yes,325078,KSLNIRI,
Duplication,43,57,in,no,521169,NDVHRNIKDS,
Duplication,43,58,out,yes,336302,YQEPREYKR,
Duplication,43,59,in,no,536549,LEKVKNIKDS,
Duplication,43,60,in,no,542075,WKLLQNIKDS,
Duplication,43,61,out,yes,355447,QHFLSKYKR,
Duplication,43,62,out,yes,357400,VPYYIKI,
Duplication,43,63,out,yes,360280,LYQSLEYKR,
Duplication,43,64,out,yes,362625,QKALC,
Duplication,43,65,out,yes,370536,LNVYDTI,
Duplication,43,66,out,yes,373623,EDKYR,
Duplication,43,67,in,no,569699,SCFQFNIKDS,
Duplication,43,68,out,yes,385996,PIIGFRI,
Duplication,43,69,in,no,580498,EYCTPNIKDS,
Duplication,43,70,out,yes,395781,GDNMETI,
Duplication,43,71,out,yes,397221,WPVDSAI,
Duplication,43,72,out,yes,399695,EHYASRI,
Duplication,43,73,out,yes,402062,SPNESII,
Duplication,43,74,out,yes,408203,LEEENRI,
Duplication,43,75,in,no,607769,QLLEQNIKDS,
Duplication,43,76,out,yes,422404,TSDSMEYKR,
Duplication,43,77,out,yes,425794,FPSSREYKR,
Duplication,43,78,in,no,616630,KPMRENIKDS,
Duplication,44,44,out,yes,249867,KWYLKAI,
Duplication,44,45,in,no,439940,SDRKKRRFDR,
Duplication,44,46,out,yes,262368,LEQVKAI,
Duplication,44,47,out,yes,268000,LQWIKAI,
Duplication,44,48,out,yes,275219,PFDVKAI,
Duplication,44,49,out,yes,279034,TQPVKAI,
Duplication,44,50,out,yes,284613,TTIGACDLTD,
Duplication,44,51,out,yes,291803,IIKQKAI,
Duplication,44,52,out,yes,297873,IITDRSDLTD,
Duplication,44,53,out,yes,304787,ITETKAI,
Duplication,44,54,in,no,494283,RSIHKRRFDR,
Duplication,44,55,out,yes,318313,MKQWQAI,
Duplication,44,56,in,no,508513,KSLNIRRFDR,
Duplication,44,57,out,yes,331165,NDVHRAI,
Duplication,44,58,out,yes,337441,YQEPRGDLTD,
Duplication,44,59,out,yes,346544,LEKVKAI,
Duplication,44,60,out,yes,352071,WKLLQAI,
Duplication,44,61,out,yes,356617,QHFLSSDLTD,
Duplication,44,62,in,no,540835,VPYYIKRFDR,
Duplication,44,63,out,yes,361420,LYQSLGDLTD,
Duplication,44,64,out,yes,364387,QKALCCDLTD,
Duplication,44,65,in,no,553971,LNVYDTRFDR,
Duplication,44,66,out,yes,375386,EDKYRCDLTD,
Duplication,44,67,out,yes,379695,SCFQFAI,
Duplication,44,68,in,no,569431,PIIGFRRFDR,
Duplication,44,69,out,yes,390494,EYCTPAI,
Duplication,44,70,in,no,579216,GDNMETRFDR,
Duplication,44,71,in,no,580657,WPVDSARFDR,
Duplication,44,72,in,no,583131,EHYASRRFDR,
Duplication,44,73,in,no,585515,SPNESMRFDR,
Duplication,44,74,in,no,591638,LEEENRRFDR,
Duplication,44,75,out,yes,417764,QLLEQAI,
Duplication,44,76,out,yes,423544,TSDSMGDLTD,
Duplication,44,77,out,yes,426934,FPSSRGDLTD,
Duplication,44,78,out,yes,426626,KPMREAI,
Duplication,45,45,out,yes,257973,SDRKKRNSRM,
Duplication,45,46,in,no,439290,LEQVKELQDG,
Duplication,45,47,in,no,444922,LQWIKELQDG,
Duplication,45,48,in,no,452141,PFDVKELQDG,
Duplication,45,49,in,no,455956,TQPVKELQDG,
Duplication,45,50,out,yes,282851,TTIGA,
Duplication,45,51,in,no,468725,IIKQKELQDG,
Duplication,45,52,out,yes,304645,IITDRRTPGW,
Duplication,45,53,in,no,481709,ITETKELQDG,
Duplication,45,54,out,yes,312316,RSIHKRNSRM,
Duplication,45,55,in,no,495235,MKQWQELQDG,
Duplication,45,56,out,yes,326546,KSLNIRNSRM,
Duplication,45,57,in,no,508087,NDVHRELQDG,
Duplication,45,58,out,yes,344144,YQEPRGTPGW,
Duplication,45,59,in,no,523466,LEKVKELQDG,
Duplication,45,60,in,no,528993,WKLLQELQDG,
Duplication,45,61,out,yes,363389,QHFLSRTPGW,
Duplication,45,62,out,yes,358869,VPYYIKNSRM,
Duplication,45,63,out,yes,368122,LYQSLGTPGW,
Duplication,45,64,out,yes,362625,QKALC,
Duplication,45,65,out,yes,372004,LNVYDTNSRM,
Duplication,45,66,out,yes,373623,EDKYR,
Duplication,45,67,in,no,556617,SCFQFELQDG,
Duplication,45,68,out,yes,387464,PIIGFRNSRM,
Duplication,45,69,in,no,567416,EYCTPELQDG,
Duplication,45,70,out,yes,397250,GDNMETNSRM,
Duplication,45,71,out,yes,398690,WPVDSANSRM,
Duplication,45,72,out,yes,401164,EHYASRNSRM,
Duplication,45,73,out,yes,403548,SPNESMNSRM,
Duplication,45,74,out,yes,409672,LEEENRNSRM,
Duplication,45,75,in,no,594686,QLLEQELQDG,
Duplication,45,76,out,yes,430247,TSDSMGTPGW,
Duplication,45,77,out,yes,433636,FPSSRGTPGW,
Duplication,45,78,in,no,603548,KPMREELQDG,
Duplication,46,46,out,yes,264217,LEQVKARRTK,
Duplication,46,47,out,yes,269849,LQWIKARRTK,
Duplication,46,48,out,yes,277068,PFDVKARRTK,
Duplication,46,49,out,yes,280884,TQPVKARRTK,
Duplication,46,50,out,yes,282954,TTIGAC,
Duplication,46,51,out,yes,293652,IIKQKARRTK,
Duplication,46,52,out,yes,296214,IITDRS,
Duplication,46,53,out,yes,306636,ITETKARRTK,
Duplication,46,54,in,no,481132,RSIHKRLEEQ,
Duplication,46,55,out,yes,320162,MKQWQARRTK,
Duplication,46,56,in,no,495362,KSLNIRLEEQ,
Duplication,46,57,out,yes,333014,NDVHRARRTK,
Duplication,46,58,out,yes,335782,YQEPRG,
Duplication,46,59,out,yes,348393,LEKVKARRTK,
Duplication,46,60,out,yes,353920,WKLLQARRTK,
Duplication,46,61,out,yes,354958,QHFLSS,
Duplication,46,62,in,no,527685,VPYYIKLEEQ,
Duplication,46,63,out,yes,359760,LYQSLG,
Duplication,46,64,out,yes,362728,QKALCC,
Duplication,46,65,in,no,540820,LNVYDTLEEQ,
Duplication,46,66,out,yes,373727,EDKYRC,
Duplication,46,67,out,yes,381544,SCFQFARRTK,
Duplication,46,68,in,no,556280,PIIGFRLEEQ,
Duplication,46,69,out,yes,392343,EYCTPARRTK,
Duplication,46,70,in,no,566066,GDNMETLEEQ,
Duplication,46,71,in,no,567506,WPVDSALEEQ,
Duplication,46,72,in,no,569980,EHYASRLEEQ,
Duplication,46,73,in,no,572365,SPNESMLEEQ,
Duplication,46,74,in,no,578488,LEEENRLEEQ,
Duplication,46,75,out,yes,419614,QLLEQARRTK,
Duplication,46,76,out,yes,421885,TSDSMG,
Duplication,46,77,out,yes,425274,FPSSRG,
Duplication,46,78,out,yes,428475,KPMREARRTK,
Duplication,47,47,in,no,432421,LQWIKLLVEE,
Duplication,47,48,in,no,439640,PFDVKLLVEE,
Duplication,47,49,in,no,443456,TQPVKLLVEE,
Duplication,47,50,out,yes,284534,TTIGAFTGGR,
Duplication,47,51,in,no,456224,IIKQKLLVEE,
Duplication,47,52,out,yes,297776,IITDRITGGR,
Duplication,47,53,in,no,469208,ITETKLLVEE,
Duplication,47,54,out,yes,312538,RSIHKSYWWK,
Duplication,47,55,in,no,482734,MKQWQLLVEE,
Duplication,47,56,out,yes,326768,KSLNISYWWK,
Duplication,47,57,in,no,495586,NDVHRLLVEE,
Duplication,47,58,out,yes,337360,YQEPRVTGGR,
Duplication,47,59,in,no,510966,LEKVKLLVEE,
Duplication,47,60,in,no,516492,WKLLQLLVEE,
Duplication,47,61,out,yes,356520,QHFLSITGGR,
Duplication,47,62,out,yes,359146,VPYYINYWWK,
Duplication,47,63,out,yes,361338,LYQSLVTGGR,
Duplication,47,64,out,yes,364308,QKALCFTGGR,
Duplication,47,65,out,yes,372295,LNVYDTYWWK,
Duplication,47,66,out,yes,375306,EDKYRFTGGR,
Duplication,47,67,in,no,544116,SCFQFLLVEE,
Duplication,47,68,out,yes,387686,PIIGFSYWWK,
Duplication,47,69,in,no,554915,EYCTPLLVEE,
Duplication,47,70,out,yes,397541,GDNMETYWWK,
Duplication,47,71,out,yes,398981,WPVDSAYWWK,
Duplication,47,72,out,yes,401386,EHYASSYWWK,
Duplication,47,73,out,yes,403822,SPNESIYWWK,
Duplication,47,74,out,yes,409894,LEEENSYWWK,
Duplication,47,75,in,no,582186,QLLEQLLVEE,
Duplication,47,76,out,yes,423463,TSDSMVTGGR,
Duplication,47,77,out,yes,426852,FPSSRVTGGR,
Duplication,47,78,in,no,591047,KPMRELLVEE,
Duplication,48,48,in,no,434009,PFDVKVSRAL,
Duplication,48,49,in,no,437824,TQPVKVSRAL,
Duplication,48,50,out,yes,283565,TTIGACFQSF,
Duplication,48,51,in,no,450593,IIKQKVSRAL,
Duplication,48,52,out,yes,296825,IITDRSFQSF,
Duplication,48,53,in,no,463577,ITETKVSRAL,
Duplication,48,54,out,yes,312635,RSIHKRFPEL,
Duplication,48,55,in,no,477102,MKQWQVSRAL,
Duplication,48,56,out,yes,326866,KSLNIRFPEL,
Duplication,48,57,in,no,489954,NDVHRVSRAL,
Duplication,48,58,out,yes,336393,YQEPRGFQSF,
Duplication,48,59,in,no,505334,LEKVKVSRAL,
Duplication,48,60,in,no,510860,WKLLQVSRAL,
Duplication,48,61,out,yes,355569,QHFLSSFQSF,
Duplication,48,62,out,yes,359188,VPYYIKFPEL,
Duplication,48,63,out,yes,360371,LYQSLGFQSF,
Duplication,48,64,out,yes,363339,QKALCCFQSF,
Duplication,48,65,out,yes,372324,LNVYDTFPEL,
Duplication,48,66,out,yes,374337,EDKYRCFQSF,
Duplication,48,67,in,no,538484,SCFQFVSRAL,
Duplication,48,68,out,yes,387784,PIIGFRFPEL,
Duplication,48,69,in,no,549284,EYCTPVSRAL,
Duplication,48,70,out,yes,397569,GDNMETFPEL,
Duplication,48,71,out,yes,399010,WPVDSAFPEL,
Duplication,48,72,out,yes,401483,EHYASRFPEL,
Duplication,48,73,out,yes,403868,SPNESMFPEL,
Duplication,48,74,out,yes,409991,LEEENRFPEL,
Duplication,48,75,in,no,576554,QLLEQVSRAL,
Duplication,48,76,out,yes,422496,TSDSMGFQSF,
Duplication,48,77,out,yes,425885,FPSSRGFQSF,
Duplication,48,78,in,no,585415,KPMREVSRAL,
Duplication,49,49,in,no,430604,TQPVKETEIA,
Duplication,49,50,out,yes,282851,TTIGA,
Duplication,49,51,in,no,443373,IIKQKETEIA,
Duplication,49,52,out,yes,296397,IITDRRN,
Duplication,49,53,in,no,456357,ITETKETEIA,
Duplication,49,54,out,yes,311104,RSIHKRKLK,
Duplication,49,55,in,no,469883,MKQWQETEIA,
Duplication,49,56,out,yes,325334,KSLNIRKLK,
Duplication,49,57,in,no,482735,NDVHRETEIA,
Duplication,49,58,out,yes,335896,YQEPRGN,
Duplication,49,59,in,no,498114,LEKVKETEIA,
Duplication,49,60,in,no,503641,WKLLQETEIA,
Duplication,49,61,out,yes,355141,QHFLSRN,
Duplication,49,62,out,yes,357656,VPYYIKKLK,
Duplication,49,63,out,yes,359875,LYQSLGN,
Duplication,49,64,out,yes,362625,QKALC,
Duplication,49,65,out,yes,370792,LNVYDTKLK,
Duplication,49,66,out,yes,373623,EDKYR,
Duplication,49,67,in,no,531265,SCFQFETEIA,
Duplication,49,68,out,yes,386252,PIIGFRKLK,
Duplication,49,69,in,no,542064,EYCTPETEIA,
Duplication,49,70,out,yes,396037,GDNMETKLK,
Duplication,49,71,out,yes,397478,WPVDSAKLK,
Duplication,49,72,out,yes,399952,EHYASRKLK,
Duplication,49,73,out,yes,402336,SPNESMKLK,
Duplication,49,74,out,yes,408459,LEEENRKLK,
Duplication,49,75,in,no,569334,QLLEQETEIA,
Duplication,49,76,out,yes,421999,TSDSMGN,
Duplication,49,77,out,yes,425389,FPSSRGN,
Duplication,49,78,in,no,578196,KPMREETEIA,
Duplication,50,50,out,yes,282851,TTIGA,
Duplication,50,51,in,no,439558,IIKQKRKLED,
Duplication,50,52,out,yes,297125,IITDRKEVRR,
Duplication,50,53,in,no,452542,ITETKRKLED,
Duplication,50,54,out,yes,310878,RSIHKRGS,
Duplication,50,55,in,no,466067,MKQWQRKLED,
Duplication,50,56,out,yes,325108,KSLNIRGS,
Duplication,50,57,in,no,478919,NDVHRRKLED,
Duplication,50,58,out,yes,336724,YQEPREEVRR,
Duplication,50,59,in,no,494299,LEKVKRKLED,
Duplication,50,60,in,no,499825,WKLLQRKLED,
Duplication,50,61,out,yes,355869,QHFLSKEVRR,
Duplication,50,62,out,yes,357431,VPYYIKGS,
Duplication,50,63,out,yes,360702,LYQSLEEVRR,
Duplication,50,64,out,yes,362625,QKALC,
Duplication,50,65,out,yes,370567,LNVYDTGS,
Duplication,50,66,out,yes,373623,EDKYR,
Duplication,50,67,in,no,527450,SCFQFRKLED,
Duplication,50,68,out,yes,386027,PIIGFRGS,
Duplication,50,69,in,no,538249,EYCTPRKLED,
Duplication,50,70,out,yes,395812,GDNMETGS,
Duplication,50,71,out,yes,397252,WPVDSAGS,
Duplication,50,72,out,yes,399726,EHYASRGS,
Duplication,50,73,out,yes,402093,SPNESIGS,
Duplication,50,74,out,yes,408234,LEEENRGS,
Duplication,50,75,in,no,565519,QLLEQRKLED,
Duplication,50,76,out,yes,422827,TSDSMEEVRR,
Duplication,50,77,out,yes,426216,FPSSREEVRR,
Duplication,50,78,in,no,574381,KPMRERKLED,
Duplication,51,51,out,yes,292640,IIKQKLLLRL,
Duplication,51,52,in,no,440079,IITDRTPTQT,
Duplication,51,53,out,yes,305624,ITETKLLLRL,
Duplication,51,54,out,yes,312169,RSIHKSSYSD,
Duplication,51,55,out,yes,319150,MKQWQLLLRL,
Duplication,51,56,out,yes,326399,KSLNISSYSD,
Duplication,51,57,out,yes,332002,NDVHRLLLRL,
Duplication,51,58,in,no,479647,YQEPRAPTQT,
Duplication,51,59,out,yes,347382,LEKVKLLLRL,
Duplication,51,60,out,yes,352908,WKLLQLLLRL,
Duplication,51,61,in,no,498823,QHFLSTPTQT,
Duplication,51,62,out,yes,358776,VPYYINSYSD,
Duplication,51,63,in,no,503625,LYQSLAPTQT,
Duplication,51,64,in,no,506563,QKALCSPTQT,
Duplication,51,65,out,yes,371926,LNVYDTSYSD,
Duplication,51,66,in,no,517562,EDKYRSPTQT,
Duplication,51,67,out,yes,380532,SCFQFLLLRL,
Duplication,51,68,out,yes,387317,PIIGFSSYSD,
Duplication,51,69,out,yes,391331,EYCTPLLLRL,
Duplication,51,70,out,yes,397171,GDNMETSYSD,
Duplication,51,71,out,yes,398612,WPVDSASYSD,
Duplication,51,72,out,yes,401017,EHYASSSYSD,
Duplication,51,73,out,yes,403452,SPNESISYSD,
Duplication,51,74,out,yes,409524,LEEENSSYSD,
Duplication,51,75,out,yes,418602,QLLEQLLLRL,
Duplication,51,76,in,no,565750,TSDSMAPTQT,
Duplication,51,77,in,no,569139,FPSSRAPTQT,
Duplication,51,78,out,yes,427463,KPMRELLLRL,
Duplication,52,52,out,yes,299663,IITDRSNNAG,
Duplication,52,53,in,no,439773,ITETKATMQD,
Duplication,52,54,out,yes,313337,RSIHKRQQCR,
Duplication,52,55,in,no,453298,MKQWQATMQD,
Duplication,52,56,out,yes,327567,KSLNIRQQCR,
Duplication,52,57,in,no,466151,NDVHRATMQD,
Duplication,52,58,out,yes,339231,YQEPRGNNAG,
Duplication,52,59,in,no,481530,LEKVKATMQD,
Duplication,52,60,in,no,487057,WKLLQATMQD,
Duplication,52,61,out,yes,358407,QHFLSSNNAG,
Duplication,52,62,out,yes,359890,VPYYIKQQCR,
Duplication,52,63,out,yes,363209,LYQSLGNNAG,
Duplication,52,64,out,yes,366177,QKALCCNNAG,
Duplication,52,65,out,yes,373026,LNVYDTQQCR,
Duplication,52,66,out,yes,377176,EDKYRCNNAG,
Duplication,52,67,in,no,514681,SCFQFATMQD,
Duplication,52,68,out,yes,388486,PIIGFRQQCR,
Duplication,52,69,in,no,525480,EYCTPATMQD,
Duplication,52,70,out,yes,398271,GDNMETQQCR,
Duplication,52,71,out,yes,399711,WPVDSAQQCR,
Duplication,52,72,out,yes,402185,EHYASRQQCR,
Duplication,52,73,out,yes,404570,SPNESMQQCR,
Duplication,52,74,out,yes,410693,LEEENRQQCR,
Duplication,52,75,in,no,552750,QLLEQATMQD,
Duplication,52,76,out,yes,425334,TSDSMGNNAG,
Duplication,52,77,out,yes,428723,FPSSRGNNAG,
Duplication,52,78,in,no,561612,KPMREATMQD,
Duplication,53,53,out,yes,307020,ITETKLKEFR,
Duplication,53,54,out,yes,310665,RSIHKS,
Duplication,53,55,out,yes,320545,MKQWQLKEFR,
Duplication,53,56,out,yes,324895,KSLNIS,
Duplication,53,57,out,yes,333397,NDVHRLKEFR,
Duplication,53,58,in,no,466373,YQEPRVERIQ,
Duplication,53,59,out,yes,348777,LEKVKLKEFR,
Duplication,53,60,out,yes,354303,WKLLQLKEFR,
Duplication,53,61,in,no,485533,QHFLSIERIQ,
Duplication,53,62,out,yes,357273,VPYYIN,
Duplication,53,63,in,no,490351,LYQSLVERIQ,
Duplication,53,64,in,no,493321,QKALCFERIQ,
Duplication,53,65,out,yes,370422,LNVYDT,
Duplication,53,66,in,no,504319,EDKYRFERIQ,
Duplication,53,67,out,yes,381928,SCFQFLKEFR,
Duplication,53,68,out,yes,385813,PIIGFS,
Duplication,53,69,out,yes,392727,EYCTPLKEFR,
Duplication,53,70,out,yes,395668,GDNMET,
Duplication,53,71,out,yes,397108,WPVDSA,
Duplication,53,72,out,yes,399513,EHYASS,
Duplication,53,73,out,yes,401949,SPNESI,
Duplication,53,74,out,yes,408020,LEEENS,
Duplication,53,75,out,yes,419997,QLLEQLKEFR,
Duplication,53,76,in,no,552476,TSDSMVERIQ,
Duplication,53,77,in,no,555865,FPSSRVERIQ,
Duplication,53,78,out,yes,428859,KPMRELKEFR,
Duplication,54,54,out,yes,311982,RSIHKSSWPK,
Duplication,54,55,in,no,440315,MKQWQQLAKD,
Duplication,54,56,out,yes,326213,KSLNISSWPK,
Duplication,54,57,in,no,453167,NDVHRQLAKD,
Duplication,54,58,out,yes,337489,YQEPRAVGQR,
Duplication,54,59,in,no,468546,LEKVKQLAKD,
Duplication,54,60,in,no,474073,WKLLQQLAKD,
Duplication,54,61,out,yes,356665,QHFLSTVGQR,
Duplication,54,62,out,yes,358590,VPYYINSWPK,
Duplication,54,63,out,yes,361468,LYQSLAVGQR,
Duplication,54,64,out,yes,364405,QKALCSVGQR,
Duplication,54,65,out,yes,371740,LNVYDTSWPK,
Duplication,54,66,out,yes,375404,EDKYRSVGQR,
Duplication,54,67,in,no,501697,SCFQFQLAKD,
Duplication,54,68,out,yes,387131,PIIGFSSWPK,
Duplication,54,69,in,no,512496,EYCTPQLAKD,
Duplication,54,70,out,yes,396985,GDNMETSWPK,
Duplication,54,71,out,yes,398426,WPVDSASWPK,
Duplication,54,72,out,yes,400830,EHYASSSWPK,
Duplication,54,73,out,yes,403266,SPNESISWPK,
Duplication,54,74,out,yes,409338,LEEENSSWPK,
Duplication,54,75,in,no,539766,QLLEQQLAKD,
Duplication,54,76,out,yes,423592,TSDSMAVGQR,
Duplication,54,77,out,yes,426981,FPSSRAVGQR,
Duplication,54,78,in,no,548628,KPMREQLAKD,
Duplication,55,55,out,yes,318315,MKQWQGE,
Duplication,55,56,in,no,441019,KSLNIRVSER,
Duplication,55,57,out,yes,331167,NDVHRGE,
Duplication,55,58,out,yes,335782,YQEPRG,
Duplication,55,59,out,yes,346546,LEKVKGE,
Duplication,55,60,out,yes,352073,WKLLQGE,
Duplication,55,61,out,yes,355027,QHFLSR,
Duplication,55,62,in,no,473342,VPYYIKVSER,
Duplication,55,63,out,yes,359760,LYQSLG,
Duplication,55,64,out,yes,362811,QKALCW,
Duplication,55,65,in,no,486477,LNVYDTVSER,
Duplication,55,66,out,yes,373810,EDKYRW,
Duplication,55,67,out,yes,379697,SCFQFGE,
Duplication,55,68,in,no,501937,PIIGFRVSER,
Duplication,55,69,out,yes,390496,EYCTPGE,
Duplication,55,70,in,no,511723,GDNMETVSER,
Duplication,55,71,in,no,513163,WPVDSAVSER,
Duplication,55,72,in,no,515637,EHYASRVSER,
Duplication,55,73,in,no,518022,SPNESMVSER,
Duplication,55,74,in,no,524145,LEEENRVSER,
Duplication,55,75,out,yes,417766,QLLEQGE,
Duplication,55,76,out,yes,421885,TSDSMG,
Duplication,55,77,out,yes,425274,FPSSRG,
Duplication,55,78,out,yes,426628,KPMREGE,
Duplication,56,56,out,yes,327647,KSLNIRTSKV,
Duplication,56,57,in,no,439641,NDVHRDLQGE,
Duplication,56,58,out,yes,336132,YQEPRGPPR,
Duplication,56,59,in,no,455021,LEKVKDLQGE,
Duplication,56,60,in,no,460547,WKLLQDLQGE,
Duplication,56,61,out,yes,355378,QHFLSRPPR,
Duplication,56,62,out,yes,359969,VPYYIKTSKV,
Duplication,56,63,out,yes,360111,LYQSLGPPR,
Duplication,56,64,out,yes,362625,QKALC,
Duplication,56,65,out,yes,373105,LNVYDTTSKV,
Duplication,56,66,out,yes,373623,EDKYR,
Duplication,56,67,in,no,488171,SCFQFDLQGE,
Duplication,56,68,out,yes,388565,PIIGFRTSKV,
Duplication,56,69,in,no,498970,EYCTPDLQGE,
Duplication,56,70,out,yes,398350,GDNMETTSKV,
Duplication,56,71,out,yes,399791,WPVDSATSKV,
Duplication,56,72,out,yes,402264,EHYASRTSKV,
Duplication,56,73,out,yes,404649,SPNESMTSKV,
Duplication,56,74,out,yes,410772,LEEENRTSKV,
Duplication,56,75,in,no,526241,QLLEQDLQGE,
Duplication,56,76,out,yes,422235,TSDSMGPPR,
Duplication,56,77,out,yes,425625,FPSSRGPPR,
Duplication,56,78,in,no,535102,KPMREDLQGE,
Duplication,57,57,out,yes,331743,NDVHRVPFGS,
Duplication,57,58,out,yes,338630,YQEPRGPIWK,
Duplication,57,59,out,yes,347123,LEKVKVPFGS,
Duplication,57,60,out,yes,352649,WKLLQVPFGS,
Duplication,57,61,out,yes,357805,QHFLSSPIWK,
Duplication,57,62,in,no,459111,VPYYIKSHLE,
Duplication,57,63,out,yes,362608,LYQSLGPIWK,
Duplication,57,64,out,yes,365576,QKALCCPIWK,
Duplication,57,65,in,no,472247,LNVYDTSHLE,
Duplication,57,66,out,yes,376574,EDKYRCPIWK,
Duplication,57,67,out,yes,380274,SCFQFVPFGS,
Duplication,57,68,in,no,487707,PIIGFRSHLE,
Duplication,57,69,out,yes,391073,EYCTPVPFGS,
Duplication,57,70,in,no,497492,GDNMETSHLE,
Duplication,57,71,in,no,498933,WPVDSASHLE,
Duplication,57,72,in,no,501407,EHYASRSHLE,
Duplication,57,73,in,no,503791,SPNESMSHLE,
Duplication,57,74,in,no,509914,LEEENRSHLE,
Duplication,57,75,out,yes,418343,QLLEQVPFGS,
Duplication,57,76,out,yes,424732,TSDSMGPIWK,
Duplication,57,77,out,yes,428122,FPSSRGPIWK,
Duplication,57,78,out,yes,427205,KPMREVPFGS,
Duplication,58,58,out,yes,336566,YQEPRGLQEG,
Duplication,58,59,in,no,442169,LEKVKAFKRE,
Duplication,58,60,in,no,447695,WKLLQAFKRE,
Duplication,58,61,out,yes,355742,QHFLSSLQEG,
Duplication,58,62,out,yes,357798,VPYYIKPSRG,
Duplication,58,63,out,yes,360544,LYQSLGLQEG,
Duplication,58,64,out,yes,363512,QKALCCLQEG,
Duplication,58,65,out,yes,370934,LNVYDTPSRG,
Duplication,58,66,out,yes,374510,EDKYRCLQEG,
Duplication,58,67,in,no,475319,SCFQFAFKRE,
Duplication,58,68,out,yes,386394,PIIGFRPSRG,
Duplication,58,69,in,no,486118,EYCTPAFKRE,
Duplication,58,70,out,yes,396179,GDNMETPSRG,
Duplication,58,71,out,yes,397620,WPVDSAPSRG,
Duplication,58,72,out,yes,400094,EHYASRPSRG,
Duplication,58,73,out,yes,402478,SPNESMPSRG,
Duplication,58,74,out,yes,408601,LEEENRPSRG,
Duplication,58,75,in,no,513389,QLLEQAFKRE,
Duplication,58,76,out,yes,422669,TSDSMGLQEG,
Duplication,58,77,out,yes,426058,FPSSRGLQEG,
Duplication,58,78,in,no,522250,KPMREAFKRE,
Duplication,59,59,out,yes,349668,LEKVKSCLLR,
Duplication,59,60,out,yes,355195,WKLLQSCLLR,
Duplication,59,61,in,no,445934,QHFLSKLPPE,
Duplication,59,62,out,yes,357516,VPYYIKAAS,
Duplication,59,63,in,no,450767,LYQSLELPPE,
Duplication,59,64,in,yes,362625,QKALC,
Duplication,59,65,out,yes,370652,LNVYDTAAS,
Duplication,59,66,in,yes,373623,EDKYR,
Duplication,59,67,out,yes,382819,SCFQFSCLLR,
Duplication,59,68,out,yes,386112,PIIGFRAAS,
Duplication,59,69,out,yes,393618,EYCTPSCLLR,
Duplication,59,70,out,yes,395897,GDNMETAAS,
Duplication,59,71,out,yes,397338,WPVDSAAAS,
Duplication,59,72,out,yes,399811,EHYASRAAS,
Duplication,59,73,out,yes,402178,SPNESIAAS,
Duplication,59,74,out,yes,408319,LEEENRAAS,
Duplication,59,75,out,yes,420888,QLLEQSCLLR,
Duplication,59,76,in,no,512892,TSDSMELPPE,
Duplication,59,77,in,no,516281,FPSSRELPPE,
Duplication,59,78,out,yes,429750,KPMRESCLLR,
Duplication,60,60,in,no,432316,WKLLQALRGE,
Duplication,60,61,out,yes,356915,QHFLSSTSRR,
Duplication,60,62,out,yes,358340,VPYYIKHFEE,
Duplication,60,63,out,yes,361718,LYQSLGTSRR,
Duplication,60,64,out,yes,364685,QKALCCTSRR,
Duplication,60,65,out,yes,371476,LNVYDTHFEE,
Duplication,60,66,out,yes,375684,EDKYRCTSRR,
Duplication,60,67,in,no,459940,SCFQFALRGE,
Duplication,60,68,out,yes,386936,PIIGFRHFEE,
Duplication,60,69,in,no,470739,EYCTPALRGE,
Duplication,60,70,out,yes,396721,GDNMETHFEE,
Duplication,60,71,out,yes,398162,WPVDSAHFEE,
Duplication,60,72,out,yes,400635,EHYASRHFEE,
Duplication,60,73,out,yes,403020,SPNESMHFEE,
Duplication,60,74,out,yes,409143,LEEENRHFEE,
Duplication,60,75,in,no,498009,QLLEQALRGE,
Duplication,60,76,out,yes,423842,TSDSMGTSRR,
Duplication,60,77,out,yes,427231,FPSSRGTSRR,
Duplication,60,78,in,no,506871,KPMREALRGE,
Duplication,61,61,out,yes,355910,QHFLSSGRRG,
Duplication,61,62,out,yes,363823,VPYYIKWPSR,
Duplication,61,63,out,yes,360713,LYQSLGGRRG,
Duplication,61,64,out,yes,363680,QKALCCGRRG,
Duplication,61,65,out,yes,376959,LNVYDTWPSR,
Duplication,61,66,out,yes,374679,EDKYRCGRRG,
Duplication,61,67,in,no,454413,SCFQFVAVED,
Duplication,61,68,out,yes,392419,PIIGFRWPSR,
Duplication,61,69,in,no,465212,EYCTPVAVED,
Duplication,61,70,out,yes,402204,GDNMETWPSR,
Duplication,61,71,out,yes,403645,WPVDSAWPSR,
Duplication,61,72,out,yes,406119,EHYASRWPSR,
Duplication,61,73,out,yes,408503,SPNESMWPSR,
Duplication,61,74,out,yes,414626,LEEENRWPSR,
Duplication,61,75,in,no,492483,QLLEQVAVED,
Duplication,61,76,out,yes,422837,TSDSMGGRRG,
Duplication,61,77,out,yes,426227,FPSSRGGRRG,
Duplication,61,78,in,no,501344,KPMREVAVED,
Duplication,62,62,out,yes,361636,VPYYINVCPG,
Duplication,62,63,in,no,431591,LYQSLASVQG,
Duplication,62,64,in,no,434529,QKALCSSVQG,
Duplication,62,65,out,yes,374786,LNVYDTVCPG,
Duplication,62,66,in,no,445527,EDKYRSSVQG,
Duplication,62,67,out,yes,383170,SCFQFRLSRV,
Duplication,62,68,out,yes,390176,PIIGFSVCPG,
Duplication,62,69,out,yes,393969,EYCTPRLSRV,
Duplication,62,70,out,yes,400031,GDNMETVCPG,
Duplication,62,71,out,yes,401471,WPVDSAVCPG,
Duplication,62,72,out,yes,403876,EHYASSVCPG,
Duplication,62,73,out,yes,406312,SPNESIVCPG,
Duplication,62,74,out,yes,412384,LEEENSVCPG,
Duplication,62,75,out,yes,421240,QLLEQRLSRV,
Duplication,62,76,in,no,493716,TSDSMASVQG,
Duplication,62,77,in,no,497105,FPSSRASVQG,
Duplication,62,78,out,yes,430101,KPMRERLSRV,
Duplication,63,63,out,yes,361082,LYQSLATRLK,
Duplication,63,64,out,yes,364020,QKALCSTRLK,
Duplication,63,65,in,no,439939,LNVYDTHETQ,
Duplication,63,66,out,yes,375018,EDKYRSTRLK,
Duplication,63,67,out,yes,381790,SCFQFPRDSN,
Duplication,63,68,in,no,455330,PIIGFSHETQ,
Duplication,63,69,out,yes,392589,EYCTPPRDSN,
Duplication,63,70,in,no,465184,GDNMETHETQ,
Duplication,63,71,in,no,466625,WPVDSAHETQ,
Duplication,63,72,in,no,469029,EHYASSHETQ,
Duplication,63,73,in,no,471465,SPNESIHETQ,
Duplication,63,74,in,no,477537,LEEENSHETQ,
Duplication,63,75,out,yes,419860,QLLEQPRDSN,
Duplication,63,76,out,yes,423207,TSDSMATRLK,
Duplication,63,77,out,yes,426596,FPSSRATRLK,
Duplication,63,78,out,yes,428721,KPMREPRDSN,
Duplication,64,64,in,no,429727,QKALCSDLNN,
Duplication,64,65,out,yes,370422,LNVYDT,
Duplication,64,66,in,no,440725,EDKYRSDLNN,
Duplication,64,67,out,yes,379725,SCFQFLT,
Duplication,64,68,out,yes,385813,PIIGFS,
Duplication,64,69,out,yes,390524,EYCTPLT,
Duplication,64,70,out,yes,395668,GDNMET,
Duplication,64,71,out,yes,397108,WPVDSA,
Duplication,64,72,out,yes,399513,EHYASS,
Duplication,64,73,out,yes,401949,SPNESI,
Duplication,64,74,out,yes,408020,LEEENS,
Duplication,64,75,out,yes,417794,QLLEQLT,
Duplication,64,76,in,no,488913,TSDSMADLNN,
Duplication,64,77,in,no,492303,FPSSRADLNN,
Duplication,64,78,out,yes,426656,KPMRELT,
Duplication,65,65,out,yes,371326,LNVYDTGSLE,
Duplication,65,66,in,no,437787,EDKYRLDLLS,
Duplication,65,67,out,yes,379897,SCFQFWIS,
Duplication,65,68,out,yes,386717,PIIGFSGSLE,
Duplication,65,69,out,yes,390696,EYCTPWIS,
Duplication,65,70,out,yes,396572,GDNMETGSLE,
Duplication,65,71,out,yes,398012,WPVDSAGSLE,
Duplication,65,72,out,yes,400417,EHYASSGSLE,
Duplication,65,73,out,yes,402853,SPNESIGSLE,
Duplication,65,74,out,yes,408925,LEEENSGSLE,
Duplication,65,75,out,yes,417967,QLLEQWIS,
Duplication,65,76,in,no,485978,TSDSMVDLLS,
Duplication,65,77,in,no,489367,FPSSRVDLLS,
Duplication,65,78,out,yes,426828,KPMREWIS,
Duplication,66,66,out,yes,383970,EDKYRWDEQG,
Duplication,66,67,out,yes,380727,SCFQFGTNRE,
Duplication,66,68,in,no,442249,PIIGFRGRTG,
Duplication,66,69,out,yes,391526,EYCTPGTNRE,
Duplication,66,70,in,no,452034,GDNMETGRTG,
Duplication,66,71,in,no,453475,WPVDSAGRTG,
Duplication,66,72,in,no,455949,EHYASRGRTG,
Duplication,66,73,in,no,458333,SPNESMGRTG,
Duplication,66,74,in,no,464456,LEEENRGRTG,
Duplication,66,75,out,yes,418796,QLLEQGTNRE,
Duplication,66,76,out,yes,432045,TSDSMGDEQG,
Duplication,66,77,out,yes,435435,FPSSRGDEQG,
Duplication,66,78,out,yes,427658,KPMREGTNRE,
Duplication,67,67,out,yes,386638,SCFQFTFSSK,
Duplication,67,68,out,yes,387242,PIIGFRPFQA,
Duplication,67,69,out,yes,397437,EYCTPTFSSK,
Duplication,67,70,out,yes,397027,GDNMETPFQA,
Duplication,67,71,out,yes,398468,WPVDSAPFQA,
Duplication,67,72,out,yes,400942,EHYASRPFQA,
Duplication,67,73,out,yes,403308,SPNESIPFQA,
Duplication,67,74,out,yes,409449,LEEENRPFQA,
Duplication,67,75,out,yes,424708,QLLEQTFSSK,
Duplication,67,76,in,no,474945,TSDSMDLFKQ,
Duplication,67,77,in,no,478335,FPSSRDLFKQ,
Duplication,67,78,out,yes,433569,KPMRETFSSK,
Duplication,68,68,out,yes,387236,PIIGFRLIIS,
Duplication,68,69,in,no,437588,EYCTPANNKP,
Duplication,68,70,out,yes,397021,GDNMETLIIS,
Duplication,68,71,out,yes,398462,WPVDSALIIS,
Duplication,68,72,out,yes,400936,EHYASRLIIS,
Duplication,68,73,out,yes,403320,SPNESMLIIS,
Duplication,68,74,out,yes,409443,LEEENRLIIS,
Duplication,68,75,in,no,464858,QLLEQANNKP,
Duplication,68,76,out,yes,421885,TSDSMG,
Duplication,68,77,out,yes,425274,FPSSRG,
Duplication,68,78,in,no,473720,KPMREANNKP,
Duplication,69,69,out,yes,391066,EYCTPVQESK,
Duplication,69,70,in,no,436574,GDNMETYRSL,
Duplication,69,71,in,no,438015,WPVDSAYRSL,
Duplication,69,72,in,no,440489,EHYASRYRSL,
Duplication,69,73,in,no,442873,SPNESMYRSL,
Duplication,69,74,in,no,448996,LEEENRYRSL,
Duplication,69,75,out,yes,418336,QLLEQVQESK,
Duplication,69,76,out,yes,422142,TSDSMGTGV,
Duplication,69,77,out,yes,425532,FPSSRGTGV,
Duplication,69,78,out,yes,427198,KPMREVQESK,
Duplication,70,70,out,yes,397342,GDNMETLHQE,
Duplication,70,71,out,yes,398782,WPVDSALHQE,
Duplication,70,72,out,yes,401256,EHYASRLHQE,
Duplication,70,73,out,yes,403623,SPNESILHQE,
Duplication,70,74,out,yes,409764,LEEENRLHQE,
Duplication,70,75,in,no,454059,QLLEQTTSGE,
Duplication,70,76,out,yes,429449,TSDSMDYIRR,
Duplication,70,77,out,yes,432839,FPSSRDYIRR,
Duplication,70,78,in,no,462921,KPMRETTSGE,
Duplication,71,71,in,no,428230,WPVDSAPVTL,
Duplication,71,72,in,no,430634,EHYASSPVTL,
Duplication,71,73,in,no,433070,SPNESIPVTL,
Duplication,71,74,in,no,439142,LEEENSPVTL,
Duplication,71,75,out,yes,420154,QLLEQSRYSD,
Duplication,71,76,out,yes,422250,TSDSMVPLL,
Duplication,71,77,out,yes,425640,FPSSRVPLL,
Duplication,71,78,out,yes,429016,KPMRESRYSD,
Duplication,72,72,in,no,429263,EHYASRPASS,
Duplication,72,73,in,no,431647,SPNESMPASS,
Duplication,72,74,in,no,437770,LEEENRPASS,
Duplication,72,75,out,yes,418626,QLLEQACLVP,
Duplication,72,76,out,yes,424326,TSDSMGLPRP,
Duplication,72,77,out,yes,427716,FPSSRGLPRP,
Duplication,72,78,out,yes,427488,KPMREACLVP,
Duplication,73,73,in,no,429173,SPNESMLAEM,
Duplication,73,74,in,no,435297,LEEENRLAEM,
Duplication,73,75,out,yes,419078,QLLEQASRNG,
Duplication,73,76,out,yes,421885,TSDSMG,
Duplication,73,77,out,yes,425274,FPSSRG,
Duplication,73,78,out,yes,427940,KPMREASRNG,
Duplication,74,74,in,no,432930,LEEENRDDEH,
Duplication,74,75,out,yes,417736,QLLEQR,
Duplication,74,76,out,yes,422550,TSDSMEMMNI,
Duplication,74,77,out,yes,425939,FPSSREMMNI,
Duplication,74,78,out,yes,426598,KPMRER,
Duplication,75,75,out,yes,418224,QLLEQESASR,
Duplication,75,76,out,yes,422803,TSDSMGICKQ,
Duplication,75,77,out,yes,426193,FPSSRGICKQ,
Duplication,75,78,out,yes,427085,KPMREESASR,
Duplication,76,76,out,yes,426389,TSDSMAPGRG,
Duplication,76,77,out,yes,429779,FPSSRAPGRG,
Duplication,76,78,in,no,435651,KPMREPQAEA,
Duplication,77,77,in,no,430179,FPSSRGEEDL,
Duplication,77,78,out,yes,428124,KPMREVRKIF,
Duplication,78,78,out,yes,427368,KPMREEEIPL,
Nonsense,2,N/A,out,yes,149,,
Nonsense,3,N/A,out,yes,262,,
Nonsense,4,N/A,out,yes,448,,
Nonsense,5,N/A,out,yes,634,,
Nonsense,6,N/A,out,yes,763,,
Nonsense,7,N/A,out,yes,892,,
Nonsense,8,N/A,out,yes,992,,
Nonsense,9,N/A,out,yes,1121,,
Nonsense,10,N/A,out,yes,1236,,
Nonsense,11,N/A,out,yes,1339,,
Nonsense,12,N/A,out,yes,1502,,
Nonsense,13,N/A,out,yes,1631,,
Nonsense,14,N/A,out,yes,1787,,
Nonsense,15,N/A,out,yes,1916,,
Nonsense,16,N/A,out,yes,2031,,
Nonsense,17,N/A,out,yes,2131,,
Nonsense,18,N/A,out,yes,2259,,
Nonsense,19,N/A,out,yes,2387,,
Nonsense,20,N/A,out,yes,2515,,
Nonsense,21,N/A,out,yes,2616,,
Nonsense,22,N/A,out,yes,2763,,
Nonsense,23,N/A,out,yes,2864,,
Nonsense,24,N/A,out,yes,2993,,
Nonsense,25,N/A,out,yes,3179,,
Nonsense,26,N/A,out,yes,3278,,
Nonsense,27,N/A,out,yes,3392,,
Nonsense,28,N/A,out,yes,3463,,
Nonsense,29,N/A,out,yes,3591,,
Nonsense,30,N/A,out,yes,3738,,
Nonsense,31,N/A,out,yes,3826,,
Nonsense,32,N/A,out,yes,3954,,
Nonsense,33,N/A,out,yes,4101,,
Nonsense,34,N/A,out,yes,4158,,
Nonsense,35,N/A,out,yes,4286,,
Nonsense,36,N/A,out,yes,4414,,
Nonsense,37,N/A,out,yes,4552,,
Nonsense,38,N/A,out,yes,4665,,
Nonsense,39,N/A,out,yes,4794,,
Nonsense,40,N/A,out,yes,4908,,
Nonsense,41,N/A,out,yes,5021,,
Nonsense,42,N/A,out,yes,5168,,
Nonsense,43,N/A,out,yes,5255,,
Nonsense,44,N/A,out,yes,5370,,
Nonsense,45,N/A,out,yes,5484,,
Nonsense,46,N/A,out,yes,5612,,
Nonsense,47,N/A,out,yes,5727,,
Nonsense,48,N/A,out,yes,5784,,
Nonsense,49,N/A,out,yes,5940,,
Nonsense,50,N/A,out,yes,6096,,
Nonsense,51,N/A,out,yes,6210,,
Nonsense,52,N/A,out,yes,6323,,
Nonsense,53,N/A,out,yes,6438,,
Nonsense,54,N/A,out,yes,6551,,
Nonsense,55,N/A,out,yes,6664,,
Nonsense,56,N/A,out,yes,6793,,
Nonsense,57,N/A,out,yes,6850,,
Nonsense,58,N/A,out,yes,6964,,
Nonsense,59,N/A,out,yes,7065,,
Nonsense,60,N/A,out,yes,7122,,
Nonsense,61,N/A,out,yes,7250,,
Nonsense,62,N/A,out,yes,7378,,
Nonsense,63,N/A,out,yes,7491,,
Nonsense,64,N/A,out,yes,7588,,
Nonsense,65,N/A,out,yes,7717,,
Nonsense,66,N/A,out,yes,7846,,
Nonsense,67,N/A,out,yes,7974,,
Nonsense,68,N/A,out,yes,8031,,
Nonsense,69,N/A,out,yes,8118,,
Nonsense,70,N/A,out,yes,8219,,
Nonsense,71,N/A,out,yes,8375,,
Nonsense,72,N/A,out,yes,8474,,
Nonsense,73,N/A,out,yes,8612,,
Nonsense,74,N/A,out,yes,8683,,
Nonsense,75,N/A,out,yes,8796,,
Nonsense,76,N/A,out,yes,8910,,
Nonsense,77,N/A,out,yes,9024,,
Nonsense,78,N/A,out,yes,9123,,
Nonsense,79,N/A,out,yes,9237,,
Nonsense,80,N/A,out,yes,9365,,
Nonsense,81,N/A,out,yes,9436,,
Nonsense,82,N/A,out,yes,9550,,
Nonsense,83,N/A,out,yes,9706,,
Nonsense,84,N/A,out,yes,9805,,
Nonsense,85,N/A,out,yes,9918,,
Nonsense,86,N/A,out,yes,10046,,
Nonsense,87,N/A,out,yes,10160,,
Nonsense,88,N/A,out,yes,10274,,
Nonsense,89,N/A,out,yes,10388,,
Nonsense,90,N/A,out,yes,10488,,
Nonsense,91,N/A,out,yes,10603,,
Nonsense,92,N/A,out,yes,10716,,
Nonsense,93,N/A,out,yes,10815,,
Nonsense,94,N/A,out,yes,10929,,
Nonsense,95,N/A,out,yes,11042,,
Nonsense,96,N/A,out,yes,11099,,
Nonsense,97,N/A,out,yes,11186,,
Nonsense,98,N/A,out,yes,11287,,
Nonsense,99,N/A,out,yes,11403,,
Nonsense,100,N/A,out,yes,11516,,
Nonsense,101,N/A,out,yes,11615,,
Nonsense,102,N/A,out,yes,11730,,
Nonsense,103,N/A,out,yes,11787,,
Nonsense,104,N/A,out,yes,11901,,
Nonsense,105,N/A,out,yes,12038,,
Nonsense,106,N/A,out,yes,12166,,
Nonsense,107,N/A,out,yes,12280,,
Nonsense,108,N/A,out,yes,12381,,
Nonsense,109,N/A,out,yes,12494,,
Nonsense,110,N/A,out,yes,12551,,
Nonsense,111,N/A,out,yes,12664,,
Nonsense,112,N/A,out,yes,12777,,
Nonsense,113,N/A,out,yes,12964,,
Nonsense,114,N/A,out,yes,13078,,
Nonsense,115,N/A,out,yes,13191,,
Nonsense,116,N/A,out,yes,13304,,
Nonsense,117,N/A,out,yes,13417,,
Nonsense,118,N/A,out,yes,13554,,
Nonsense,119,N/A,out,yes,13741,,
Nonsense,120,N/A,out,yes,13869,,
Nonsense,121,N/A,out,yes,13968,,
Nonsense,122,N/A,out,yes,14096,,
Nonsense,123,N/A,out,yes,14210,,
Nonsense,124,N/A,out,yes,14309,,
Nonsense,125,N/A,out,yes,14440,,
Nonsense,126,N/A,out,yes,14569,,
Nonsense,127,N/A,out,yes,14683,,
Nonsense,128,N/A,out,yes,14796,,
Nonsense,129,N/A,out,yes,14927,,
Nonsense,130,N/A,out,yes,14998,,
Nonsense,131,N/A,out,yes,15055,,
Nonsense,132,N/A,out,yes,15168,,
Nonsense,133,N/A,out,yes,15296,,
Nonsense,134,N/A,out,yes,15425,,
Nonsense,135,N/A,out,yes,15526,,
Nonsense,136,N/A,out,yes,15640,,
Nonsense,137,N/A,out,yes,15727,,
Nonsense,138,N/A,out,yes,15856,,
Nonsense,139,N/A,out,yes,15984,,
Nonsense,140,N/A,out,yes,16097,,
Nonsense,141,N/A,out,yes,16211,,
Nonsense,142,N/A,out,yes,16324,,
Nonsense,143,N/A,out,yes,16411,,
Nonsense,144,N/A,out,yes,16597,,
Nonsense,145,N/A,out,yes,16696,,
Nonsense,146,N/A,out,yes,16852,,
Nonsense,147,N/A,out,yes,16980,,
Nonsense,148,N/A,out,yes,17068,,
Nonsense,149,N/A,out,yes,17169,,
Nonsense,150,N/A,out,yes,17325,,
Nonsense,151,N/A,out,yes,17439,,
Nonsense,152,N/A,out,yes,17602,,
Nonsense,153,N/A,out,yes,17699,,
Nonsense,154,N/A,out,yes,17827,,
Nonsense,155,N/A,out,yes,17926,,
Nonsense,156,N/A,out,yes,18041,,
Nonsense,157,N/A,out,yes,18140,,
Nonsense,158,N/A,out,yes,18253,,
Nonsense,159,N/A,out,yes,18367,,
Nonsense,160,N/A,out,yes,18514,,
Nonsense,161,N/A,out,yes,18615,,
Nonsense,162,N/A,out,yes,18716,,
Nonsense,163,N/A,out,yes,18803,,
Nonsense,164,N/A,out,yes,18990,,
Nonsense,165,N/A,out,yes,19077,,
Nonsense,166,N/A,out,yes,19192,,
Nonsense,167,N/A,out,yes,19249,,
Nonsense,168,N/A,out,yes,19362,,
Nonsense,169,N/A,out,yes,19433,,
Nonsense,170,N/A,out,yes,19546,,
Nonsense,171,N/A,out,yes,19660,,
Nonsense,172,N/A,out,yes,19731,,
Nonsense,173,N/A,out,yes,19845,,
Nonsense,174,N/A,out,yes,19958,,
Nonsense,175,N/A,out,yes,20095,,
Nonsense,176,N/A,out,yes,20182,,
Nonsense,177,N/A,out,yes,20319,,
Nonsense,178,N/A,out,yes,20475,,
Nonsense,179,N/A,out,yes,20572,,
Nonsense,180,N/A,out,yes,20688,,
Nonsense,181,N/A,out,yes,20801,,
Nonsense,182,N/A,out,yes,20948,,
Nonsense,183,N/A,out,yes,21063,,
Nonsense,184,N/A,out,yes,21249,,
Nonsense,185,N/A,out,yes,21363,,
Nonsense,186,N/A,out,yes,21450,,
Nonsense,187,N/A,out,yes,21549,,
Nonsense,188,N/A,out,yes,21649,,
Nonsense,189,N/A,out,yes,21752,,
Nonsense,190,N/A,out,yes,21880,,
Nonsense,191,N/A,out,yes,22008,,
Nonsense,192,N/A,out,yes,22095,,
Nonsense,193,N/A,out,yes,22166,,
Nonsense,194,N/A,out,yes,22267,,
Nonsense,195,N/A,out,yes,22396,,
Nonsense,196,N/A,out,yes,22552,,
Nonsense,197,N/A,out,yes,22665,,
Nonsense,198,N/A,out,yes,22794,,
Nonsense,199,N/A,out,yes,22931,,
Nonsense,200,N/A,out,yes,23002,,
Nonsense,201,N/A,out,yes,23149,,
Nonsense,202,N/A,out,yes,23264,,
Nonsense,203,N/A,out,yes,23377,,
Nonsense,204,N/A,out,yes,23448,,
Nonsense,205,N/A,out,yes,23604,,
Nonsense,206,N/A,out,yes,23767,,
Nonsense,207,N/A,out,yes,23895,,
Nonsense,208,N/A,out,yes,24009,,
Nonsense,209,N/A,out,yes,24066,,
Nonsense,210,N/A,out,yes,24179,,
Nonsense,211,N/A,out,yes,24308,,
Nonsense,212,N/A,out,yes,24436,,
Nonsense,213,N/A,out,yes,24549,,
Nonsense,214,N/A,out,yes,24662,,
Nonsense,215,N/A,out,yes,24778,,
Nonsense,216,N/A,out,yes,24875,,
Nonsense,217,N/A,out,yes,25004,,
Nonsense,218,N/A,out,yes,25119,,
Nonsense,219,N/A,out,yes,25218,,
Nonsense,220,N/A,out,yes,25333,,
Nonsense,221,N/A,out,yes,25434,,
Nonsense,222,N/A,out,yes,25535,,
Nonsense,223,N/A,out,yes,25698,,
Nonsense,224,N/A,out,yes,25795,,
Nonsense,225,N/A,out,yes,25910,,
Nonsense,226,N/A,out,yes,26039,,
Nonsense,227,N/A,out,yes,26167,,
Nonsense,228,N/A,out,yes,26254,,
Nonsense,229,N/A,out,yes,26367,,
Nonsense,230,N/A,out,yes,26480,,
Nonsense,231,N/A,out,yes,26611,,
Nonsense,232,N/A,out,yes,26775,,
Nonsense,233,N/A,out,yes,26888,,
Nonsense,234,N/A,out,yes,26989,,
Nonsense,235,N/A,out,yes,27076,,
Nonsense,236,N/A,out,yes,27189,,
Nonsense,237,N/A,out,yes,27336,,
Nonsense,238,N/A,out,yes,27465,,
Nonsense,239,N/A,out,yes,27564,,
Nonsense,240,N/A,out,yes,27677,,
Nonsense,241,N/A,out,yes,27774,,
Nonsense,242,N/A,out,yes,27902,,
Nonsense,243,N/A,out,yes,28030,,
Nonsense,244,N/A,out,yes,28129,,
Nonsense,245,N/A,out,yes,28216,,
Nonsense,246,N/A,out,yes,28330,,
Nonsense,247,N/A,out,yes,28459,,
Nonsense,248,N/A,out,yes,28530,,
Nonsense,249,N/A,out,yes,28643,,
Nonsense,250,N/A,out,yes,28771,,
Nonsense,251,N/A,out,yes,28900,,
Nonsense,252,N/A,out,yes,28999,,
Nonsense,253,N/A,out,yes,29128,,
Nonsense,254,N/A,out,yes,29260,,
Nonsense,255,N/A,out,yes,29373,,
Nonsense,256,N/A,out,yes,29470,,
Nonsense,257,N/A,out,yes,29626,,
Nonsense,258,N/A,out,yes,29723,,
Nonsense,259,N/A,out,yes,29820,,
Nonsense,260,N/A,out,yes,29948,,
Nonsense,261,N/A,out,yes,30048,,
Nonsense,262,N/A,out,yes,30149,,
Nonsense,263,N/A,out,yes,30277,,
Nonsense,264,N/A,out,yes,30406,,
Nonsense,265,N/A,out,yes,30535,,
Nonsense,266,N/A,out,yes,30672,,
Nonsense,267,N/A,out,yes,30819,,
Nonsense,268,N/A,out,yes,30948,,
Nonsense,269,N/A,out,yes,31061,,
Nonsense,270,N/A,out,yes,31198,,
Nonsense,271,N/A,out,yes,31335,,
Nonsense,272,N/A,out,yes,31463,,
Nonsense,273,N/A,out,yes,31594,,
Nonsense,274,N/A,out,yes,31732,,
Nonsense,275,N/A,out,yes,31895,,
Nonsense,276,N/A,out,yes,31982,,
Nonsense,277,N/A,out,yes,32110,,
Nonsense,278,N/A,out,yes,32238,,
Nonsense,279,N/A,out,yes,32351,,
Nonsense,280,N/A,out,yes,32453,,
Nonsense,281,N/A,out,yes,32552,,
Nonsense,282,N/A,out,yes,32639,,
Nonsense,283,N/A,out,yes,32752,,
Nonsense,284,N/A,out,yes,32823,,
Nonsense,285,N/A,out,yes,32951,,
Nonsense,286,N/A,out,yes,33008,,
Nonsense,287,N/A,out,yes,33171,,
Nonsense,288,N/A,out,yes,33301,,
Nonsense,289,N/A,out,yes,33457,,
Nonsense,290,N/A,out,yes,33558,,
Nonsense,291,N/A,out,yes,33645,,
Nonsense,292,N/A,out,yes,33732,,
Nonsense,293,N/A,out,yes,33829,,
Nonsense,294,N/A,out,yes,33957,,
Nonsense,295,N/A,out,yes,34054,,
Nonsense,296,N/A,out,yes,34211,,
Nonsense,297,N/A,out,yes,34358,,
Nonsense,298,N/A,out,yes,34486,,
Nonsense,299,N/A,out,yes,34573,,
Nonsense,300,N/A,out,yes,34736,,
Nonsense,301,N/A,out,yes,34807,,
Nonsense,302,N/A,out,yes,34970,,
Nonsense,303,N/A,out,yes,35071,,
Nonsense,304,N/A,out,yes,35200,,
Nonsense,305,N/A,out,yes,35271,,
Nonsense,306,N/A,out,yes,35342,,
Nonsense,307,N/A,out,yes,35505,,
Nonsense,308,N/A,out,yes,35604,,
Nonsense,309,N/A,out,yes,35705,,
Nonsense,310,N/A,out,yes,35806,,
Nonsense,311,N/A,out,yes,35893,,
Nonsense,312,N/A,out,yes,36008,,
Nonsense,313,N/A,out,yes,36106,,
Nonsense,314,N/A,out,yes,36207,,
Nonsense,315,N/A,out,yes,36363,,
Nonsense,316,N/A,out,yes,36450,,
Nonsense,317,N/A,out,yes,36547,,
Nonsense,318,N/A,out,yes,36694,,
Nonsense,319,N/A,out,yes,36791,,
Nonsense,320,N/A,out,yes,36878,,
Nonsense,321,N/A,out,yes,37007,,
Nonsense,322,N/A,out,yes,37144,,
Nonsense,323,N/A,out,yes,37257,,
Nonsense,324,N/A,out,yes,37386,,
Nonsense,325,N/A,out,yes,37457,,
Nonsense,326,N/A,out,yes,37554,,
Nonsense,327,N/A,out,yes,37683,,
Nonsense,328,N/A,out,yes,37798,,
Nonsense,329,N/A,out,yes,37926,,
Nonsense,330,N/A,out,yes,38014,,
Nonsense,331,N/A,out,yes,38161,,
Nonsense,332,N/A,out,yes,38218,,
Nonsense,333,N/A,out,yes,38305,,
Nonsense,334,N/A,out,yes,38392,,
Nonsense,335,N/A,out,yes,38505,,
Nonsense,336,N/A,out,yes,38636,,
Nonsense,337,N/A,out,yes,38765,,
Nonsense,338,N/A,out,yes,38853,,
Nonsense,339,N/A,out,yes,38982,,
Nonsense,340,N/A,out,yes,39081,,
Nonsense,341,N/A,out,yes,39195,,
Nonsense,342,N/A,out,yes,39308,,
Nonsense,343,N/A,out,yes,39423,,
Nonsense,344,N/A,out,yes,39579,,
Nonsense,345,N/A,out,yes,39742,,
Nonsense,346,N/A,out,yes,39871,,
Nonsense,347,N/A,out,yes,39972,,
Nonsense,348,N/A,out,yes,40043,,
Nonsense,349,N/A,out,yes,40156,,
Nonsense,350,N/A,out,yes,40285,,
Nonsense,351,N/A,out,yes,40414,,
Nonsense,352,N/A,out,yes,40513,,
Nonsense,353,N/A,out,yes,40626,,
Nonsense,354,N/A,out,yes,40714,,
Nonsense,355,N/A,out,yes,40900,,
Nonsense,356,N/A,out,yes,41013,,
Nonsense,357,N/A,out,yes,41126,,
Nonsense,358,N/A,out,yes,41213,,
Nonsense,359,N/A,out,yes,41284,,
Nonsense,360,N/A,out,yes,41413,,
Nonsense,361,N/A,out,yes,41528,,
Nonsense,362,N/A,out,yes,41629,,
Nonsense,363,N/A,out,yes,41743,,
Nonsense,364,N/A,out,yes,41871,,
Nonsense,365,N/A,out,yes,41942,,
Nonsense,366,N/A,out,yes,42070,,
Nonsense,367,N/A,out,yes,42127,,
Nonsense,368,N/A,out,yes,42256,,
Nonsense,369,N/A,out,yes,42369,,
Nonsense,370,N/A,out,yes,42457,,
Nonsense,371,N/A,out,yes,42571,,
Nonsense,372,N/A,out,yes,42686,,
Nonsense,373,N/A,out,yes,42785,,
Nonsense,374,N/A,out,yes,42914,,
Nonsense,375,N/A,out,yes,43013,,
Nonsense,376,N/A,out,yes,43112,,
Nonsense,377,N/A,out,yes,43240,,
Nonsense,378,N/A,out,yes,43355,,
Nonsense,379,N/A,out,yes,43484,,
Nonsense,380,N/A,out,yes,43631,,
Nonsense,381,N/A,out,yes,43768,,
Nonsense,382,N/A,out,yes,43869,,
Nonsense,383,N/A,out,yes,44006,,
Nonsense,384,N/A,out,yes,44135,,
Nonsense,385,N/A,out,yes,44192,,
Nonsense,386,N/A,out,yes,44356,,
Nonsense,387,N/A,out,yes,44487,,
Nonsense,388,N/A,out,yes,44618,,
Nonsense,389,N/A,out,yes,44733,,
Nonsense,390,N/A,out,yes,44846,,
Nonsense,391,N/A,out,yes,44947,,
Nonsense,392,N/A,out,yes,45018,,
Nonsense,393,N/A,out,yes,45156,,
Nonsense,394,N/A,out,yes,45284,,
Nonsense,395,N/A,out,yes,45341,,
Nonsense,396,N/A,out,yes,45497,,
Nonsense,397,N/A,out,yes,45596,,
Nonsense,398,N/A,out,yes,45653,,
Nonsense,399,N/A,out,yes,45767,,
Nonsense,400,N/A,out,yes,45880,,
Nonsense,401,N/A,out,yes,45994,,
Nonsense,402,N/A,out,yes,46122,,
Nonsense,403,N/A,out,yes,46235,,
Nonsense,404,N/A,out,yes,46292,,
Nonsense,405,N/A,out,yes,46379,,
Nonsense,406,N/A,out,yes,46507,,
Nonsense,407,N/A,out,yes,46621,,
Nonsense,408,N/A,out,yes,46734,,
Nonsense,409,N/A,out,yes,46791,,
Nonsense,410,N/A,out,yes,46892,,
Nonsense,411,N/A,out,yes,46949,,
Nonsense,412,N/A,out,yes,47077,,
Nonsense,413,N/A,out,yes,47190,,
Nonsense,414,N/A,out,yes,47277,,
Nonsense,415,N/A,out,yes,47406,,
Nonsense,416,N/A,out,yes,47522,,
Nonsense,417,N/A,out,yes,47651,,
Nonsense,418,N/A,out,yes,47780,,
Nonsense,419,N/A,out,yes,47881,,
Nonsense,420,N/A,out,yes,48010,,
Nonsense,421,N/A,out,yes,48109,,
Nonsense,422,N/A,out,yes,48237,,
Nonsense,423,N/A,out,yes,48366,,
Nonsense,424,N/A,out,yes,48494,,
Nonsense,425,N/A,out,yes,48626,,
Nonsense,426,N/A,out,yes,48740,,
Nonsense,427,N/A,out,yes,48853,,
Nonsense,428,N/A,out,yes,48966,,
Nonsense,429,N/A,out,yes,49080,,
Nonsense,430,N/A,out,yes,49167,,
Nonsense,431,N/A,out,yes,49323,,
Nonsense,432,N/A,out,yes,49510,,
Nonsense,433,N/A,out,yes,49639,,
Nonsense,434,N/A,out,yes,49742,,
Nonsense,435,N/A,out,yes,49855,,
Nonsense,436,N/A,out,yes,50011,,
Nonsense,437,N/A,out,yes,50110,,
Nonsense,438,N/A,out,yes,50181,,
Nonsense,439,N/A,out,yes,50269,,
Nonsense,440,N/A,out,yes,50400,,
Nonsense,441,N/A,out,yes,50529,,
Nonsense,442,N/A,out,yes,50657,,
Nonsense,443,N/A,out,yes,50785,,
Nonsense,444,N/A,out,yes,50872,,
Nonsense,445,N/A,out,yes,50986,,
Nonsense,446,N/A,out,yes,51100,,
Nonsense,447,N/A,out,yes,51237,,
Nonsense,448,N/A,out,yes,51393,,
Nonsense,449,N/A,out,yes,51492,,
Nonsense,450,N/A,out,yes,51605,,
Nonsense,451,N/A,out,yes,51736,,
Nonsense,452,N/A,out,yes,51851,,
Nonsense,453,N/A,out,yes,51965,,
Nonsense,454,N/A,out,yes,52093,,
Nonsense,455,N/A,out,yes,52207,,
Nonsense,456,N/A,out,yes,52335,,
Nonsense,457,N/A,out,yes,52463,,
Nonsense,458,N/A,out,yes,52576,,
Nonsense,459,N/A,out,yes,52705,,
Nonsense,460,N/A,out,yes,52834,,
Nonsense,461,N/A,out,yes,52947,,
Nonsense,462,N/A,out,yes,53061,,
Nonsense,463,N/A,out,yes,53176,,
Nonsense,464,N/A,out,yes,53362,,
Nonsense,465,N/A,out,yes,53475,,
Nonsense,466,N/A,out,yes,53577,,
Nonsense,467,N/A,out,yes,53705,,
Nonsense,468,N/A,out,yes,53806,,
Nonsense,469,N/A,out,yes,53935,,
Nonsense,470,N/A,out,yes,54064,,
Nonsense,471,N/A,out,yes,54220,,
Nonsense,472,N/A,out,yes,54321,,
Nonsense,473,N/A,out,yes,54477,,
Nonsense,474,N/A,out,yes,54606,,
Nonsense,475,N/A,out,yes,54737,,
Nonsense,476,N/A,out,yes,54866,,
Nonsense,477,N/A,out,yes,54995,,
Nonsense,478,N/A,out,yes,55124,,
Nonsense,479,N/A,out,yes,55221,,
Nonsense,480,N/A,out,yes,55334,,
Nonsense,481,N/A,out,yes,55391,,
Nonsense,482,N/A,out,yes,55488,,
Nonsense,483,N/A,out,yes,55604,,
Nonsense,484,N/A,out,yes,55717,,
Nonsense,485,N/A,out,yes,55846,,
Nonsense,486,N/A,out,yes,55961,,
Nonsense,487,N/A,out,yes,56074,,
Nonsense,488,N/A,out,yes,56202,,
Nonsense,489,N/A,out,yes,56358,,
Nonsense,490,N/A,out,yes,56487,,
Nonsense,491,N/A,out,yes,56586,,
Nonsense,492,N/A,out,yes,56714,,
Nonsense,493,N/A,out,yes,56842,,
Nonsense,494,N/A,out,yes,56979,,
Nonsense,495,N/A,out,yes,57107,,
Nonsense,496,N/A,out,yes,57207,,
Nonsense,497,N/A,out,yes,57320,,
Nonsense,498,N/A,out,yes,57448,,
Nonsense,499,N/A,out,yes,57577,,
Nonsense,500,N/A,out,yes,57692,,
Nonsense,501,N/A,out,yes,57805,,
Nonsense,502,N/A,out,yes,57934,,
Nonsense,503,N/A,out,yes,58063,,
Nonsense,504,N/A,out,yes,58192,,
Nonsense,505,N/A,out,yes,58320,,
Nonsense,506,N/A,out,yes,58419,,
Nonsense,507,N/A,out,yes,58575,,
Nonsense,508,N/A,out,yes,58674,,
Nonsense,509,N/A,out,yes,58788,,
Nonsense,510,N/A,out,yes,58875,,
Nonsense,511,N/A,out,yes,58989,,
Nonsense,512,N/A,out,yes,59090,,
Nonsense,513,N/A,out,yes,59227,,
Nonsense,514,N/A,out,yes,59358,,
Nonsense,515,N/A,out,yes,59457,,
Nonsense,516,N/A,out,yes,59556,,
Nonsense,517,N/A,out,yes,59655,,
Nonsense,518,N/A,out,yes,59754,,
Nonsense,519,N/A,out,yes,59869,,
Nonsense,520,N/A,out,yes,59998,,
Nonsense,521,N/A,out,yes,60086,,
Nonsense,522,N/A,out,yes,60173,,
Nonsense,523,N/A,out,yes,60230,,
Nonsense,524,N/A,out,yes,60345,,
Nonsense,525,N/A,out,yes,60482,,
Nonsense,526,N/A,out,yes,60553,,
Nonsense,527,N/A,out,yes,60654,,
Nonsense,528,N/A,out,yes,60725,,
Nonsense,529,N/A,out,yes,60796,,
Nonsense,530,N/A,out,yes,60910,,
Nonsense,531,N/A,out,yes,61039,,
Nonsense,532,N/A,out,yes,61168,,
Nonsense,533,N/A,out,yes,61296,,
Nonsense,534,N/A,out,yes,61409,,
Nonsense,535,N/A,out,yes,61537,,
Nonsense,536,N/A,out,yes,61636,,
Nonsense,537,N/A,out,yes,61750,,
Nonsense,538,N/A,out,yes,61807,,
Nonsense,539,N/A,out,yes,61922,,
Nonsense,540,N/A,out,yes,62078,,
Nonsense,541,N/A,out,yes,62264,,
Nonsense,542,N/A,out,yes,62335,,
Nonsense,543,N/A,out,yes,62449,,
Nonsense,544,N/A,out,yes,62562,,
Nonsense,545,N/A,out,yes,62666,,
Nonsense,546,N/A,out,yes,62822,,
Nonsense,547,N/A,out,yes,63008,,
Nonsense,548,N/A,out,yes,63109,,
Nonsense,549,N/A,out,yes,63238,,
Nonsense,550,N/A,out,yes,63353,,
Nonsense,551,N/A,out,yes,63509,,
Nonsense,552,N/A,out,yes,63696,,
Nonsense,553,N/A,out,yes,63795,,
Nonsense,554,N/A,out,yes,63908,,
Nonsense,555,N/A,out,yes,64021,,
Nonsense,556,N/A,out,yes,64149,,
Nonsense,557,N/A,out,yes,64264,,
Nonsense,558,N/A,out,yes,64377,,
Nonsense,559,N/A,out,yes,64491,,
Nonsense,560,N/A,out,yes,64604,,
Nonsense,561,N/A,out,yes,64732,,
Nonsense,562,N/A,out,yes,64918,,
Nonsense,563,N/A,out,yes,65046,,
Nonsense,564,N/A,out,yes,65203,,
Nonsense,565,N/A,out,yes,65316,,
Nonsense,566,N/A,out,yes,65417,,
Nonsense,567,N/A,out,yes,65546,,
Nonsense,568,N/A,out,yes,65675,,
Nonsense,569,N/A,out,yes,65803,,
Nonsense,570,N/A,out,yes,65906,,
Nonsense,571,N/A,out,yes,66020,,
Nonsense,572,N/A,out,yes,66167,,
Nonsense,573,N/A,out,yes,66254,,
Nonsense,574,N/A,out,yes,66325,,
Nonsense,575,N/A,out,yes,66511,,
Nonsense,576,N/A,out,yes,66624,,
Nonsense,577,N/A,out,yes,66711,,
Nonsense,578,N/A,out,yes,66840,,
Nonsense,579,N/A,out,yes,66969,,
Nonsense,580,N/A,out,yes,67098,,
Nonsense,581,N/A,out,yes,67213,,
Nonsense,582,N/A,out,yes,67284,,
Nonsense,583,N/A,out,yes,67383,,
Nonsense,584,N/A,out,yes,67497,,
Nonsense,585,N/A,out,yes,67625,,
Nonsense,586,N/A,out,yes,67738,,
Nonsense,587,N/A,out,yes,67876,,
Nonsense,588,N/A,out,yes,67977,,
Nonsense,589,N/A,out,yes,68078,,
Nonsense,590,N/A,out,yes,68135,,
Nonsense,591,N/A,out,yes,68282,,
Nonsense,592,N/A,out,yes,68410,,
Nonsense,593,N/A,out,yes,68525,,
Nonsense,594,N/A,out,yes,68654,,
Nonsense,595,N/A,out,yes,68768,,
Nonsense,596,N/A,out,yes,68897,,
Nonsense,597,N/A,out,yes,69028,,
Nonsense,598,N/A,out,yes,69141,,
Nonsense,599,N/A,out,yes,69228,,
Nonsense,600,N/A,out,yes,69315,,
Nonsense,601,N/A,out,yes,69428,,
Nonsense,602,N/A,out,yes,69557,,
Nonsense,603,N/A,out,yes,69685,,
Nonsense,604,N/A,out,yes,69798,,
Nonsense,605,N/A,out,yes,69869,,
Nonsense,606,N/A,out,yes,69968,,
Nonsense,607,N/A,out,yes,70081,,
Nonsense,608,N/A,out,yes,70210,,
Nonsense,609,N/A,out,yes,70281,,
Nonsense,610,N/A,out,yes,70396,,
Nonsense,611,N/A,out,yes,70509,,
Nonsense,612,N/A,out,yes,70638,,
Nonsense,613,N/A,out,yes,70766,,
Nonsense,614,N/A,out,yes,70894,,
Nonsense,615,N/A,out,yes,71023,,
Nonsense,616,N/A,out,yes,71151,,
Nonsense,617,N/A,out,yes,71238,,
Nonsense,618,N/A,out,yes,71369,,
Nonsense,619,N/A,out,yes,71426,,
Nonsense,620,N/A,out,yes,71554,,
Nonsense,621,N/A,out,yes,71667,,
Nonsense,622,N/A,out,yes,71831,,
Nonsense,623,N/A,out,yes,71918,,
Nonsense,624,N/A,out,yes,72031,,
Nonsense,625,N/A,out,yes,72159,,
Nonsense,626,N/A,out,yes,72287,,
Nonsense,627,N/A,out,yes,72402,,
Nonsense,628,N/A,out,yes,72516,,
Nonsense,629,N/A,out,yes,72629,,
Nonsense,630,N/A,out,yes,72716,,
Nonsense,631,N/A,out,yes,72817,,
Nonsense,632,N/A,out,yes,72930,,
Nonsense,633,N/A,out,yes,73058,,
Nonsense,634,N/A,out,yes,73172,,
Nonsense,635,N/A,out,yes,73301,,
Nonsense,636,N/A,out,yes,73388,,
Nonsense,637,N/A,out,yes,73487,,
Nonsense,638,N/A,out,yes,73588,,
Nonsense,639,N/A,out,yes,73716,,
Nonsense,640,N/A,out,yes,73844,,
Nonsense,641,N/A,out,yes,73945,,
Nonsense,642,N/A,out,yes,74074,,
Nonsense,643,N/A,out,yes,74145,,
Nonsense,644,N/A,out,yes,74332,,
Nonsense,645,N/A,out,yes,74445,,
Nonsense,646,N/A,out,yes,74560,,
Nonsense,647,N/A,out,yes,74674,,
Nonsense,648,N/A,out,yes,74821,,
Nonsense,649,N/A,out,yes,74892,,
Nonsense,650,N/A,out,yes,75048,,
Nonsense,651,N/A,out,yes,75152,,
Nonsense,652,N/A,out,yes,75338,,
Nonsense,653,N/A,out,yes,75453,,
Nonsense,654,N/A,out,yes,75567,,
Nonsense,655,N/A,out,yes,75680,,
Nonsense,656,N/A,out,yes,75779,,
Nonsense,657,N/A,out,yes,75907,,
Nonsense,658,N/A,out,yes,76036,,
Nonsense,659,N/A,out,yes,76149,,
Nonsense,660,N/A,out,yes,76278,,
Nonsense,661,N/A,out,yes,76406,,
Nonsense,662,N/A,out,yes,76493,,
Nonsense,663,N/A,out,yes,76594,,
Nonsense,664,N/A,out,yes,76665,,
Nonsense,665,N/A,out,yes,76793,,
Nonsense,666,N/A,out,yes,76907,,
Nonsense,667,N/A,out,yes,76994,,
Nonsense,668,N/A,out,yes,77122,,
Nonsense,669,N/A,out,yes,77193,,
Nonsense,670,N/A,out,yes,77292,,
Nonsense,671,N/A,out,yes,77393,,
Nonsense,672,N/A,out,yes,77494,,
Nonsense,673,N/A,out,yes,77595,,
Nonsense,674,N/A,out,yes,77724,,
Nonsense,675,N/A,out,yes,77821,,
Nonsense,676,N/A,out,yes,77908,,
Nonsense,677,N/A,out,yes,78021,,
Nonsense,678,N/A,out,yes,78122,,
Nonsense,679,N/A,out,yes,78250,,
Nonsense,680,N/A,out,yes,78351,,
Nonsense,681,N/A,out,yes,78452,,
Nonsense,682,N/A,out,yes,78551,,
Nonsense,683,N/A,out,yes,78683,,
Nonsense,684,N/A,out,yes,78812,,
Nonsense,685,N/A,out,yes,78913,,
Nonsense,686,N/A,out,yes,79012,,
Nonsense,687,N/A,out,yes,79113,,
Nonsense,688,N/A,out,yes,79214,,
Nonsense,689,N/A,out,yes,79313,,
Nonsense,690,N/A,out,yes,79414,,
Nonsense,691,N/A,out,yes,79515,,
Nonsense,692,N/A,out,yes,79671,,
Nonsense,693,N/A,out,yes,79801,,
Nonsense,694,N/A,out,yes,79929,,
Nonsense,695,N/A,out,yes,80042,,
Nonsense,696,N/A,out,yes,80155,,
Nonsense,697,N/A,out,yes,80254,,
Nonsense,698,N/A,out,yes,80382,,
Nonsense,699,N/A,out,yes,80520,,
Nonsense,700,N/A,out,yes,80591,,
Nonsense,701,N/A,out,yes,80719,,
Nonsense,702,N/A,out,yes,80848,,
Nonsense,703,N/A,out,yes,80977,,
Nonsense,704,N/A,out,yes,81090,,
Nonsense,705,N/A,out,yes,81187,,
Nonsense,706,N/A,out,yes,81284,,
Nonsense,707,N/A,out,yes,81381,,
Nonsense,708,N/A,out,yes,81478,,
Nonsense,709,N/A,out,yes,81576,,
Nonsense,710,N/A,out,yes,81704,,
Nonsense,711,N/A,out,yes,81832,,
Nonsense,712,N/A,out,yes,81960,,
Nonsense,713,N/A,out,yes,82116,,
Nonsense,714,N/A,out,yes,82245,,
Nonsense,715,N/A,out,yes,82358,,
Nonsense,716,N/A,out,yes,82459,,
Nonsense,717,N/A,out,yes,82558,,
Nonsense,718,N/A,out,yes,82673,,
Nonsense,719,N/A,out,yes,82760,,
Nonsense,720,N/A,out,yes,82889,,
Nonsense,721,N/A,out,yes,83002,,
Nonsense,722,N/A,out,yes,83158,,
Nonsense,723,N/A,out,yes,83287,,
Nonsense,724,N/A,out,yes,83443,,
Nonsense,725,N/A,out,yes,83556,,
Nonsense,726,N/A,out,yes,83671,,
Nonsense,727,N/A,out,yes,83770,,
Nonsense,728,N/A,out,yes,83885,,
Nonsense,729,N/A,out,yes,83998,,
Nonsense,730,N/A,out,yes,84100,,
Nonsense,731,N/A,out,yes,84229,,
Nonsense,732,N/A,out,yes,84342,,
Nonsense,733,N/A,out,yes,84479,,
Nonsense,734,N/A,out,yes,84566,,
Nonsense,735,N/A,out,yes,84752,,
Nonsense,736,N/A,out,yes,84865,,
Nonsense,737,N/A,out,yes,84967,,
Nonsense,738,N/A,out,yes,85123,,
Nonsense,739,N/A,out,yes,85210,,
Nonsense,740,N/A,out,yes,85339,,
Nonsense,741,N/A,out,yes,85410,,
Nonsense,742,N/A,out,yes,85509,,
Nonsense,743,N/A,out,yes,85622,,
Nonsense,744,N/A,out,yes,85750,,
Nonsense,745,N/A,out,yes,85838,,
Nonsense,746,N/A,out,yes,85935,,
Nonsense,747,N/A,out,yes,86064,,
Nonsense,748,N/A,out,yes,86211,,
Nonsense,749,N/A,out,yes,86282,,
Nonsense,750,N/A,out,yes,86395,,
Nonsense,751,N/A,out,yes,86542,,
Nonsense,752,N/A,out,yes,86699,,
Nonsense,753,N/A,out,yes,86827,,
Nonsense,754,N/A,out,yes,86956,,
Nonsense,755,N/A,out,yes,87013,,
Nonsense,756,N/A,out,yes,87127,,
Nonsense,757,N/A,out,yes,87274,,
Nonsense,758,N/A,out,yes,87361,,
Nonsense,759,N/A,out,yes,87476,,
Nonsense,760,N/A,out,yes,87590,,
Nonsense,761,N/A,out,yes,87718,,
Nonsense,762,N/A,out,yes,87847,,
Nonsense,763,N/A,out,yes,87975,,
Nonsense,764,N/A,out,yes,88074,,
Nonsense,765,N/A,out,yes,88188,,
Nonsense,766,N/A,out,yes,88259,,
Nonsense,767,N/A,out,yes,88372,,
Nonsense,768,N/A,out,yes,88501,,
Nonsense,769,N/A,out,yes,88658,,
Nonsense,770,N/A,out,yes,88787,,
Nonsense,771,N/A,out,yes,88915,,
Nonsense,772,N/A,out,yes,88986,,
Nonsense,773,N/A,out,yes,89115,,
Nonsense,774,N/A,out,yes,89243,,
Nonsense,775,N/A,out,yes,89390,,
Nonsense,776,N/A,out,yes,89547,,
Nonsense,777,N/A,out,yes,89675,,
Nonsense,778,N/A,out,yes,89788,,
Nonsense,779,N/A,out,yes,89916,,
Nonsense,780,N/A,out,yes,90031,,
Nonsense,781,N/A,out,yes,90102,,
Nonsense,782,N/A,out,yes,90189,,
Nonsense,783,N/A,out,yes,90346,,
Nonsense,784,N/A,out,yes,90433,,
Nonsense,785,N/A,out,yes,90504,,
Nonsense,786,N/A,out,yes,90632,,
Nonsense,787,N/A,out,yes,90703,,
Nonsense,788,N/A,out,yes,90816,,
Nonsense,789,N/A,out,yes,90915,,
Nonsense,790,N/A,out,yes,91044,,
Nonsense,791,N/A,out,yes,91173,,
Nonsense,792,N/A,out,yes,91304,,
Nonsense,793,N/A,out,yes,91403,,
Nonsense,794,N/A,out,yes,91517,,
Nonsense,795,N/A,out,yes,91646,,
Nonsense,796,N/A,out,yes,91703,,
Nonsense,797,N/A,out,yes,91802,,
Nonsense,798,N/A,out,yes,91916,,
Nonsense,799,N/A,out,yes,91987,,
Nonsense,800,N/A,out,yes,92102,,
Nonsense,801,N/A,out,yes,92190,,
Nonsense,802,N/A,out,yes,92303,,
Nonsense,803,N/A,out,yes,92431,,
Nonsense,804,N/A,out,yes,92559,,
Nonsense,805,N/A,out,yes,92630,,
Nonsense,806,N/A,out,yes,92717,,
Nonsense,807,N/A,out,yes,92846,,
Nonsense,808,N/A,out,yes,92975,,
Nonsense,809,N/A,out,yes,93088,,
Nonsense,810,N/A,out,yes,93202,,
Nonsense,811,N/A,out,yes,93289,,
Nonsense,812,N/A,out,yes,93445,,
Nonsense,813,N/A,out,yes,93631,,
Nonsense,814,N/A,out,yes,93744,,
Nonsense,815,N/A,out,yes,93874,,
Nonsense,816,N/A,out,yes,94021,,
Nonsense,817,N/A,out,yes,94124,,
Nonsense,818,N/A,out,yes,94252,,
Nonsense,819,N/A,out,yes,94365,,
Nonsense,820,N/A,out,yes,94478,,
Nonsense,821,N/A,out,yes,94566,,
Nonsense,822,N/A,out,yes,94695,,
Nonsense,823,N/A,out,yes,94851,,
Nonsense,824,N/A,out,yes,94964,,
Nonsense,825,N/A,out,yes,95078,,
Nonsense,826,N/A,out,yes,95264,,
Nonsense,827,N/A,out,yes,95377,,
Nonsense,828,N/A,out,yes,95507,,
Nonsense,829,N/A,out,yes,95670,,
Nonsense,830,N/A,out,yes,95798,,
Nonsense,831,N/A,out,yes,95912,,
Nonsense,832,N/A,out,yes,96026,,
Nonsense,833,N/A,out,yes,96139,,
Nonsense,834,N/A,out,yes,96252,,
Nonsense,835,N/A,out,yes,96324,,
Nonsense,836,N/A,out,yes,96471,,
Nonsense,837,N/A,out,yes,96634,,
Nonsense,838,N/A,out,yes,96748,,
Nonsense,839,N/A,out,yes,96876,,
Nonsense,840,N/A,out,yes,96989,,
Nonsense,841,N/A,out,yes,97118,,
Nonsense,842,N/A,out,yes,97246,,
Nonsense,843,N/A,out,yes,97359,,
Nonsense,844,N/A,out,yes,97488,,
Nonsense,845,N/A,out,yes,97616,,
Nonsense,846,N/A,out,yes,97747,,
Nonsense,847,N/A,out,yes,97848,,
Nonsense,848,N/A,out,yes,97950,,
Nonsense,849,N/A,out,yes,98051,,
Nonsense,850,N/A,out,yes,98122,,
Nonsense,851,N/A,out,yes,98251,,
Nonsense,852,N/A,out,yes,98365,,
Nonsense,853,N/A,out,yes,98551,,
Nonsense,854,N/A,out,yes,98664,,
Nonsense,855,N/A,out,yes,98792,,
Nonsense,856,N/A,out,yes,98906,,
Nonsense,857,N/A,out,yes,99034,,
Nonsense,858,N/A,out,yes,99131,,
Nonsense,859,N/A,out,yes,99232,,
Nonsense,860,N/A,out,yes,99333,,
Nonsense,861,N/A,out,yes,99430,,
Nonsense,862,N/A,out,yes,99517,,
Nonsense,863,N/A,out,yes,99646,,
Nonsense,864,N/A,out,yes,99743,,
Nonsense,865,N/A,out,yes,99844,,
Nonsense,866,N/A,out,yes,99916,,
Nonsense,867,N/A,out,yes,100029,,
Nonsense,868,N/A,out,yes,100157,,
Nonsense,869,N/A,out,yes,100244,,
Nonsense,870,N/A,out,yes,100372,,
Nonsense,871,N/A,out,yes,100485,,
Nonsense,872,N/A,out,yes,100614,,
Nonsense,873,N/A,out,yes,100727,,
Nonsense,874,N/A,out,yes,100830,,
Nonsense,875,N/A,out,yes,100958,,
Nonsense,876,N/A,out,yes,101073,,
Nonsense,877,N/A,out,yes,101202,,
Nonsense,878,N/A,out,yes,101301,,
Nonsense,879,N/A,out,yes,101415,,
Nonsense,880,N/A,out,yes,101572,,
Nonsense,881,N/A,out,yes,101685,,
Nonsense,882,N/A,out,yes,101772,,
Nonsense,883,N/A,out,yes,101887,,
Nonsense,884,N/A,out,yes,102000,,
Nonsense,885,N/A,out,yes,102128,,
Nonsense,886,N/A,out,yes,102225,,
Nonsense,887,N/A,out,yes,102354,,
Nonsense,888,N/A,out,yes,102467,,
Nonsense,889,N/A,out,yes,102596,,
Nonsense,890,N/A,out,yes,102752,,
Nonsense,891,N/A,out,yes,102865,,
Nonsense,892,N/A,out,yes,102993,,
Nonsense,893,N/A,out,yes,103107,,
Nonsense,894,N/A,out,yes,103235,,
Nonsense,895,N/A,out,yes,103322,,
Nonsense,896,N/A,out,yes,103435,,
Nonsense,897,N/A,out,yes,103506,,
Nonsense,898,N/A,out,yes,103619,,
Nonsense,899,N/A,out,yes,103748,,
Nonsense,900,N/A,out,yes,103877,,
Nonsense,901,N/A,out,yes,104005,,
Nonsense,902,N/A,out,yes,104062,,
Nonsense,903,N/A,out,yes,104190,,
Nonsense,904,N/A,out,yes,104247,,
Nonsense,905,N/A,out,yes,104344,,
Nonsense,906,N/A,out,yes,104475,,
Nonsense,907,N/A,out,yes,104623,,
Nonsense,908,N/A,out,yes,104736,,
Nonsense,909,N/A,out,yes,104851,,
Nonsense,910,N/A,out,yes,104922,,
Nonsense,911,N/A,out,yes,105037,,
Nonsense,912,N/A,out,yes,105184,,
Nonsense,913,N/A,out,yes,105283,,
Nonsense,914,N/A,out,yes,105354,,
Nonsense,915,N/A,out,yes,105502,,
Nonsense,916,N/A,out,yes,105603,,
Nonsense,917,N/A,out,yes,105717,,
Nonsense,918,N/A,out,yes,105854,,
Nonsense,919,N/A,out,yes,106001,,
Nonsense,920,N/A,out,yes,106129,,
Nonsense,921,N/A,out,yes,106258,,
Nonsense,922,N/A,out,yes,106357,,
Nonsense,923,N/A,out,yes,106504,,
Nonsense,924,N/A,out,yes,106591,,
Nonsense,925,N/A,out,yes,106706,,
Nonsense,926,N/A,out,yes,106805,,
Nonsense,927,N/A,out,yes,106933,,
Nonsense,928,N/A,out,yes,107004,,
Nonsense,929,N/A,out,yes,107161,,
Nonsense,930,N/A,out,yes,107290,,
Nonsense,931,N/A,out,yes,107418,,
Nonsense,932,N/A,out,yes,107547,,
Nonsense,933,N/A,out,yes,107660,,
Nonsense,934,N/A,out,yes,107788,,
Nonsense,935,N/A,out,yes,107889,,
Nonsense,936,N/A,out,yes,108003,,
Nonsense,937,N/A,out,yes,108150,,
Nonsense,938,N/A,out,yes,108265,,
Nonsense,939,N/A,out,yes,108366,,
Nonsense,940,N/A,out,yes,108479,,
Nonsense,941,N/A,out,yes,108576,,
Nonsense,942,N/A,out,yes,108673,,
Nonsense,943,N/A,out,yes,108804,,
Nonsense,944,N/A,out,yes,108961,,
Nonsense,945,N/A,out,yes,109124,,
Nonsense,946,N/A,out,yes,109252,,
Nonsense,947,N/A,out,yes,109381,,
Nonsense,948,N/A,out,yes,109482,,
Nonsense,949,N/A,out,yes,109613,,
Nonsense,950,N/A,out,yes,109700,,
Nonsense,951,N/A,out,yes,109771,,
Nonsense,952,N/A,out,yes,109885,,
Nonsense,953,N/A,out,yes,110041,,
Nonsense,954,N/A,out,yes,110142,,
Nonsense,955,N/A,out,yes,110328,,
Nonsense,956,N/A,out,yes,110427,,
Nonsense,957,N/A,out,yes,110555,,
Nonsense,958,N/A,out,yes,110684,,
Nonsense,959,N/A,out,yes,110771,,
Nonsense,960,N/A,out,yes,110900,,
Nonsense,961,N/A,out,yes,111001,,
Nonsense,962,N/A,out,yes,111129,,
Nonsense,963,N/A,out,yes,111242,,
Nonsense,964,N/A,out,yes,111329,,
Nonsense,965,N/A,out,yes,111442,,
Nonsense,966,N/A,out,yes,111540,,
Nonsense,967,N/A,out,yes,111668,,
Nonsense,968,N/A,out,yes,111781,,
Nonsense,969,N/A,out,yes,111868,,
Nonsense,970,N/A,out,yes,111967,,
Nonsense,971,N/A,out,yes,112068,,
Nonsense,972,N/A,out,yes,112183,,
Nonsense,973,N/A,out,yes,112346,,
Nonsense,974,N/A,out,yes,112476,,
Nonsense,975,N/A,out,yes,112589,,
Nonsense,976,N/A,out,yes,112720,,
Nonsense,977,N/A,out,yes,112849,,
Nonsense,978,N/A,out,yes,112977,,
Nonsense,979,N/A,out,yes,113133,,
Nonsense,980,N/A,out,yes,113247,,
Nonsense,981,N/A,out,yes,113304,,
Nonsense,982,N/A,out,yes,113433,,
Nonsense,983,N/A,out,yes,113546,,
Nonsense,984,N/A,out,yes,113674,,
Nonsense,985,N/A,out,yes,113745,,
Nonsense,986,N/A,out,yes,113858,,
Nonsense,987,N/A,out,yes,113987,,
Nonsense,988,N/A,out,yes,114074,,
Nonsense,989,N/A,out,yes,114161,,
Nonsense,990,N/A,out,yes,114274,,
Nonsense,991,N/A,out,yes,114402,,
Nonsense,992,N/A,out,yes,114531,,
Nonsense,993,N/A,out,yes,114659,,
Nonsense,994,N/A,out,yes,114788,,
Nonsense,995,N/A,out,yes,114875,,
Nonsense,996,N/A,out,yes,114932,,
Nonsense,997,N/A,out,yes,115045,,
Nonsense,998,N/A,out,yes,115208,,
Nonsense,999,N/A,out,yes,115371,,
Nonsense,1000,N/A,out,yes,115484,,
Nonsense,1001,N/A,out,yes,115572,,
Nonsense,1002,N/A,out,yes,115673,,
Nonsense,1003,N/A,out,yes,115774,,
Nonsense,1004,N/A,out,yes,115873,,
Nonsense,1005,N/A,out,yes,116001,,
Nonsense,1006,N/A,out,yes,116130,,
Nonsense,1007,N/A,out,yes,116261,,
Nonsense,1008,N/A,out,yes,116348,,
Nonsense,1009,N/A,out,yes,116476,,
Nonsense,1010,N/A,out,yes,116605,,
Nonsense,1011,N/A,out,yes,116676,,
Nonsense,1012,N/A,out,yes,116773,,
Nonsense,1013,N/A,out,yes,116860,,
Nonsense,1014,N/A,out,yes,116989,,
Nonsense,1015,N/A,out,yes,117102,,
Nonsense,1016,N/A,out,yes,117189,,
Nonsense,1017,N/A,out,yes,117345,,
Nonsense,1018,N/A,out,yes,117474,,
Nonsense,1019,N/A,out,yes,117637,,
Nonsense,1020,N/A,out,yes,117765,,
Nonsense,1021,N/A,out,yes,117852,,
Nonsense,1022,N/A,out,yes,117981,,
Nonsense,1023,N/A,out,yes,118128,,
Nonsense,1024,N/A,out,yes,118257,,
Nonsense,1025,N/A,out,yes,118387,,
Nonsense,1026,N/A,out,yes,118500,,
Nonsense,1027,N/A,out,yes,118629,,
Nonsense,1028,N/A,out,yes,118686,,
Nonsense,1029,N/A,out,yes,118842,,
Nonsense,1030,N/A,out,yes,119028,,
Nonsense,1031,N/A,out,yes,119156,,
Nonsense,1032,N/A,out,yes,119285,,
Nonsense,1033,N/A,out,yes,119398,,
Nonsense,1034,N/A,out,yes,119485,,
Nonsense,1035,N/A,out,yes,119572,,
Nonsense,1036,N/A,out,yes,119700,,
Nonsense,1037,N/A,out,yes,119813,,
Nonsense,1038,N/A,out,yes,119912,,
Nonsense,1039,N/A,out,yes,120042,,
Nonsense,1040,N/A,out,yes,120179,,
Nonsense,1041,N/A,out,yes,120282,,
Nonsense,1042,N/A,out,yes,120410,,
Nonsense,1043,N/A,out,yes,120538,,
Nonsense,1044,N/A,out,yes,120651,,
Nonsense,1045,N/A,out,yes,120781,,
Nonsense,1046,N/A,out,yes,120910,,
Nonsense,1047,N/A,out,yes,121038,,
Nonsense,1048,N/A,out,yes,121169,,
Nonsense,1049,N/A,out,yes,121283,,
Nonsense,1050,N/A,out,yes,121411,,
Nonsense,1051,N/A,out,yes,121524,,
Nonsense,1052,N/A,out,yes,121681,,
Nonsense,1053,N/A,out,yes,121809,,
Nonsense,1054,N/A,out,yes,121922,,
Nonsense,1055,N/A,out,yes,122050,,
Nonsense,1056,N/A,out,yes,122164,,
Nonsense,1057,N/A,out,yes,122301,,
Nonsense,1058,N/A,out,yes,122415,,
Nonsense,1059,N/A,out,yes,122543,,
Nonsense,1060,N/A,out,yes,122644,,
Nonsense,1061,N/A,out,yes,122757,,
Nonsense,1062,N/A,out,yes,122885,,
Nonsense,1063,N/A,out,yes,123013,,
Nonsense,1064,N/A,out,yes,123200,,
Nonsense,1065,N/A,out,yes,123331,,
Nonsense,1066,N/A,out,yes,123402,,
Nonsense,1067,N/A,out,yes,123531,,
Nonsense,1068,N/A,out,yes,123630,,
Nonsense,1069,N/A,out,yes,123745,,
Nonsense,1070,N/A,out,yes,123844,,
Nonsense,1071,N/A,out,yes,123991,,
Nonsense,1072,N/A,out,yes,124105,,
Nonsense,1073,N/A,out,yes,124233,,
Nonsense,1074,N/A,out,yes,124362,,
Nonsense,1075,N/A,out,yes,124491,,
Nonsense,1076,N/A,out,yes,124677,,
Nonsense,1077,N/A,out,yes,124774,,
Nonsense,1078,N/A,out,yes,124845,,
Nonsense,1079,N/A,out,yes,124959,,
Nonsense,1080,N/A,out,yes,125016,,
Nonsense,1081,N/A,out,yes,125131,,
Nonsense,1082,N/A,out,yes,125218,,
Nonsense,1083,N/A,out,yes,125347,,
Nonsense,1084,N/A,out,yes,125460,,
Nonsense,1085,N/A,out,yes,125573,,
Nonsense,1086,N/A,out,yes,125701,,
Nonsense,1087,N/A,out,yes,125830,,
Nonsense,1088,N/A,out,yes,125958,,
Nonsense,1089,N/A,out,yes,126071,,
Nonsense,1090,N/A,out,yes,126199,,
Nonsense,1091,N/A,out,yes,126327,,
Nonsense,1092,N/A,out,yes,126431,,
Nonsense,1093,N/A,out,yes,126587,,
Nonsense,1094,N/A,out,yes,126700,,
Nonsense,1095,N/A,out,yes,126813,,
Nonsense,1096,N/A,out,yes,126912,,
Nonsense,1097,N/A,out,yes,126999,,
Nonsense,1098,N/A,out,yes,127114,,
Nonsense,1099,N/A,out,yes,127228,,
Nonsense,1100,N/A,out,yes,127356,,
Nonsense,1101,N/A,out,yes,127457,,
Nonsense,1102,N/A,out,yes,127570,,
Nonsense,1103,N/A,out,yes,127698,,
Nonsense,1104,N/A,out,yes,127795,,
Nonsense,1105,N/A,out,yes,127882,,
Nonsense,1106,N/A,out,yes,127996,,
Nonsense,1107,N/A,out,yes,128110,,
Nonsense,1108,N/A,out,yes,128197,,
Nonsense,1109,N/A,out,yes,128296,,
Nonsense,1110,N/A,out,yes,128410,,
Nonsense,1111,N/A,out,yes,128539,,
Nonsense,1112,N/A,out,yes,128596,,
Nonsense,1113,N/A,out,yes,128653,,
Nonsense,1114,N/A,out,yes,128781,,
Nonsense,1115,N/A,out,yes,128909,,
Nonsense,1116,N/A,out,yes,129023,,
Nonsense,1117,N/A,out,yes,129151,,
Nonsense,1118,N/A,out,yes,129265,,
Nonsense,1119,N/A,out,yes,129394,,
Nonsense,1120,N/A,out,yes,129465,,
Nonsense,1121,N/A,out,yes,129594,,
Nonsense,1122,N/A,out,yes,129691,,
Nonsense,1123,N/A,out,yes,129820,,
Nonsense,1124,N/A,out,yes,129968,,
Nonsense,1125,N/A,out,yes,130039,,
Nonsense,1126,N/A,out,yes,130126,,
Nonsense,1127,N/A,out,yes,130282,,
Nonsense,1128,N/A,out,yes,130395,,
Nonsense,1129,N/A,out,yes,130524,,
Nonsense,1130,N/A,out,yes,130625,,
Nonsense,1131,N/A,out,yes,130754,,
Nonsense,1132,N/A,out,yes,130868,,
Nonsense,1133,N/A,out,yes,130996,,
Nonsense,1134,N/A,out,yes,131125,,
Nonsense,1135,N/A,out,yes,131238,,
Nonsense,1136,N/A,out,yes,131352,,
Nonsense,1137,N/A,out,yes,131453,,
Nonsense,1138,N/A,out,yes,131581,,
Nonsense,1139,N/A,out,yes,131768,,
Nonsense,1140,N/A,out,yes,131883,,
Nonsense,1141,N/A,out,yes,132020,,
Nonsense,1142,N/A,out,yes,132151,,
Nonsense,1143,N/A,out,yes,132254,,
Nonsense,1144,N/A,out,yes,132382,,
Nonsense,1145,N/A,out,yes,132511,,
Nonsense,1146,N/A,out,yes,132610,,
Nonsense,1147,N/A,out,yes,132773,,
Nonsense,1148,N/A,out,yes,132844,,
Nonsense,1149,N/A,out,yes,133000,,
Nonsense,1150,N/A,out,yes,133128,,
Nonsense,1151,N/A,out,yes,133257,,
Nonsense,1152,N/A,out,yes,133328,,
Nonsense,1153,N/A,out,yes,133442,,
Nonsense,1154,N/A,out,yes,133570,,
Nonsense,1155,N/A,out,yes,133627,,
Nonsense,1156,N/A,out,yes,133684,,
Nonsense,1157,N/A,out,yes,133797,,
Nonsense,1158,N/A,out,yes,133926,,
Nonsense,1159,N/A,out,yes,134054,,
Nonsense,1160,N/A,out,yes,134155,,
Nonsense,1161,N/A,out,yes,134255,,
Nonsense,1162,N/A,out,yes,134342,,
Nonsense,1163,N/A,out,yes,134455,,
Nonsense,1164,N/A,out,yes,134583,,
Nonsense,1165,N/A,out,yes,134711,,
Nonsense,1166,N/A,out,yes,134826,,
Nonsense,1167,N/A,out,yes,134939,,
Nonsense,1168,N/A,out,yes,135027,,
Nonsense,1169,N/A,out,yes,135156,,
Nonsense,1170,N/A,out,yes,135287,,
Nonsense,1171,N/A,out,yes,135424,,
Nonsense,1172,N/A,out,yes,135553,,
Nonsense,1173,N/A,out,yes,135739,,
Nonsense,1174,N/A,out,yes,135870,,
Nonsense,1175,N/A,out,yes,135972,,
Nonsense,1176,N/A,out,yes,136100,,
Nonsense,1177,N/A,out,yes,136171,,
Nonsense,1178,N/A,out,yes,136300,,
Nonsense,1179,N/A,out,yes,136429,,
Nonsense,1180,N/A,out,yes,136558,,
Nonsense,1181,N/A,out,yes,136721,,
Nonsense,1182,N/A,out,yes,136834,,
Nonsense,1183,N/A,out,yes,136964,,
Nonsense,1184,N/A,out,yes,137120,,
Nonsense,1185,N/A,out,yes,137235,,
Nonsense,1186,N/A,out,yes,137382,,
Nonsense,1187,N/A,out,yes,137511,,
Nonsense,1188,N/A,out,yes,137674,,
Nonsense,1189,N/A,out,yes,137802,,
Nonsense,1190,N/A,out,yes,137904,,
Nonsense,1191,N/A,out,yes,138001,,
Nonsense,1192,N/A,out,yes,138116,,
Nonsense,1193,N/A,out,yes,138245,,
Nonsense,1194,N/A,out,yes,138358,,
Nonsense,1195,N/A,out,yes,138486,,
Nonsense,1196,N/A,out,yes,138614,,
Nonsense,1197,N/A,out,yes,138685,,
Nonsense,1198,N/A,out,yes,138785,,
Nonsense,1199,N/A,out,yes,138914,,
Nonsense,1200,N/A,out,yes,139043,,
Nonsense,1201,N/A,out,yes,139174,,
Nonsense,1202,N/A,out,yes,139302,,
Nonsense,1203,N/A,out,yes,139458,,
Nonsense,1204,N/A,out,yes,139529,,
Nonsense,1205,N/A,out,yes,139657,,
Nonsense,1206,N/A,out,yes,139787,,
Nonsense,1207,N/A,out,yes,139916,,
Nonsense,1208,N/A,out,yes,139987,,
Nonsense,1209,N/A,out,yes,140115,,
Nonsense,1210,N/A,out,yes,140243,,
Nonsense,1211,N/A,out,yes,140371,,
Nonsense,1212,N/A,out,yes,140500,,
Nonsense,1213,N/A,out,yes,140571,,
Nonsense,1214,N/A,out,yes,140700,,
Nonsense,1215,N/A,out,yes,140799,,
Nonsense,1216,N/A,out,yes,140927,,
Nonsense,1217,N/A,out,yes,141040,,
Nonsense,1218,N/A,out,yes,141153,,
Nonsense,1219,N/A,out,yes,141254,,
Nonsense,1220,N/A,out,yes,141383,,
Nonsense,1221,N/A,out,yes,141471,,
Nonsense,1222,N/A,out,yes,141570,,
Nonsense,1223,N/A,out,yes,141684,,
Nonsense,1224,N/A,out,yes,141771,,
Nonsense,1225,N/A,out,yes,141870,,
Nonsense,1226,N/A,out,yes,141983,,
Nonsense,1227,N/A,out,yes,142054,,
Nonsense,1228,N/A,out,yes,142182,,
Nonsense,1229,N/A,out,yes,142253,,
Nonsense,1230,N/A,out,yes,142351,,
Nonsense,1231,N/A,out,yes,142448,,
Nonsense,1232,N/A,out,yes,142547,,
Nonsense,1233,N/A,out,yes,142618,,
Nonsense,1234,N/A,out,yes,142746,,
Nonsense,1235,N/A,out,yes,142875,,
Nonsense,1236,N/A,out,yes,142946,,
Nonsense,1237,N/A,out,yes,143059,,
Nonsense,1238,N/A,out,yes,143187,,
Nonsense,1239,N/A,out,yes,143316,,
Nonsense,1240,N/A,out,yes,143445,,
Nonsense,1241,N/A,out,yes,143558,,
Nonsense,1242,N/A,out,yes,143687,,
Nonsense,1243,N/A,out,yes,143788,,
Nonsense,1244,N/A,out,yes,143901,,
Nonsense,1245,N/A,out,yes,144002,,
Nonsense,1246,N/A,out,yes,144103,,
Nonsense,1247,N/A,out,yes,144218,,
Nonsense,1248,N/A,out,yes,144381,,
Nonsense,1249,N/A,out,yes,144509,,
Nonsense,1250,N/A,out,yes,144695,,
Nonsense,1251,N/A,out,yes,144808,,
Nonsense,1252,N/A,out,yes,144911,,
Nonsense,1253,N/A,out,yes,145013,,
Nonsense,1254,N/A,out,yes,145169,,
Nonsense,1255,N/A,out,yes,145282,,
Nonsense,1256,N/A,out,yes,145396,,
Nonsense,1257,N/A,out,yes,145453,,
Nonsense,1258,N/A,out,yes,145581,,
Nonsense,1259,N/A,out,yes,145684,,
Nonsense,1260,N/A,out,yes,145813,,
Nonsense,1261,N/A,out,yes,145914,,
Nonsense,1262,N/A,out,yes,146027,,
Nonsense,1263,N/A,out,yes,146156,,
Nonsense,1264,N/A,out,yes,146285,,
Nonsense,1265,N/A,out,yes,146384,,
Nonsense,1266,N/A,out,yes,146570,,
Nonsense,1267,N/A,out,yes,146641,,
Nonsense,1268,N/A,out,yes,146745,,
Nonsense,1269,N/A,out,yes,146931,,
Nonsense,1270,N/A,out,yes,147068,,
Nonsense,1271,N/A,out,yes,147197,,
Nonsense,1272,N/A,out,yes,147310,,
Nonsense,1273,N/A,out,yes,147423,,
Nonsense,1274,N/A,out,yes,147511,,
Nonsense,1275,N/A,out,yes,147674,,
Nonsense,1276,N/A,out,yes,147787,,
Nonsense,1277,N/A,out,yes,147916,,
Nonsense,1278,N/A,out,yes,148044,,
Nonsense,1279,N/A,out,yes,148115,,
Nonsense,1280,N/A,out,yes,148229,,
Nonsense,1281,N/A,out,yes,148358,,
Nonsense,1282,N/A,out,yes,148544,,
Nonsense,1283,N/A,out,yes,148657,,
Nonsense,1284,N/A,out,yes,148771,,
Nonsense,1285,N/A,out,yes,148900,,
Nonsense,1286,N/A,out,yes,148999,,
Nonsense,1287,N/A,out,yes,149128,,
Nonsense,1288,N/A,out,yes,149275,,
Nonsense,1289,N/A,out,yes,149404,,
Nonsense,1290,N/A,out,yes,149517,,
Nonsense,1291,N/A,out,yes,149645,,
Nonsense,1292,N/A,out,yes,149746,,
Nonsense,1293,N/A,out,yes,149847,,
Nonsense,1294,N/A,out,yes,149976,,
Nonsense,1295,N/A,out,yes,150090,,
Nonsense,1296,N/A,out,yes,150204,,
Nonsense,1297,N/A,out,yes,150301,,
Nonsense,1298,N/A,out,yes,150358,,
Nonsense,1299,N/A,out,yes,150415,,
Nonsense,1300,N/A,out,yes,150486,,
Nonsense,1301,N/A,out,yes,150615,,
Nonsense,1302,N/A,out,yes,150744,,
Nonsense,1303,N/A,out,yes,150857,,
Nonsense,1304,N/A,out,yes,150944,,
Nonsense,1305,N/A,out,yes,151073,,
Nonsense,1306,N/A,out,yes,151172,,
Nonsense,1307,N/A,out,yes,151286,,
Nonsense,1308,N/A,out,yes,151401,,
Nonsense,1309,N/A,out,yes,151488,,
Nonsense,1310,N/A,out,yes,151601,,
Nonsense,1311,N/A,out,yes,151730,,
Nonsense,1312,N/A,out,yes,151844,,
Nonsense,1313,N/A,out,yes,151957,,
Nonsense,1314,N/A,out,yes,152089,,
Nonsense,1315,N/A,out,yes,152245,,
Nonsense,1316,N/A,out,yes,152382,,
Nonsense,1317,N/A,out,yes,152469,,
Nonsense,1318,N/A,out,yes,152598,,
Nonsense,1319,N/A,out,yes,152713,,
Nonsense,1320,N/A,out,yes,152827,,
Nonsense,1321,N/A,out,yes,152924,,
Nonsense,1322,N/A,out,yes,153038,,
Nonsense,1323,N/A,out,yes,153167,,
Nonsense,1324,N/A,out,yes,153280,,
Nonsense,1325,N/A,out,yes,153436,,
Nonsense,1326,N/A,out,yes,153549,,
Nonsense,1327,N/A,out,yes,153662,,
Nonsense,1328,N/A,out,yes,153733,,
Nonsense,1329,N/A,out,yes,153862,,
Nonsense,1330,N/A,out,yes,153963,,
Nonsense,1331,N/A,out,yes,154076,,
Nonsense,1332,N/A,out,yes,154177,,
Nonsense,1333,N/A,out,yes,154292,,
Nonsense,1334,N/A,out,yes,154349,,
Nonsense,1335,N/A,out,yes,154406,,
Nonsense,1336,N/A,out,yes,154505,,
Nonsense,1337,N/A,out,yes,154636,,
Nonsense,1338,N/A,out,yes,154752,,
Nonsense,1339,N/A,out,yes,154881,,
Nonsense,1340,N/A,out,yes,154994,,
Nonsense,1341,N/A,out,yes,155107,,
Nonsense,1342,N/A,out,yes,155221,,
Nonsense,1343,N/A,out,yes,155350,,
Nonsense,1344,N/A,out,yes,155479,,
Nonsense,1345,N/A,out,yes,155592,,
Nonsense,1346,N/A,out,yes,155722,,
Nonsense,1347,N/A,out,yes,155823,,
Nonsense,1348,N/A,out,yes,155970,,
Nonsense,1349,N/A,out,yes,156084,,
Nonsense,1350,N/A,out,yes,156171,,
Nonsense,1351,N/A,out,yes,156327,,
Nonsense,1352,N/A,out,yes,156513,,
Nonsense,1353,N/A,out,yes,156670,,
Nonsense,1354,N/A,out,yes,156799,,
Nonsense,1355,N/A,out,yes,156912,,
Nonsense,1356,N/A,out,yes,157049,,
Nonsense,1357,N/A,out,yes,157178,,
Nonsense,1358,N/A,out,yes,157307,,
Nonsense,1359,N/A,out,yes,157378,,
Nonsense,1360,N/A,out,yes,157477,,
Nonsense,1361,N/A,out,yes,157634,,
Nonsense,1362,N/A,out,yes,157790,,
Nonsense,1363,N/A,out,yes,157918,,
Nonsense,1364,N/A,out,yes,158046,,
Nonsense,1365,N/A,out,yes,158159,,
Nonsense,1366,N/A,out,yes,158272,,
Nonsense,1367,N/A,out,yes,158402,,
Nonsense,1368,N/A,out,yes,158530,,
Nonsense,1369,N/A,out,yes,158617,,
Nonsense,1370,N/A,out,yes,158730,,
Nonsense,1371,N/A,out,yes,158858,,
Nonsense,1372,N/A,out,yes,158945,,
Nonsense,1373,N/A,out,yes,159016,,
Nonsense,1374,N/A,out,yes,159145,,
Nonsense,1375,N/A,out,yes,159274,,
Nonsense,1376,N/A,out,yes,159375,,
Nonsense,1377,N/A,out,yes,159504,,
Nonsense,1378,N/A,out,yes,159632,,
Nonsense,1379,N/A,out,yes,159719,,
Nonsense,1380,N/A,out,yes,159832,,
Nonsense,1381,N/A,out,yes,159969,,
Nonsense,1382,N/A,out,yes,160083,,
Nonsense,1383,N/A,out,yes,160196,,
Nonsense,1384,N/A,out,yes,160324,,
Nonsense,1385,N/A,out,yes,160453,,
Nonsense,1386,N/A,out,yes,160540,,
Nonsense,1387,N/A,out,yes,160653,,
Nonsense,1388,N/A,out,yes,160754,,
Nonsense,1389,N/A,out,yes,160902,,
Nonsense,1390,N/A,out,yes,161015,,
Nonsense,1391,N/A,out,yes,161130,,
Nonsense,1392,N/A,out,yes,161258,,
Nonsense,1393,N/A,out,yes,161386,,
Nonsense,1394,N/A,out,yes,161499,,
Nonsense,1395,N/A,out,yes,161570,,
Nonsense,1396,N/A,out,yes,161642,,
Nonsense,1397,N/A,out,yes,161805,,
Nonsense,1398,N/A,out,yes,161918,,
Nonsense,1399,N/A,out,yes,161989,,
Nonsense,1400,N/A,out,yes,162104,,
Nonsense,1401,N/A,out,yes,162232,,
Nonsense,1402,N/A,out,yes,162331,,
Nonsense,1403,N/A,out,yes,162446,,
Nonsense,1404,N/A,out,yes,162518,,
Nonsense,1405,N/A,out,yes,162589,,
Nonsense,1406,N/A,out,yes,162717,,
Nonsense,1407,N/A,out,yes,162848,,
Nonsense,1408,N/A,out,yes,162945,,
Nonsense,1409,N/A,out,yes,163073,,
Nonsense,1410,N/A,out,yes,163202,,
Nonsense,1411,N/A,out,yes,163273,,
Nonsense,1412,N/A,out,yes,163402,,
Nonsense,1413,N/A,out,yes,163530,,
Nonsense,1414,N/A,out,yes,163643,,
Nonsense,1415,N/A,out,yes,163771,,
Nonsense,1416,N/A,out,yes,163858,,
Nonsense,1417,N/A,out,yes,163973,,
Nonsense,1418,N/A,out,yes,164087,,
Nonsense,1419,N/A,out,yes,164188,,
Nonsense,1420,N/A,out,yes,164275,,
Nonsense,1421,N/A,out,yes,164412,,
Nonsense,1422,N/A,out,yes,164541,,
Nonsense,1423,N/A,out,yes,164654,,
Nonsense,1424,N/A,out,yes,164741,,
Nonsense,1425,N/A,out,yes,164854,,
Nonsense,1426,N/A,out,yes,164984,,
Nonsense,1427,N/A,out,yes,165113,,
Nonsense,1428,N/A,out,yes,165244,,
Nonsense,1429,N/A,out,yes,165372,,
Nonsense,1430,N/A,out,yes,165500,,
Nonsense,1431,N/A,out,yes,165637,,
Nonsense,1432,N/A,out,yes,165751,,
Nonsense,1433,N/A,out,yes,165880,,
Nonsense,1434,N/A,out,yes,165937,,
Nonsense,1435,N/A,out,yes,166065,,
Nonsense,1436,N/A,out,yes,166194,,
Nonsense,1437,N/A,out,yes,166265,,
Nonsense,1438,N/A,out,yes,166336,,
Nonsense,1439,N/A,out,yes,166464,,
Nonsense,1440,N/A,out,yes,166620,,
Nonsense,1441,N/A,out,yes,166720,,
Nonsense,1442,N/A,out,yes,166833,,
Nonsense,1443,N/A,out,yes,166920,,
Nonsense,1444,N/A,out,yes,167048,,
Nonsense,1445,N/A,out,yes,167161,,
Nonsense,1446,N/A,out,yes,167276,,
Nonsense,1447,N/A,out,yes,167375,,
Nonsense,1448,N/A,out,yes,167446,,
Nonsense,1449,N/A,out,yes,167575,,
Nonsense,1450,N/A,out,yes,167703,,
Nonsense,1451,N/A,out,yes,167831,,
Nonsense,1452,N/A,out,yes,167944,,
Nonsense,1453,N/A,out,yes,168072,,
Nonsense,1454,N/A,out,yes,168187,,
Nonsense,1455,N/A,out,yes,168287,,
Nonsense,1456,N/A,out,yes,168374,,
Nonsense,1457,N/A,out,yes,168505,,
Nonsense,1458,N/A,out,yes,168633,,
Nonsense,1459,N/A,out,yes,168780,,
Nonsense,1460,N/A,out,yes,168936,,
Nonsense,1461,N/A,out,yes,169050,,
Nonsense,1462,N/A,out,yes,169197,,
Nonsense,1463,N/A,out,yes,169325,,
Nonsense,1464,N/A,out,yes,169453,,
Nonsense,1465,N/A,out,yes,169550,,
Nonsense,1466,N/A,out,yes,169621,,
Nonsense,1467,N/A,out,yes,169735,,
Nonsense,1468,N/A,out,yes,169883,,
Nonsense,1469,N/A,out,yes,170012,,
Nonsense,1470,N/A,out,yes,170140,,
Nonsense,1471,N/A,out,yes,170296,,
Nonsense,1472,N/A,out,yes,170409,,
Nonsense,1473,N/A,out,yes,170537,,
Nonsense,1474,N/A,out,yes,170666,,
Nonsense,1475,N/A,out,yes,170754,,
Nonsense,1476,N/A,out,yes,170882,,
Nonsense,1477,N/A,out,yes,171013,,
Nonsense,1478,N/A,out,yes,171126,,
Nonsense,1479,N/A,out,yes,171239,,
Nonsense,1480,N/A,out,yes,171354,,
Nonsense,1481,N/A,out,yes,171483,,
Nonsense,1482,N/A,out,yes,171583,,
Nonsense,1483,N/A,out,yes,171711,,
Nonsense,1484,N/A,out,yes,171842,,
Nonsense,1485,N/A,out,yes,171979,,
Nonsense,1486,N/A,out,yes,172092,,
Nonsense,1487,N/A,out,yes,172189,,
Nonsense,1488,N/A,out,yes,172260,,
Nonsense,1489,N/A,out,yes,172374,,
Nonsense,1490,N/A,out,yes,172503,,
Nonsense,1491,N/A,out,yes,172604,,
Nonsense,1492,N/A,out,yes,172732,,
Nonsense,1493,N/A,out,yes,172819,,
Nonsense,1494,N/A,out,yes,172918,,
Nonsense,1495,N/A,out,yes,173047,,
Nonsense,1496,N/A,out,yes,173175,,
Nonsense,1497,N/A,out,yes,173305,,
Nonsense,1498,N/A,out,yes,173404,,
Nonsense,1499,N/A,out,yes,173503,,
Nonsense,1500,N/A,out,yes,173631,,
Nonsense,1501,N/A,out,yes,173718,,
Nonsense,1502,N/A,out,yes,173846,,
Nonsense,1503,N/A,out,yes,173959,,
Nonsense,1504,N/A,out,yes,174073,,
Nonsense,1505,N/A,out,yes,174211,,
Nonsense,1506,N/A,out,yes,174314,,
Nonsense,1507,N/A,out,yes,174413,,
Nonsense,1508,N/A,out,yes,174527,,
Nonsense,1509,N/A,out,yes,174640,,
Nonsense,1510,N/A,out,yes,174803,,
Nonsense,1511,N/A,out,yes,174932,,
Nonsense,1512,N/A,out,yes,175019,,
Nonsense,1513,N/A,out,yes,175132,,
Nonsense,1514,N/A,out,yes,175219,,
Nonsense,1515,N/A,out,yes,175348,,
Nonsense,1516,N/A,out,yes,175447,,
Nonsense,1517,N/A,out,yes,175575,,
Nonsense,1518,N/A,out,yes,175662,,
Nonsense,1519,N/A,out,yes,175791,,
Nonsense,1520,N/A,out,yes,175890,,
Nonsense,1521,N/A,out,yes,176020,,
Nonsense,1522,N/A,out,yes,176151,,
Nonsense,1523,N/A,out,yes,176250,,
Nonsense,1524,N/A,out,yes,176363,,
Nonsense,1525,N/A,out,yes,176491,,
Nonsense,1526,N/A,out,yes,176592,,
Nonsense,1527,N/A,out,yes,176649,,
Nonsense,1528,N/A,out,yes,176806,,
Nonsense,1529,N/A,out,yes,176934,,
Nonsense,1530,N/A,out,yes,177047,,
Nonsense,1531,N/A,out,yes,177146,,
Nonsense,1532,N/A,out,yes,177274,,
Nonsense,1533,N/A,out,yes,177402,,
Nonsense,1534,N/A,out,yes,177531,,
Nonsense,1535,N/A,out,yes,177659,,
Nonsense,1536,N/A,out,yes,177760,,
Nonsense,1537,N/A,out,yes,177889,,
Nonsense,1538,N/A,out,yes,178003,,
Nonsense,1539,N/A,out,yes,178100,,
Nonsense,1540,N/A,out,yes,178228,,
Nonsense,1541,N/A,out,yes,178357,,
Nonsense,1542,N/A,out,yes,178471,,
Nonsense,1543,N/A,out,yes,178586,,
Nonsense,1544,N/A,out,yes,178715,,
Nonsense,1545,N/A,out,yes,178871,,
Nonsense,1546,N/A,out,yes,178970,,
Nonsense,1547,N/A,out,yes,179071,,
Nonsense,1548,N/A,out,yes,179142,,
Nonsense,1549,N/A,out,yes,179255,,
Nonsense,1550,N/A,out,yes,179384,,
Nonsense,1551,N/A,out,yes,179497,,
Nonsense,1552,N/A,out,yes,179634,,
Nonsense,1553,N/A,out,yes,179797,,
Nonsense,1554,N/A,out,yes,179911,,
Nonsense,1555,N/A,out,yes,180040,,
Nonsense,1556,N/A,out,yes,180153,,
Nonsense,1557,N/A,out,yes,180211,,
Nonsense,1558,N/A,out,yes,180282,,
Nonsense,1559,N/A,out,yes,180410,,
Nonsense,1560,N/A,out,yes,180509,,
Nonsense,1561,N/A,out,yes,180610,,
Nonsense,1562,N/A,out,yes,180739,,
Nonsense,1563,N/A,out,yes,180895,,
Nonsense,1564,N/A,out,yes,181023,,
Nonsense,1565,N/A,out,yes,181152,,
Nonsense,1566,N/A,out,yes,181280,,
Nonsense,1567,N/A,out,yes,181393,,
Nonsense,1568,N/A,out,yes,181522,,
Nonsense,1569,N/A,out,yes,181650,,
Nonsense,1570,N/A,out,yes,181753,,
Nonsense,1571,N/A,out,yes,181867,,
Nonsense,1572,N/A,out,yes,181995,,
Nonsense,1573,N/A,out,yes,182108,,
Nonsense,1574,N/A,out,yes,182195,,
Nonsense,1575,N/A,out,yes,182351,,
Nonsense,1576,N/A,out,yes,182479,,
Nonsense,1577,N/A,out,yes,182611,,
Nonsense,1578,N/A,out,yes,182767,,
Nonsense,1579,N/A,out,yes,182895,,
Nonsense,1580,N/A,out,yes,183024,,
Nonsense,1581,N/A,out,yes,183155,,
Nonsense,1582,N/A,out,yes,183269,,
Nonsense,1583,N/A,out,yes,183368,,
Nonsense,1584,N/A,out,yes,183482,,
Nonsense,1585,N/A,out,yes,183583,,
Nonsense,1586,N/A,out,yes,183712,,
Nonsense,1587,N/A,out,yes,183898,,
Nonsense,1588,N/A,out,yes,184011,,
Nonsense,1589,N/A,out,yes,184082,,
Nonsense,1590,N/A,out,yes,184153,,
Nonsense,1591,N/A,out,yes,184254,,
Nonsense,1592,N/A,out,yes,184369,,
Nonsense,1593,N/A,out,yes,184501,,
Nonsense,1594,N/A,out,yes,184630,,
Nonsense,1595,N/A,out,yes,184743,,
Nonsense,1596,N/A,out,yes,184844,,
Nonsense,1597,N/A,out,yes,184972,,
Nonsense,1598,N/A,out,yes,185128,,
Nonsense,1599,N/A,out,yes,185215,,
Nonsense,1600,N/A,out,yes,185287,,
Nonsense,1601,N/A,out,yes,185386,,
Nonsense,1602,N/A,out,yes,185515,,
Nonsense,1603,N/A,out,yes,185572,,
Nonsense,1604,N/A,out,yes,185703,,
Nonsense,1605,N/A,out,yes,185800,,
Nonsense,1606,N/A,out,yes,185887,,
Nonsense,1607,N/A,out,yes,186001,,
Nonsense,1608,N/A,out,yes,186114,,
Nonsense,1609,N/A,out,yes,186230,,
Nonsense,1610,N/A,out,yes,186317,,
Nonsense,1611,N/A,out,yes,186446,,
Nonsense,1612,N/A,out,yes,186545,,
Nonsense,1613,N/A,out,yes,186616,,
Nonsense,1614,N/A,out,yes,186802,,
Nonsense,1615,N/A,out,yes,186859,,
Nonsense,1616,N/A,out,yes,186987,,
Nonsense,1617,N/A,out,yes,187058,,
Nonsense,1618,N/A,out,yes,187159,,
Nonsense,1619,N/A,out,yes,187288,,
Nonsense,1620,N/A,out,yes,187416,,
Nonsense,1621,N/A,out,yes,187545,,
Nonsense,1622,N/A,out,yes,187658,,
Nonsense,1623,N/A,out,yes,187787,,
Nonsense,1624,N/A,out,yes,187915,,
Nonsense,1625,N/A,out,yes,188044,,
Nonsense,1626,N/A,out,yes,188172,,
Nonsense,1627,N/A,out,yes,188271,,
Nonsense,1628,N/A,out,yes,188408,,
Nonsense,1629,N/A,out,yes,188521,,
Nonsense,1630,N/A,out,yes,188649,,
Nonsense,1631,N/A,out,yes,188736,,
Nonsense,1632,N/A,out,yes,188850,,
Nonsense,1633,N/A,out,yes,188951,,
Nonsense,1634,N/A,out,yes,189080,,
Nonsense,1635,N/A,out,yes,189179,,
Nonsense,1636,N/A,out,yes,189236,,
Nonsense,1637,N/A,out,yes,189365,,
Nonsense,1638,N/A,out,yes,189436,,
Nonsense,1639,N/A,out,yes,189549,,
Nonsense,1640,N/A,out,yes,189678,,
Nonsense,1641,N/A,out,yes,189779,,
Nonsense,1642,N/A,out,yes,189878,,
Nonsense,1643,N/A,out,yes,189991,,
Nonsense,1644,N/A,out,yes,190048,,
Nonsense,1645,N/A,out,yes,190176,,
Nonsense,1646,N/A,out,yes,190304,,
Nonsense,1647,N/A,out,yes,190433,,
Nonsense,1648,N/A,out,yes,190535,,
Nonsense,1649,N/A,out,yes,190648,,
Nonsense,1650,N/A,out,yes,190747,,
Nonsense,1651,N/A,out,yes,190876,,
Nonsense,1652,N/A,out,yes,190991,,
Nonsense,1653,N/A,out,yes,191119,,
Nonsense,1654,N/A,out,yes,191232,,
Nonsense,1655,N/A,out,yes,191319,,
Nonsense,1656,N/A,out,yes,191433,,
Nonsense,1657,N/A,out,yes,191546,,
Nonsense,1658,N/A,out,yes,191660,,
Nonsense,1659,N/A,out,yes,191747,,
Nonsense,1660,N/A,out,yes,191861,,
Nonsense,1661,N/A,out,yes,192047,,
Nonsense,1662,N/A,out,yes,192160,,
Nonsense,1663,N/A,out,yes,192231,,
Nonsense,1664,N/A,out,yes,192331,,
Nonsense,1665,N/A,out,yes,192432,,
Nonsense,1666,N/A,out,yes,192519,,
Nonsense,1667,N/A,out,yes,192675,,
Nonsense,1668,N/A,out,yes,192746,,
Nonsense,1669,N/A,out,yes,192875,,
Nonsense,1670,N/A,out,yes,193004,,
Nonsense,1671,N/A,out,yes,193190,,
Nonsense,1672,N/A,out,yes,193304,,
Nonsense,1673,N/A,out,yes,193418,,
Nonsense,1674,N/A,out,yes,193531,,
Nonsense,1675,N/A,out,yes,193644,,
Nonsense,1676,N/A,out,yes,193757,,
Nonsense,1677,N/A,out,yes,193886,,
Nonsense,1678,N/A,out,yes,194049,,
Nonsense,1679,N/A,out,yes,194178,,
Nonsense,1680,N/A,out,yes,194306,,
Nonsense,1681,N/A,out,yes,194443,,
Nonsense,1682,N/A,out,yes,194574,,
Nonsense,1683,N/A,out,yes,194703,,
Nonsense,1684,N/A,out,yes,194804,,
Nonsense,1685,N/A,out,yes,194952,,
Nonsense,1686,N/A,out,yes,195067,,
Nonsense,1687,N/A,out,yes,195195,,
Nonsense,1688,N/A,out,yes,195309,,
Nonsense,1689,N/A,out,yes,195408,,
Nonsense,1690,N/A,out,yes,195523,,
Nonsense,1691,N/A,out,yes,195660,,
Nonsense,1692,N/A,out,yes,195773,,
Nonsense,1693,N/A,out,yes,195875,,
Nonsense,1694,N/A,out,yes,196003,,
Nonsense,1695,N/A,out,yes,196189,,
Nonsense,1696,N/A,out,yes,196302,,
Nonsense,1697,N/A,out,yes,196415,,
Nonsense,1698,N/A,out,yes,196543,,
Nonsense,1699,N/A,out,yes,196615,,
Nonsense,1700,N/A,out,yes,196730,,
Nonsense,1701,N/A,out,yes,196831,,
Nonsense,1702,N/A,out,yes,196944,,
Nonsense,1703,N/A,out,yes,197057,,
Nonsense,1704,N/A,out,yes,197172,,
Nonsense,1705,N/A,out,yes,197301,,
Nonsense,1706,N/A,out,yes,197388,,
Nonsense,1707,N/A,out,yes,197517,,
Nonsense,1708,N/A,out,yes,197646,,
Nonsense,1709,N/A,out,yes,197774,,
Nonsense,1710,N/A,out,yes,197902,,
Nonsense,1711,N/A,out,yes,197999,,
Nonsense,1712,N/A,out,yes,198127,,
Nonsense,1713,N/A,out,yes,198255,,
Nonsense,1714,N/A,out,yes,198384,,
Nonsense,1715,N/A,out,yes,198513,,
Nonsense,1716,N/A,out,yes,198628,,
Nonsense,1717,N/A,out,yes,198727,,
Nonsense,1718,N/A,out,yes,198840,,
Nonsense,1719,N/A,out,yes,198968,,
Nonsense,1720,N/A,out,yes,199124,,
Nonsense,1721,N/A,out,yes,199238,,
Nonsense,1722,N/A,out,yes,199366,,
Nonsense,1723,N/A,out,yes,199437,,
Nonsense,1724,N/A,out,yes,199566,,
Nonsense,1725,N/A,out,yes,199679,,
Nonsense,1726,N/A,out,yes,199793,,
Nonsense,1727,N/A,out,yes,199908,,
Nonsense,1728,N/A,out,yes,200021,,
Nonsense,1729,N/A,out,yes,200178,,
Nonsense,1730,N/A,out,yes,200275,,
Nonsense,1731,N/A,out,yes,200403,,
Nonsense,1732,N/A,out,yes,200502,,
Nonsense,1733,N/A,out,yes,200617,,
Nonsense,1734,N/A,out,yes,200704,,
Nonsense,1735,N/A,out,yes,200805,,
Nonsense,1736,N/A,out,yes,200961,,
Nonsense,1737,N/A,out,yes,201077,,
Nonsense,1738,N/A,out,yes,201205,,
Nonsense,1739,N/A,out,yes,201276,,
Nonsense,1740,N/A,out,yes,201347,,
Nonsense,1741,N/A,out,yes,201461,,
Nonsense,1742,N/A,out,yes,201574,,
Nonsense,1743,N/A,out,yes,201705,,
Nonsense,1744,N/A,out,yes,201776,,
Nonsense,1745,N/A,out,yes,201891,,
Nonsense,1746,N/A,out,yes,202047,,
Nonsense,1747,N/A,out,yes,202104,,
Nonsense,1748,N/A,out,yes,202219,,
Nonsense,1749,N/A,out,yes,202356,,
Nonsense,1750,N/A,out,yes,202459,,
Nonsense,1751,N/A,out,yes,202615,,
Nonsense,1752,N/A,out,yes,202744,,
Nonsense,1753,N/A,out,yes,202857,,
Nonsense,1754,N/A,out,yes,202956,,
Nonsense,1755,N/A,out,yes,203085,,
Nonsense,1756,N/A,out,yes,203182,,
Nonsense,1757,N/A,out,yes,203310,,
Nonsense,1758,N/A,out,yes,203423,,
Nonsense,1759,N/A,out,yes,203511,,
Nonsense,1760,N/A,out,yes,203640,,
Nonsense,1761,N/A,out,yes,203753,,
Nonsense,1762,N/A,out,yes,203867,,
Nonsense,1763,N/A,out,yes,204004,,
Nonsense,1764,N/A,out,yes,204160,,
Nonsense,1765,N/A,out,yes,204307,,
Nonsense,1766,N/A,out,yes,204379,,
Nonsense,1767,N/A,out,yes,204450,,
Nonsense,1768,N/A,out,yes,204563,,
Nonsense,1769,N/A,out,yes,204650,,
Nonsense,1770,N/A,out,yes,204787,,
Nonsense,1771,N/A,out,yes,204943,,
Nonsense,1772,N/A,out,yes,205056,,
Nonsense,1773,N/A,out,yes,205185,,
Nonsense,1774,N/A,out,yes,205286,,
Nonsense,1775,N/A,out,yes,205343,,
Nonsense,1776,N/A,out,yes,205471,,
Nonsense,1777,N/A,out,yes,205542,,
Nonsense,1778,N/A,out,yes,205629,,
Nonsense,1779,N/A,out,yes,205742,,
Nonsense,1780,N/A,out,yes,205839,,
Nonsense,1781,N/A,out,yes,205953,,
Nonsense,1782,N/A,out,yes,206081,,
Nonsense,1783,N/A,out,yes,206210,,
Nonsense,1784,N/A,out,yes,206323,,
Nonsense,1785,N/A,out,yes,206452,,
Nonsense,1786,N/A,out,yes,206580,,
Nonsense,1787,N/A,out,yes,206727,,
Nonsense,1788,N/A,out,yes,206842,,
Nonsense,1789,N/A,out,yes,206929,,
Nonsense,1790,N/A,out,yes,207044,,
Nonsense,1791,N/A,out,yes,207157,,
Nonsense,1792,N/A,out,yes,207285,,
Nonsense,1793,N/A,out,yes,207413,,
Nonsense,1794,N/A,out,yes,207526,,
Nonsense,1795,N/A,out,yes,207640,,
Nonsense,1796,N/A,out,yes,207769,,
Nonsense,1797,N/A,out,yes,207866,,
Nonsense,1798,N/A,out,yes,207979,,
Nonsense,1799,N/A,out,yes,208108,,
Nonsense,1800,N/A,out,yes,208179,,
Nonsense,1801,N/A,out,yes,208308,,
Nonsense,1802,N/A,out,yes,208421,,
Nonsense,1803,N/A,out,yes,208550,,
Nonsense,1804,N/A,out,yes,208678,,
Nonsense,1805,N/A,out,yes,208735,,
Nonsense,1806,N/A,out,yes,208834,,
Nonsense,1807,N/A,out,yes,208948,,
Nonsense,1808,N/A,out,yes,209061,,
Nonsense,1809,N/A,out,yes,209189,,
Nonsense,1810,N/A,out,yes,209319,,
Nonsense,1811,N/A,out,yes,209448,,
Nonsense,1812,N/A,out,yes,209563,,
Nonsense,1813,N/A,out,yes,209710,,
Nonsense,1814,N/A,out,yes,209824,,
Nonsense,1815,N/A,out,yes,209952,,
Nonsense,1816,N/A,out,yes,210067,,
Nonsense,1817,N/A,out,yes,210198,,
Nonsense,1818,N/A,out,yes,210313,,
Nonsense,1819,N/A,out,yes,210442,,
Nonsense,1820,N/A,out,yes,210557,,
Nonsense,1821,N/A,out,yes,210671,,
Nonsense,1822,N/A,out,yes,210800,,
Nonsense,1823,N/A,out,yes,210857,,
Nonsense,1824,N/A,out,yes,210958,,
Nonsense,1825,N/A,out,yes,211057,,
Nonsense,1826,N/A,out,yes,211185,,
Nonsense,1827,N/A,out,yes,211314,,
Nonsense,1828,N/A,out,yes,211428,,
Nonsense,1829,N/A,out,yes,211541,,
Nonsense,1830,N/A,out,yes,211669,,
Nonsense,1831,N/A,out,yes,211825,,
Nonsense,1832,N/A,out,yes,211882,,
Nonsense,1833,N/A,out,yes,211997,,
Nonsense,1834,N/A,out,yes,212111,,
Nonsense,1835,N/A,out,yes,212225,,
Nonsense,1836,N/A,out,yes,212353,,
Nonsense,1837,N/A,out,yes,212481,,
Nonsense,1838,N/A,out,yes,212637,,
Nonsense,1839,N/A,out,yes,212750,,
Nonsense,1840,N/A,out,yes,212851,,
Nonsense,1841,N/A,out,yes,212966,,
Nonsense,1842,N/A,out,yes,213096,,
Nonsense,1843,N/A,out,yes,213252,,
Nonsense,1844,N/A,out,yes,213380,,
Nonsense,1845,N/A,out,yes,213536,,
Nonsense,1846,N/A,out,yes,213665,,
Nonsense,1847,N/A,out,yes,213794,,
Nonsense,1848,N/A,out,yes,213907,,
Nonsense,1849,N/A,out,yes,214036,,
Nonsense,1850,N/A,out,yes,214149,,
Nonsense,1851,N/A,out,yes,214277,,
Nonsense,1852,N/A,out,yes,214405,,
Nonsense,1853,N/A,out,yes,214533,,
Nonsense,1854,N/A,out,yes,214647,,
Nonsense,1855,N/A,out,yes,214760,,
Nonsense,1856,N/A,out,yes,214888,,
Nonsense,1857,N/A,out,yes,214989,,
Nonsense,1858,N/A,out,yes,215117,,
Nonsense,1859,N/A,out,yes,215254,,
Nonsense,1860,N/A,out,yes,215368,,
Nonsense,1861,N/A,out,yes,215440,,
Nonsense,1862,N/A,out,yes,215553,,
Nonsense,1863,N/A,out,yes,215681,,
Nonsense,1864,N/A,out,yes,215796,,
Nonsense,1865,N/A,out,yes,215909,,
Nonsense,1866,N/A,out,yes,216065,,
Nonsense,1867,N/A,out,yes,216152,,
Nonsense,1868,N/A,out,yes,216281,,
Nonsense,1869,N/A,out,yes,216437,,
Nonsense,1870,N/A,out,yes,216593,,
Nonsense,1871,N/A,out,yes,216721,,
Nonsense,1872,N/A,out,yes,216849,,
Nonsense,1873,N/A,out,yes,216920,,
Nonsense,1874,N/A,out,yes,217034,,
Nonsense,1875,N/A,out,yes,217163,,
Nonsense,1876,N/A,out,yes,217276,,
Nonsense,1877,N/A,out,yes,217363,,
Nonsense,1878,N/A,out,yes,217500,,
Nonsense,1879,N/A,out,yes,217628,,
Nonsense,1880,N/A,out,yes,217815,,
Nonsense,1881,N/A,out,yes,217978,,
Nonsense,1882,N/A,out,yes,218106,,
Nonsense,1883,N/A,out,yes,218269,,
Nonsense,1884,N/A,out,yes,218397,,
Nonsense,1885,N/A,out,yes,218553,,
Nonsense,1886,N/A,out,yes,218682,,
Nonsense,1887,N/A,out,yes,218753,,
Nonsense,1888,N/A,out,yes,218868,,
Nonsense,1889,N/A,out,yes,218983,,
Nonsense,1890,N/A,out,yes,219096,,
Nonsense,1891,N/A,out,yes,219209,,
Nonsense,1892,N/A,out,yes,219337,,
Nonsense,1893,N/A,out,yes,219441,,
Nonsense,1894,N/A,out,yes,219554,,
Nonsense,1895,N/A,out,yes,219669,,
Nonsense,1896,N/A,out,yes,219784,,
Nonsense,1897,N/A,out,yes,219897,,
Nonsense,1898,N/A,out,yes,220026,,
Nonsense,1899,N/A,out,yes,220154,,
Nonsense,1900,N/A,out,yes,220283,,
Nonsense,1901,N/A,out,yes,220396,,
Nonsense,1902,N/A,out,yes,220467,,
Nonsense,1903,N/A,out,yes,220554,,
Nonsense,1904,N/A,out,yes,220667,,
Nonsense,1905,N/A,out,yes,220764,,
Nonsense,1906,N/A,out,yes,220893,,
Nonsense,1907,N/A,out,yes,220990,,
Nonsense,1908,N/A,out,yes,221147,,
Nonsense,1909,N/A,out,yes,221262,,
Nonsense,1910,N/A,out,yes,221391,,
Nonsense,1911,N/A,out,yes,221547,,
Nonsense,1912,N/A,out,yes,221675,,
Nonsense,1913,N/A,out,yes,221788,,
Nonsense,1914,N/A,out,yes,221917,,
Nonsense,1915,N/A,out,yes,222046,,
Nonsense,1916,N/A,out,yes,222159,,
Nonsense,1917,N/A,out,yes,222274,,
Nonsense,1918,N/A,out,yes,222430,,
Nonsense,1919,N/A,out,yes,222559,,
Nonsense,1920,N/A,out,yes,222672,,
Nonsense,1921,N/A,out,yes,222801,,
Nonsense,1922,N/A,out,yes,222929,,
Nonsense,1923,N/A,out,yes,223057,,
Nonsense,1924,N/A,out,yes,223185,,
Nonsense,1925,N/A,out,yes,223314,,
Nonsense,1926,N/A,out,yes,223443,,
Nonsense,1927,N/A,out,yes,223556,,
Nonsense,1928,N/A,out,yes,223671,,
Nonsense,1929,N/A,out,yes,223742,,
Nonsense,1930,N/A,out,yes,223841,,
Nonsense,1931,N/A,out,yes,223997,,
Nonsense,1932,N/A,out,yes,224153,,
Nonsense,1933,N/A,out,yes,224281,,
Nonsense,1934,N/A,out,yes,224352,,
Nonsense,1935,N/A,out,yes,224481,,
Nonsense,1936,N/A,out,yes,224539,,
Nonsense,1937,N/A,out,yes,224652,,
Nonsense,1938,N/A,out,yes,224739,,
Nonsense,1939,N/A,out,yes,224868,,
Nonsense,1940,N/A,out,yes,224983,,
Nonsense,1941,N/A,out,yes,225040,,
Nonsense,1942,N/A,out,yes,225111,,
Nonsense,1943,N/A,out,yes,225182,,
Nonsense,1944,N/A,out,yes,225313,,
Nonsense,1945,N/A,out,yes,225384,,
Nonsense,1946,N/A,out,yes,225484,,
Nonsense,1947,N/A,out,yes,225613,,
Nonsense,1948,N/A,out,yes,225710,,
Nonsense,1949,N/A,out,yes,225811,,
Nonsense,1950,N/A,out,yes,225939,,
Nonsense,1951,N/A,out,yes,226052,,
Nonsense,1952,N/A,out,yes,226180,,
Nonsense,1953,N/A,out,yes,226294,,
Nonsense,1954,N/A,out,yes,226381,,
Nonsense,1955,N/A,out,yes,226509,,
Nonsense,1956,N/A,out,yes,226665,,
Nonsense,1957,N/A,out,yes,226851,,
Nonsense,1958,N/A,out,yes,227007,,
Nonsense,1959,N/A,out,yes,227136,,
Nonsense,1960,N/A,out,yes,227250,,
Nonsense,1961,N/A,out,yes,227379,,
Nonsense,1962,N/A,out,yes,227466,,
Nonsense,1963,N/A,out,yes,227594,,
Nonsense,1964,N/A,out,yes,227741,,
Nonsense,1965,N/A,out,yes,227812,,
Nonsense,1966,N/A,out,yes,227940,,
Nonsense,1967,N/A,out,yes,228088,,
Nonsense,1968,N/A,out,yes,228244,,
Nonsense,1969,N/A,out,yes,228400,,
Nonsense,1970,N/A,out,yes,228513,,
Nonsense,1971,N/A,out,yes,228627,,
Nonsense,1972,N/A,out,yes,228774,,
Nonsense,1973,N/A,out,yes,228846,,
Nonsense,1974,N/A,out,yes,228974,,
Nonsense,1975,N/A,out,yes,229087,,
Nonsense,1976,N/A,out,yes,229224,,
Nonsense,1977,N/A,out,yes,229325,,
Nonsense,1978,N/A,out,yes,229424,,
Nonsense,1979,N/A,out,yes,229580,,
Nonsense,1980,N/A,out,yes,229710,,
Nonsense,1981,N/A,out,yes,229839,,
Nonsense,1982,N/A,out,yes,229940,,
Nonsense,1983,N/A,out,yes,230071,,
Nonsense,1984,N/A,out,yes,230202,,
Nonsense,1985,N/A,out,yes,230301,,
Nonsense,1986,N/A,out,yes,230432,,
Nonsense,1987,N/A,out,yes,230533,,
Nonsense,1988,N/A,out,yes,230663,,
Nonsense,1989,N/A,out,yes,230778,,
Nonsense,1990,N/A,out,yes,230909,,
Nonsense,1991,N/A,out,yes,231006,,
Nonsense,1992,N/A,out,yes,231119,,
Nonsense,1993,N/A,out,yes,231248,,
Nonsense,1994,N/A,out,yes,231361,,
Nonsense,1995,N/A,out,yes,231448,,
Nonsense,1996,N/A,out,yes,231612,,
Nonsense,1997,N/A,out,yes,231711,,
Nonsense,1998,N/A,out,yes,231808,,
Nonsense,1999,N/A,out,yes,231895,,
Nonsense,2000,N/A,out,yes,231996,,
Nonsense,2001,N/A,out,yes,232159,,
Nonsense,2002,N/A,out,yes,232272,,
Nonsense,2003,N/A,out,yes,232373,,
Nonsense,2004,N/A,out,yes,232502,,
Nonsense,2005,N/A,out,yes,232616,,
Nonsense,2006,N/A,out,yes,232717,,
Nonsense,2007,N/A,out,yes,232854,,
Nonsense,2008,N/A,out,yes,232953,,
Nonsense,2009,N/A,out,yes,233040,,
Nonsense,2010,N/A,out,yes,233168,,
Nonsense,2011,N/A,out,yes,233239,,
Nonsense,2012,N/A,out,yes,233353,,
Nonsense,2013,N/A,out,yes,233466,,
Nonsense,2014,N/A,out,yes,233595,,
Nonsense,2015,N/A,out,yes,233694,,
Nonsense,2016,N/A,out,yes,233823,,
Nonsense,2017,N/A,out,yes,233951,,
Nonsense,2018,N/A,out,yes,234064,,
Nonsense,2019,N/A,out,yes,234178,,
Nonsense,2020,N/A,out,yes,234292,,
Nonsense,2021,N/A,out,yes,234363,,
Nonsense,2022,N/A,out,yes,234460,,
Nonsense,2023,N/A,out,yes,234575,,
Nonsense,2024,N/A,out,yes,234688,,
Nonsense,2025,N/A,out,yes,234791,,
Nonsense,2026,N/A,out,yes,234862,,
Nonsense,2027,N/A,out,yes,234991,,
Nonsense,2028,N/A,out,yes,235106,,
Nonsense,2029,N/A,out,yes,235253,,
Nonsense,2030,N/A,out,yes,235382,,
Nonsense,2031,N/A,out,yes,235497,,
Nonsense,2032,N/A,out,yes,235610,,
Nonsense,2033,N/A,out,yes,235757,,
Nonsense,2034,N/A,out,yes,235886,,
Nonsense,2035,N/A,out,yes,236014,,
Nonsense,2036,N/A,out,yes,236143,,
Nonsense,2037,N/A,out,yes,236272,,
Nonsense,2038,N/A,out,yes,236359,,
Nonsense,2039,N/A,out,yes,236472,,
Nonsense,2040,N/A,out,yes,236600,,
Nonsense,2041,N/A,out,yes,236714,,
Nonsense,2042,N/A,out,yes,236828,,
Nonsense,2043,N/A,out,yes,236956,,
Nonsense,2044,N/A,out,yes,237071,,
Nonsense,2045,N/A,out,yes,237158,,
Nonsense,2046,N/A,out,yes,237271,,
Nonsense,2047,N/A,out,yes,237399,,
Nonsense,2048,N/A,out,yes,237527,,
Nonsense,2049,N/A,out,yes,237615,,
Nonsense,2050,N/A,out,yes,237702,,
Nonsense,2051,N/A,out,yes,237759,,
Nonsense,2052,N/A,out,yes,237915,,
Nonsense,2053,N/A,out,yes,238028,,
Nonsense,2054,N/A,out,yes,238143,,
Nonsense,2055,N/A,out,yes,238256,,
Nonsense,2056,N/A,out,yes,238370,,
Nonsense,2057,N/A,out,yes,238507,,
Nonsense,2058,N/A,out,yes,238594,,
Nonsense,2059,N/A,out,yes,238722,,
Nonsense,2060,N/A,out,yes,238850,,
Nonsense,2061,N/A,out,yes,238951,,
Nonsense,2062,N/A,out,yes,239022,,
Nonsense,2063,N/A,out,yes,239093,,
Nonsense,2064,N/A,out,yes,239207,,
Nonsense,2065,N/A,out,yes,239335,,
Nonsense,2066,N/A,out,yes,239422,,
Nonsense,2067,N/A,out,yes,239493,,
Nonsense,2068,N/A,out,yes,239594,,
Nonsense,2069,N/A,out,yes,239691,,
Nonsense,2070,N/A,out,yes,239790,,
Nonsense,2071,N/A,out,yes,239919,,
Nonsense,2072,N/A,out,yes,240076,,
Nonsense,2073,N/A,out,yes,240175,,
Nonsense,2074,N/A,out,yes,240303,,
Nonsense,2075,N/A,out,yes,240416,,
Nonsense,2076,N/A,out,yes,240544,,
Nonsense,2077,N/A,out,yes,240673,,
Nonsense,2078,N/A,out,yes,240744,,
Nonsense,2079,N/A,out,yes,240858,,
Nonsense,2080,N/A,out,yes,240945,,
Nonsense,2081,N/A,out,yes,241073,,
Nonsense,2082,N/A,out,yes,241186,,
Nonsense,2083,N/A,out,yes,241301,,
Nonsense,2084,N/A,out,yes,241448,,
Nonsense,2085,N/A,out,yes,241576,,
Nonsense,2086,N/A,out,yes,241763,,
Nonsense,2087,N/A,out,yes,241892,,
Nonsense,2088,N/A,out,yes,242020,,
Nonsense,2089,N/A,out,yes,242119,,
Nonsense,2090,N/A,out,yes,242233,,
Nonsense,2091,N/A,out,yes,242361,,
Nonsense,2092,N/A,out,yes,242492,,
Nonsense,2093,N/A,out,yes,242656,,
Nonsense,2094,N/A,out,yes,242784,,
Nonsense,2095,N/A,out,yes,242899,,
Nonsense,2096,N/A,out,yes,243055,,
Nonsense,2097,N/A,out,yes,243183,,
Nonsense,2098,N/A,out,yes,243240,,
Nonsense,2099,N/A,out,yes,243397,,
Nonsense,2100,N/A,out,yes,243544,,
Nonsense,2101,N/A,out,yes,243659,,
Nonsense,2102,N/A,out,yes,243815,,
Nonsense,2103,N/A,out,yes,243902,,
Nonsense,2104,N/A,out,yes,244001,,
Nonsense,2105,N/A,out,yes,244130,,
Nonsense,2106,N/A,out,yes,244258,,
Nonsense,2107,N/A,out,yes,244445,,
Nonsense,2108,N/A,out,yes,244601,,
Nonsense,2109,N/A,out,yes,244757,,
Nonsense,2110,N/A,out,yes,244904,,
Nonsense,2111,N/A,out,yes,245041,,
Nonsense,2112,N/A,out,yes,245205,,
Nonsense,2113,N/A,out,yes,245320,,
Nonsense,2114,N/A,out,yes,245433,,
Nonsense,2115,N/A,out,yes,245561,,
Nonsense,2116,N/A,out,yes,245674,,
Nonsense,2117,N/A,out,yes,245821,,
Nonsense,2118,N/A,out,yes,245935,,
Nonsense,2119,N/A,out,yes,246064,,
Nonsense,2120,N/A,out,yes,246250,,
Nonsense,2121,N/A,out,yes,246363,,
Nonsense,2122,N/A,out,yes,246464,,
Nonsense,2123,N/A,out,yes,246593,,
Nonsense,2124,N/A,out,yes,246664,,
Nonsense,2125,N/A,out,yes,246793,,
Nonsense,2126,N/A,out,yes,246922,,
Nonsense,2127,N/A,out,yes,247069,,
Nonsense,2128,N/A,out,yes,247182,,
Nonsense,2129,N/A,out,yes,247338,,
Nonsense,2130,N/A,out,yes,247466,,
Nonsense,2131,N/A,out,yes,247567,,
Nonsense,2132,N/A,out,yes,247696,,
Nonsense,2133,N/A,out,yes,247809,,
Nonsense,2134,N/A,out,yes,247906,,
Nonsense,2135,N/A,out,yes,248035,,
Nonsense,2136,N/A,out,yes,248149,,
Nonsense,2137,N/A,out,yes,248335,,
Nonsense,2138,N/A,out,yes,248464,,
Nonsense,2139,N/A,out,yes,248601,,
Nonsense,2140,N/A,out,yes,248672,,
Nonsense,2141,N/A,out,yes,248801,,
Nonsense,2142,N/A,out,yes,248964,,
Nonsense,2143,N/A,out,yes,249092,,
Nonsense,2144,N/A,out,yes,249278,,
Nonsense,2145,N/A,out,yes,249441,,
Nonsense,2146,N/A,out,yes,249555,,
Nonsense,2147,N/A,out,yes,249683,,
Nonsense,2148,N/A,out,yes,249812,,
Nonsense,2149,N/A,out,yes,249925,,
Nonsense,2150,N/A,out,yes,250053,,
Nonsense,2151,N/A,out,yes,250168,,
Nonsense,2152,N/A,out,yes,250225,,
Nonsense,2153,N/A,out,yes,250339,,
Nonsense,2154,N/A,out,yes,250396,,
Nonsense,2155,N/A,out,yes,250524,,
Nonsense,2156,N/A,out,yes,250680,,
Nonsense,2157,N/A,out,yes,250808,,
Nonsense,2158,N/A,out,yes,250909,,
Nonsense,2159,N/A,out,yes,251008,,
Nonsense,2160,N/A,out,yes,251107,,
Nonsense,2161,N/A,out,yes,251264,,
Nonsense,2162,N/A,out,yes,251365,,
Nonsense,2163,N/A,out,yes,251478,,
Nonsense,2164,N/A,out,yes,251592,,
Nonsense,2165,N/A,out,yes,251663,,
Nonsense,2166,N/A,out,yes,251764,,
Nonsense,2167,N/A,out,yes,251821,,
Nonsense,2168,N/A,out,yes,251950,,
Nonsense,2169,N/A,out,yes,252079,,
Nonsense,2170,N/A,out,yes,252193,,
Nonsense,2171,N/A,out,yes,252306,,
Nonsense,2172,N/A,out,yes,252434,,
Nonsense,2173,N/A,out,yes,252562,,
Nonsense,2174,N/A,out,yes,252649,,
Nonsense,2175,N/A,out,yes,252736,,
Nonsense,2176,N/A,out,yes,252865,,
Nonsense,2177,N/A,out,yes,252966,,
Nonsense,2178,N/A,out,yes,253081,,
Nonsense,2179,N/A,out,yes,253152,,
Nonsense,2180,N/A,out,yes,253239,,
Nonsense,2181,N/A,out,yes,253352,,
Nonsense,2182,N/A,out,yes,253465,,
Nonsense,2183,N/A,out,yes,253593,,
Nonsense,2184,N/A,out,yes,253723,,
Nonsense,2185,N/A,out,yes,253851,,
Nonsense,2186,N/A,out,yes,253964,,
Nonsense,2187,N/A,out,yes,254021,,
Nonsense,2188,N/A,out,yes,254108,,
Nonsense,2189,N/A,out,yes,254221,,
Nonsense,2190,N/A,out,yes,254335,,
Nonsense,2191,N/A,out,yes,254449,,
Nonsense,2192,N/A,out,yes,254605,,
Nonsense,2193,N/A,out,yes,254791,,
Nonsense,2194,N/A,out,yes,254919,,
Nonsense,2195,N/A,out,yes,255048,,
Nonsense,2196,N/A,out,yes,255147,,
Nonsense,2197,N/A,out,yes,255250,,
Nonsense,2198,N/A,out,yes,255379,,
Nonsense,2199,N/A,out,yes,255507,,
Nonsense,2200,N/A,out,yes,255620,,
Nonsense,2201,N/A,out,yes,255707,,
Nonsense,2202,N/A,out,yes,255822,,
Nonsense,2203,N/A,out,yes,255978,,
Nonsense,2204,N/A,out,yes,256107,,
Nonsense,2205,N/A,out,yes,256235,,
Nonsense,2206,N/A,out,yes,256391,,
Nonsense,2207,N/A,out,yes,256504,,
Nonsense,2208,N/A,out,yes,256633,,
Nonsense,2209,N/A,out,yes,256762,,
Nonsense,2210,N/A,out,yes,256890,,
Nonsense,2211,N/A,out,yes,257019,,
Nonsense,2212,N/A,out,yes,257133,,
Nonsense,2213,N/A,out,yes,257246,,
Nonsense,2214,N/A,out,yes,257359,,
Nonsense,2215,N/A,out,yes,257446,,
Nonsense,2216,N/A,out,yes,257575,,
Nonsense,2217,N/A,out,yes,257722,,
Nonsense,2218,N/A,out,yes,257851,,
Nonsense,2219,N/A,out,yes,258007,,
Nonsense,2220,N/A,out,yes,258122,,
Nonsense,2221,N/A,out,yes,258235,,
Nonsense,2222,N/A,out,yes,258349,,
Nonsense,2223,N/A,out,yes,258478,,
Nonsense,2224,N/A,out,yes,258625,,
Nonsense,2225,N/A,out,yes,258724,,
Nonsense,2226,N/A,out,yes,258838,,
Nonsense,2227,N/A,out,yes,259024,,
Nonsense,2228,N/A,out,yes,259137,,
Nonsense,2229,N/A,out,yes,259266,,
Nonsense,2230,N/A,out,yes,259395,,
Nonsense,2231,N/A,out,yes,259466,,
Nonsense,2232,N/A,out,yes,259581,,
Nonsense,2233,N/A,out,yes,259695,,
Nonsense,2234,N/A,out,yes,259809,,
Nonsense,2235,N/A,out,yes,259880,,
Nonsense,2236,N/A,out,yes,259967,,
Nonsense,2237,N/A,out,yes,260080,,
Nonsense,2238,N/A,out,yes,260177,,
Nonsense,2239,N/A,out,yes,260290,,
Nonsense,2240,N/A,out,yes,260419,,
Nonsense,2241,N/A,out,yes,260516,,
Nonsense,2242,N/A,out,yes,260574,,
Nonsense,2243,N/A,out,yes,260702,,
Nonsense,2244,N/A,out,yes,260831,,
Nonsense,2245,N/A,out,yes,260959,,
Nonsense,2246,N/A,out,yes,261087,,
Nonsense,2247,N/A,out,yes,261200,,
Nonsense,2248,N/A,out,yes,261329,,
Nonsense,2249,N/A,out,yes,261458,,
Nonsense,2250,N/A,out,yes,261586,,
Nonsense,2251,N/A,out,yes,261699,,
Nonsense,2252,N/A,out,yes,261828,,
Nonsense,2253,N/A,out,yes,261956,,
Nonsense,2254,N/A,out,yes,262055,,
Nonsense,2255,N/A,out,yes,262184,,
Nonsense,2256,N/A,out,yes,262297,,
Nonsense,2257,N/A,out,yes,262410,,
Nonsense,2258,N/A,out,yes,262509,,
Nonsense,2259,N/A,out,yes,262638,,
Nonsense,2260,N/A,out,yes,262767,,
Nonsense,2261,N/A,out,yes,262880,,
Nonsense,2262,N/A,out,yes,262977,,
Nonsense,2263,N/A,out,yes,263091,,
Nonsense,2264,N/A,out,yes,263247,,
Nonsense,2265,N/A,out,yes,263375,,
Nonsense,2266,N/A,out,yes,263432,,
Nonsense,2267,N/A,out,yes,263545,,
Nonsense,2268,N/A,out,yes,263658,,
Nonsense,2269,N/A,out,yes,263787,,
Nonsense,2270,N/A,out,yes,263915,,
Nonsense,2271,N/A,out,yes,264028,,
Nonsense,2272,N/A,out,yes,264142,,
Nonsense,2273,N/A,out,yes,264271,,
Nonsense,2274,N/A,out,yes,264372,,
Nonsense,2275,N/A,out,yes,264429,,
Nonsense,2276,N/A,out,yes,264486,,
Nonsense,2277,N/A,out,yes,264583,,
Nonsense,2278,N/A,out,yes,264683,,
Nonsense,2279,N/A,out,yes,264796,,
Nonsense,2280,N/A,out,yes,264895,,
Nonsense,2281,N/A,out,yes,264982,,
Nonsense,2282,N/A,out,yes,265053,,
Nonsense,2283,N/A,out,yes,265150,,
Nonsense,2284,N/A,out,yes,265263,,
Nonsense,2285,N/A,out,yes,265350,,
Nonsense,2286,N/A,out,yes,265447,,
Nonsense,2287,N/A,out,yes,265577,,
Nonsense,2288,N/A,out,yes,265706,,
Nonsense,2289,N/A,out,yes,265834,,
Nonsense,2290,N/A,out,yes,265949,,
Nonsense,2291,N/A,out,yes,266077,,
Nonsense,2292,N/A,out,yes,266190,,
Nonsense,2293,N/A,out,yes,266319,,
Nonsense,2294,N/A,out,yes,266433,,
Nonsense,2295,N/A,out,yes,266562,,
Nonsense,2296,N/A,out,yes,266675,,
Nonsense,2297,N/A,out,yes,266803,,
Nonsense,2298,N/A,out,yes,266931,,
Nonsense,2299,N/A,out,yes,267032,,
Nonsense,2300,N/A,out,yes,267146,,
Nonsense,2301,N/A,out,yes,267260,,
Nonsense,2302,N/A,out,yes,267388,,
Nonsense,2303,N/A,out,yes,267574,,
Nonsense,2304,N/A,out,yes,267687,,
Nonsense,2305,N/A,out,yes,267815,,
Nonsense,2306,N/A,out,yes,267914,,
Nonsense,2307,N/A,out,yes,268001,,
Nonsense,2308,N/A,out,yes,268158,,
Nonsense,2309,N/A,out,yes,268229,,
Nonsense,2310,N/A,out,yes,268342,,
Nonsense,2311,N/A,out,yes,268439,,
Nonsense,2312,N/A,out,yes,268568,,
Nonsense,2313,N/A,out,yes,268696,,
Nonsense,2314,N/A,out,yes,268824,,
Nonsense,2315,N/A,out,yes,268882,,
Nonsense,2316,N/A,out,yes,269011,,
Nonsense,2317,N/A,out,yes,269124,,
Nonsense,2318,N/A,out,yes,269253,,
Nonsense,2319,N/A,out,yes,269324,,
Nonsense,2320,N/A,out,yes,269452,,
Nonsense,2321,N/A,out,yes,269565,,
Nonsense,2322,N/A,out,yes,269694,,
Nonsense,2323,N/A,out,yes,269809,,
Nonsense,2324,N/A,out,yes,269922,,
Nonsense,2325,N/A,out,yes,269979,,
Nonsense,2326,N/A,out,yes,270107,,
Nonsense,2327,N/A,out,yes,270220,,
Nonsense,2328,N/A,out,yes,270349,,
Nonsense,2329,N/A,out,yes,270477,,
Nonsense,2330,N/A,out,yes,270606,,
Nonsense,2331,N/A,out,yes,270719,,
Nonsense,2332,N/A,out,yes,270848,,
Nonsense,2333,N/A,out,yes,270963,,
Nonsense,2334,N/A,out,yes,271076,,
Nonsense,2335,N/A,out,yes,271205,,
Nonsense,2336,N/A,out,yes,271334,,
Nonsense,2337,N/A,out,yes,271463,,
Nonsense,2338,N/A,out,yes,271576,,
Nonsense,2339,N/A,out,yes,271690,,
Nonsense,2340,N/A,out,yes,271827,,
Nonsense,2341,N/A,out,yes,271940,,
Nonsense,2342,N/A,out,yes,272053,,
Nonsense,2343,N/A,out,yes,272167,,
Nonsense,2344,N/A,out,yes,272353,,
Nonsense,2345,N/A,out,yes,272466,,
Nonsense,2346,N/A,out,yes,272553,,
Nonsense,2347,N/A,out,yes,272650,,
Nonsense,2348,N/A,out,yes,272763,,
Nonsense,2349,N/A,out,yes,272919,,
Nonsense,2350,N/A,out,yes,273034,,
Nonsense,2351,N/A,out,yes,273162,,
Nonsense,2352,N/A,out,yes,273275,,
Nonsense,2353,N/A,out,yes,273404,,
Nonsense,2354,N/A,out,yes,273517,,
Nonsense,2355,N/A,out,yes,273680,,
Nonsense,2356,N/A,out,yes,273794,,
Nonsense,2357,N/A,out,yes,273923,,
Nonsense,2358,N/A,out,yes,274020,,
Nonsense,2359,N/A,out,yes,274134,,
Nonsense,2360,N/A,out,yes,274262,,
Nonsense,2361,N/A,out,yes,274391,,
Nonsense,2362,N/A,out,yes,274448,,
Nonsense,2363,N/A,out,yes,274545,,
Nonsense,2364,N/A,out,yes,274692,,
Nonsense,2365,N/A,out,yes,274808,,
Nonsense,2366,N/A,out,yes,274907,,
Nonsense,2367,N/A,out,yes,275035,,
Nonsense,2368,N/A,out,yes,275164,,
Nonsense,2369,N/A,out,yes,275265,,
Nonsense,2370,N/A,out,yes,275394,,
Nonsense,2371,N/A,out,yes,275507,,
Nonsense,2372,N/A,out,yes,275578,,
Nonsense,2373,N/A,out,yes,275677,,
Nonsense,2374,N/A,out,yes,275806,,
Nonsense,2375,N/A,out,yes,275877,,
Nonsense,2376,N/A,out,yes,276005,,
Nonsense,2377,N/A,out,yes,276133,,
Nonsense,2378,N/A,out,yes,276230,,
Nonsense,2379,N/A,out,yes,276345,,
Nonsense,2380,N/A,out,yes,276444,,
Nonsense,2381,N/A,out,yes,276573,,
Nonsense,2382,N/A,out,yes,276702,,
Nonsense,2383,N/A,out,yes,276816,,
Nonsense,2384,N/A,out,yes,276929,,
Nonsense,2385,N/A,out,yes,277016,,
Nonsense,2386,N/A,out,yes,277144,,
Nonsense,2387,N/A,out,yes,277201,,
Nonsense,2388,N/A,out,yes,277329,,
Nonsense,2389,N/A,out,yes,277467,,
Nonsense,2390,N/A,out,yes,277580,,
Nonsense,2391,N/A,out,yes,277743,,
Nonsense,2392,N/A,out,yes,277871,,
Nonsense,2393,N/A,out,yes,278000,,
Nonsense,2394,N/A,out,yes,278128,,
Nonsense,2395,N/A,out,yes,278225,,
Nonsense,2396,N/A,out,yes,278297,,
Nonsense,2397,N/A,out,yes,278398,,
Nonsense,2398,N/A,out,yes,278526,,
Nonsense,2399,N/A,out,yes,278623,,
Nonsense,2400,N/A,out,yes,278722,,
Nonsense,2401,N/A,out,yes,278850,,
Nonsense,2402,N/A,out,yes,279006,,
Nonsense,2403,N/A,out,yes,279135,,
Nonsense,2404,N/A,out,yes,279248,,
Nonsense,2405,N/A,out,yes,279377,,
Nonsense,2406,N/A,out,yes,279492,,
Nonsense,2407,N/A,out,yes,279605,,
Nonsense,2408,N/A,out,yes,279692,,
Nonsense,2409,N/A,out,yes,279779,,
Nonsense,2410,N/A,out,yes,279908,,
Nonsense,2411,N/A,out,yes,280095,,
Nonsense,2412,N/A,out,yes,280223,,
Nonsense,2413,N/A,out,yes,280294,,
Nonsense,2414,N/A,out,yes,280393,,
Nonsense,2415,N/A,out,yes,280507,,
Nonsense,2416,N/A,out,yes,280663,,
Nonsense,2417,N/A,out,yes,280776,,
Nonsense,2418,N/A,out,yes,280890,,
Nonsense,2419,N/A,out,yes,281018,,
Nonsense,2420,N/A,out,yes,281147,,
Nonsense,2421,N/A,out,yes,281260,,
Nonsense,2422,N/A,out,yes,281416,,
Nonsense,2423,N/A,out,yes,281487,,
Nonsense,2424,N/A,out,yes,281615,,
Nonsense,2425,N/A,out,yes,281744,,
Nonsense,2426,N/A,out,yes,281841,,
Nonsense,2427,N/A,out,yes,281956,,
Nonsense,2428,N/A,out,yes,282069,,
Nonsense,2429,N/A,out,yes,282140,,
Nonsense,2430,N/A,out,yes,282237,,
Nonsense,2431,N/A,out,yes,282294,,
Nonsense,2432,N/A,out,yes,282407,,
Nonsense,2433,N/A,out,yes,282509,,
Nonsense,2434,N/A,out,yes,282610,,
Nonsense,2435,N/A,out,yes,282723,,
Nonsense,2436,N/A,out,yes,282780,,
Nonsense,2437,N/A,out,yes,282851,,
Nonsense,2438,N/A,out,yes,282938,,
Nonsense,2439,N/A,out,yes,283035,,
Nonsense,2440,N/A,out,yes,283136,,
Nonsense,2441,N/A,out,yes,283264,,
Nonsense,2442,N/A,out,yes,283365,,
Nonsense,2443,N/A,out,yes,283465,,
Nonsense,2444,N/A,out,yes,283566,,
Nonsense,2445,N/A,out,yes,283679,,
Nonsense,2446,N/A,out,yes,283778,,
Nonsense,2447,N/A,out,yes,283879,,
Nonsense,2448,N/A,out,yes,284007,,
Nonsense,2449,N/A,out,yes,284104,,
Nonsense,2450,N/A,out,yes,284203,,
Nonsense,2451,N/A,out,yes,284302,,
Nonsense,2452,N/A,out,yes,284404,,
Nonsense,2453,N/A,out,yes,284532,,
Nonsense,2454,N/A,out,yes,284661,,
Nonsense,2455,N/A,out,yes,284762,,
Nonsense,2456,N/A,out,yes,284833,,
Nonsense,2457,N/A,out,yes,284946,,
Nonsense,2458,N/A,out,yes,285033,,
Nonsense,2459,N/A,out,yes,285161,,
Nonsense,2460,N/A,out,yes,285275,,
Nonsense,2461,N/A,out,yes,285404,,
Nonsense,2462,N/A,out,yes,285535,,
Nonsense,2463,N/A,out,yes,285632,,
Nonsense,2464,N/A,out,yes,285719,,
Nonsense,2465,N/A,out,yes,285806,,
Nonsense,2466,N/A,out,yes,285919,,
Nonsense,2467,N/A,out,yes,286050,,
Nonsense,2468,N/A,out,yes,286164,,
Nonsense,2469,N/A,out,yes,286293,,
Nonsense,2470,N/A,out,yes,286392,,
Nonsense,2471,N/A,out,yes,286489,,
Nonsense,2472,N/A,out,yes,286560,,
Nonsense,2473,N/A,out,yes,286673,,
Nonsense,2474,N/A,out,yes,286744,,
Nonsense,2475,N/A,out,yes,286859,,
Nonsense,2476,N/A,out,yes,287007,,
Nonsense,2477,N/A,out,yes,287121,,
Nonsense,2478,N/A,out,yes,287277,,
Nonsense,2479,N/A,out,yes,287348,,
Nonsense,2480,N/A,out,yes,287534,,
Nonsense,2481,N/A,out,yes,287635,,
Nonsense,2482,N/A,out,yes,287764,,
Nonsense,2483,N/A,out,yes,287877,,
Nonsense,2484,N/A,out,yes,287979,,
Nonsense,2485,N/A,out,yes,288094,,
Nonsense,2486,N/A,out,yes,288280,,
Nonsense,2487,N/A,out,yes,288393,,
Nonsense,2488,N/A,out,yes,288480,,
Nonsense,2489,N/A,out,yes,288593,,
Nonsense,2490,N/A,out,yes,288706,,
Nonsense,2491,N/A,out,yes,288822,,
Nonsense,2492,N/A,out,yes,288950,,
Nonsense,2493,N/A,out,yes,289049,,
Nonsense,2494,N/A,out,yes,289162,,
Nonsense,2495,N/A,out,yes,289290,,
Nonsense,2496,N/A,out,yes,289377,,
Nonsense,2497,N/A,out,yes,289505,,
Nonsense,2498,N/A,out,yes,289662,,
Nonsense,2499,N/A,out,yes,289761,,
Nonsense,2500,N/A,out,yes,289892,,
Nonsense,2501,N/A,out,yes,289991,,
Nonsense,2502,N/A,out,yes,290048,,
Nonsense,2503,N/A,out,yes,290163,,
Nonsense,2504,N/A,out,yes,290276,,
Nonsense,2505,N/A,out,yes,290405,,
Nonsense,2506,N/A,out,yes,290520,,
Nonsense,2507,N/A,out,yes,290634,,
Nonsense,2508,N/A,out,yes,290748,,
Nonsense,2509,N/A,out,yes,290877,,
Nonsense,2510,N/A,out,yes,291008,,
Nonsense,2511,N/A,out,yes,291121,,
Nonsense,2512,N/A,out,yes,291234,,
Nonsense,2513,N/A,out,yes,291363,,
Nonsense,2514,N/A,out,yes,291491,,
Nonsense,2515,N/A,out,yes,291619,,
Nonsense,2516,N/A,out,yes,291690,,
Nonsense,2517,N/A,out,yes,291791,,
Nonsense,2518,N/A,out,yes,291922,,
Nonsense,2519,N/A,out,yes,292050,,
Nonsense,2520,N/A,out,yes,292166,,
Nonsense,2521,N/A,out,yes,292279,,
Nonsense,2522,N/A,out,yes,292408,,
Nonsense,2523,N/A,out,yes,292536,,
Nonsense,2524,N/A,out,yes,292692,,
Nonsense,2525,N/A,out,yes,292848,,
Nonsense,2526,N/A,out,yes,292945,,
Nonsense,2527,N/A,out,yes,293074,,
Nonsense,2528,N/A,out,yes,293187,,
Nonsense,2529,N/A,out,yes,293316,,
Nonsense,2530,N/A,out,yes,293445,,
Nonsense,2531,N/A,out,yes,293558,,
Nonsense,2532,N/A,out,yes,293671,,
Nonsense,2533,N/A,out,yes,293772,,
Nonsense,2534,N/A,out,yes,293844,,
Nonsense,2535,N/A,out,yes,293915,,
Nonsense,2536,N/A,out,yes,294043,,
Nonsense,2537,N/A,out,yes,294157,,
Nonsense,2538,N/A,out,yes,294270,,
Nonsense,2539,N/A,out,yes,294398,,
Nonsense,2540,N/A,out,yes,294512,,
Nonsense,2541,N/A,out,yes,294641,,
Nonsense,2542,N/A,out,yes,294742,,
Nonsense,2543,N/A,out,yes,294829,,
Nonsense,2544,N/A,out,yes,294943,,
Nonsense,2545,N/A,out,yes,295071,,
Nonsense,2546,N/A,out,yes,295200,,
Nonsense,2547,N/A,out,yes,295271,,
Nonsense,2548,N/A,out,yes,295427,,
Nonsense,2549,N/A,out,yes,295528,,
Nonsense,2550,N/A,out,yes,295642,,
Nonsense,2551,N/A,out,yes,295755,,
Nonsense,2552,N/A,out,yes,295856,,
Nonsense,2553,N/A,out,yes,295971,,
Nonsense,2554,N/A,out,yes,296127,,
Nonsense,2555,N/A,out,yes,296240,,
Nonsense,2556,N/A,out,yes,296369,,
Nonsense,2557,N/A,out,yes,296526,,
Nonsense,2558,N/A,out,yes,296639,,
Nonsense,2559,N/A,out,yes,296767,,
Nonsense,2560,N/A,out,yes,296881,,
Nonsense,2561,N/A,out,yes,297009,,
Nonsense,2562,N/A,out,yes,297195,,
Nonsense,2563,N/A,out,yes,297311,,
Nonsense,2564,N/A,out,yes,297440,,
Nonsense,2565,N/A,out,yes,297539,,
Nonsense,2566,N/A,out,yes,297667,,
Nonsense,2567,N/A,out,yes,297796,,
Nonsense,2568,N/A,out,yes,297933,,
Nonsense,2569,N/A,out,yes,298046,,
Nonsense,2570,N/A,out,yes,298175,,
Nonsense,2571,N/A,out,yes,298289,,
Nonsense,2572,N/A,out,yes,298445,,
Nonsense,2573,N/A,out,yes,298601,,
Nonsense,2574,N/A,out,yes,298729,,
Nonsense,2575,N/A,out,yes,298857,,
Nonsense,2576,N/A,out,yes,298971,,
Nonsense,2577,N/A,out,yes,299085,,
Nonsense,2578,N/A,out,yes,299214,,
Nonsense,2579,N/A,out,yes,299345,,
Nonsense,2580,N/A,out,yes,299458,,
Nonsense,2581,N/A,out,yes,299586,,
Nonsense,2582,N/A,out,yes,299701,,
Nonsense,2583,N/A,out,yes,299788,,
Nonsense,2584,N/A,out,yes,299889,,
Nonsense,2585,N/A,out,yes,300018,,
Nonsense,2586,N/A,out,yes,300204,,
Nonsense,2587,N/A,out,yes,300317,,
Nonsense,2588,N/A,out,yes,300446,,
Nonsense,2589,N/A,out,yes,300517,,
Nonsense,2590,N/A,out,yes,300645,,
Nonsense,2591,N/A,out,yes,300774,,
Nonsense,2592,N/A,out,yes,300904,,
Nonsense,2593,N/A,out,yes,300975,,
Nonsense,2594,N/A,out,yes,301104,,
Nonsense,2595,N/A,out,yes,301232,,
Nonsense,2596,N/A,out,yes,301331,,
Nonsense,2597,N/A,out,yes,301444,,
Nonsense,2598,N/A,out,yes,301501,,
Nonsense,2599,N/A,out,yes,301629,,
Nonsense,2600,N/A,out,yes,301701,,
Nonsense,2601,N/A,out,yes,301857,,
Nonsense,2602,N/A,out,yes,301928,,
Nonsense,2603,N/A,out,yes,302056,,
Nonsense,2604,N/A,out,yes,302169,,
Nonsense,2605,N/A,out,yes,302298,,
Nonsense,2606,N/A,out,yes,302385,,
Nonsense,2607,N/A,out,yes,302572,,
Nonsense,2608,N/A,out,yes,302700,,
Nonsense,2609,N/A,out,yes,302829,,
Nonsense,2610,N/A,out,yes,302886,,
Nonsense,2611,N/A,out,yes,302983,,
Nonsense,2612,N/A,out,yes,303146,,
Nonsense,2613,N/A,out,yes,303247,,
Nonsense,2614,N/A,out,yes,303346,,
Nonsense,2615,N/A,out,yes,303461,,
Nonsense,2616,N/A,out,yes,303533,,
Nonsense,2617,N/A,out,yes,303646,,
Nonsense,2618,N/A,out,yes,303774,,
Nonsense,2619,N/A,out,yes,303902,,
Nonsense,2620,N/A,out,yes,304030,,
Nonsense,2621,N/A,out,yes,304143,,
Nonsense,2622,N/A,out,yes,304245,,
Nonsense,2623,N/A,out,yes,304374,,
Nonsense,2624,N/A,out,yes,304475,,
Nonsense,2625,N/A,out,yes,304603,,
Nonsense,2626,N/A,out,yes,304731,,
Nonsense,2627,N/A,out,yes,304844,,
Nonsense,2628,N/A,out,yes,304915,,
Nonsense,2629,N/A,out,yes,305044,,
Nonsense,2630,N/A,out,yes,305159,,
Nonsense,2631,N/A,out,yes,305272,,
Nonsense,2632,N/A,out,yes,305428,,
Nonsense,2633,N/A,out,yes,305556,,
Nonsense,2634,N/A,out,yes,305742,,
Nonsense,2635,N/A,out,yes,305871,,
Nonsense,2636,N/A,out,yes,305972,,
Nonsense,2637,N/A,out,yes,306086,,
Nonsense,2638,N/A,out,yes,306185,,
Nonsense,2639,N/A,out,yes,306300,,
Nonsense,2640,N/A,out,yes,306399,,
Nonsense,2641,N/A,out,yes,306470,,
Nonsense,2642,N/A,out,yes,306584,,
Nonsense,2643,N/A,out,yes,306699,,
Nonsense,2644,N/A,out,yes,306812,,
Nonsense,2645,N/A,out,yes,306883,,
Nonsense,2646,N/A,out,yes,306997,,
Nonsense,2647,N/A,out,yes,307125,,
Nonsense,2648,N/A,out,yes,307238,,
Nonsense,2649,N/A,out,yes,307351,,
Nonsense,2650,N/A,out,yes,307507,,
Nonsense,2651,N/A,out,yes,307622,,
Nonsense,2652,N/A,out,yes,307786,,
Nonsense,2653,N/A,out,yes,307873,,
Nonsense,2654,N/A,out,yes,307944,,
Nonsense,2655,N/A,out,yes,308059,,
Nonsense,2656,N/A,out,yes,308174,,
Nonsense,2657,N/A,out,yes,308275,,
Nonsense,2658,N/A,out,yes,308431,,
Nonsense,2659,N/A,out,yes,308559,,
Nonsense,2660,N/A,out,yes,308659,,
Nonsense,2661,N/A,out,yes,308796,,
Nonsense,2662,N/A,out,yes,308927,,
Nonsense,2663,N/A,out,yes,309040,,
Nonsense,2664,N/A,out,yes,309141,,
Nonsense,2665,N/A,out,yes,309270,,
Nonsense,2666,N/A,out,yes,309384,,
Nonsense,2667,N/A,out,yes,309498,,
Nonsense,2668,N/A,out,yes,309612,,
Nonsense,2669,N/A,out,yes,309683,,
Nonsense,2670,N/A,out,yes,309770,,
Nonsense,2671,N/A,out,yes,309956,,
Nonsense,2672,N/A,out,yes,310112,,
Nonsense,2673,N/A,out,yes,310199,,
Nonsense,2674,N/A,out,yes,310312,,
Nonsense,2675,N/A,out,yes,310450,,
Nonsense,2676,N/A,out,yes,310578,,
Nonsense,2677,N/A,out,yes,310734,,
Nonsense,2678,N/A,out,yes,310833,,
Nonsense,2679,N/A,out,yes,310920,,
Nonsense,2680,N/A,out,yes,311049,,
Nonsense,2681,N/A,out,yes,311205,,
Nonsense,2682,N/A,out,yes,311334,,
Nonsense,2683,N/A,out,yes,311406,,
Nonsense,2684,N/A,out,yes,311477,,
Nonsense,2685,N/A,out,yes,311590,,
Nonsense,2686,N/A,out,yes,311719,,
Nonsense,2687,N/A,out,yes,311848,,
Nonsense,2688,N/A,out,yes,311949,,
Nonsense,2689,N/A,out,yes,312086,,
Nonsense,2690,N/A,out,yes,312242,,
Nonsense,2691,N/A,out,yes,312356,,
Nonsense,2692,N/A,out,yes,312469,,
Nonsense,2693,N/A,out,yes,312597,,
Nonsense,2694,N/A,out,yes,312725,,
Nonsense,2695,N/A,out,yes,312872,,
Nonsense,2696,N/A,out,yes,312969,,
Nonsense,2697,N/A,out,yes,313083,,
Nonsense,2698,N/A,out,yes,313198,,
Nonsense,2699,N/A,out,yes,313311,,
Nonsense,2700,N/A,out,yes,313440,,
Nonsense,2701,N/A,out,yes,313568,,
Nonsense,2702,N/A,out,yes,313715,,
Nonsense,2703,N/A,out,yes,313829,,
Nonsense,2704,N/A,out,yes,313900,,
Nonsense,2705,N/A,out,yes,314086,,
Nonsense,2706,N/A,out,yes,314199,,
Nonsense,2707,N/A,out,yes,314300,,
Nonsense,2708,N/A,out,yes,314429,,
Nonsense,2709,N/A,out,yes,314500,,
Nonsense,2710,N/A,out,yes,314629,,
Nonsense,2711,N/A,out,yes,314730,,
Nonsense,2712,N/A,out,yes,314832,,
Nonsense,2713,N/A,out,yes,314903,,
Nonsense,2714,N/A,out,yes,315017,,
Nonsense,2715,N/A,out,yes,315116,,
Nonsense,2716,N/A,out,yes,315229,,
Nonsense,2717,N/A,out,yes,315357,,
Nonsense,2718,N/A,out,yes,315472,,
Nonsense,2719,N/A,out,yes,315543,,
Nonsense,2720,N/A,out,yes,315644,,
Nonsense,2721,N/A,out,yes,315801,,
Nonsense,2722,N/A,out,yes,315929,,
Nonsense,2723,N/A,out,yes,316058,,
Nonsense,2724,N/A,out,yes,316214,,
Nonsense,2725,N/A,out,yes,316327,,
Nonsense,2726,N/A,out,yes,316440,,
Nonsense,2727,N/A,out,yes,316570,,
Nonsense,2728,N/A,out,yes,316685,,
Nonsense,2729,N/A,out,yes,316772,,
Nonsense,2730,N/A,out,yes,316900,,
Nonsense,2731,N/A,out,yes,316957,,
Nonsense,2732,N/A,out,yes,317056,,
Nonsense,2733,N/A,out,yes,317184,,
Nonsense,2734,N/A,out,yes,317313,,
Nonsense,2735,N/A,out,yes,317426,,
Nonsense,2736,N/A,out,yes,317558,,
Nonsense,2737,N/A,out,yes,317686,,
Nonsense,2738,N/A,out,yes,317814,,
Nonsense,2739,N/A,out,yes,318000,,
Nonsense,2740,N/A,out,yes,318128,,
Nonsense,2741,N/A,out,yes,318243,,
Nonsense,2742,N/A,out,yes,318357,,
Nonsense,2743,N/A,out,yes,318485,,
Nonsense,2744,N/A,out,yes,318542,,
Nonsense,2745,N/A,out,yes,318671,,
Nonsense,2746,N/A,out,yes,318784,,
Nonsense,2747,N/A,out,yes,318913,,
Nonsense,2748,N/A,out,yes,318984,,
Nonsense,2749,N/A,out,yes,319122,,
Nonsense,2750,N/A,out,yes,319223,,
Nonsense,2751,N/A,out,yes,319338,,
Nonsense,2752,N/A,out,yes,319437,,
Nonsense,2753,N/A,out,yes,319600,,
Nonsense,2754,N/A,out,yes,319737,,
Nonsense,2755,N/A,out,yes,319851,,
Nonsense,2756,N/A,out,yes,319964,,
Nonsense,2757,N/A,out,yes,320080,,
Nonsense,2758,N/A,out,yes,320209,,
Nonsense,2759,N/A,out,yes,320323,,
Nonsense,2760,N/A,out,yes,320410,,
Nonsense,2761,N/A,out,yes,320538,,
Nonsense,2762,N/A,out,yes,320666,,
Nonsense,2763,N/A,out,yes,320779,,
Nonsense,2764,N/A,out,yes,320893,,
Nonsense,2765,N/A,out,yes,321049,,
Nonsense,2766,N/A,out,yes,321136,,
Nonsense,2767,N/A,out,yes,321249,,
Nonsense,2768,N/A,out,yes,321378,,
Nonsense,2769,N/A,out,yes,321435,,
Nonsense,2770,N/A,out,yes,321522,,
Nonsense,2771,N/A,out,yes,321637,,
Nonsense,2772,N/A,out,yes,321752,,
Nonsense,2773,N/A,out,yes,321824,,
Nonsense,2774,N/A,out,yes,321923,,
Nonsense,2775,N/A,out,yes,322036,,
Nonsense,2776,N/A,out,yes,322149,,
Nonsense,2777,N/A,out,yes,322277,,
Nonsense,2778,N/A,out,yes,322433,,
Nonsense,2779,N/A,out,yes,322590,,
Nonsense,2780,N/A,out,yes,322703,,
Nonsense,2781,N/A,out,yes,322818,,
Nonsense,2782,N/A,out,yes,322932,,
Nonsense,2783,N/A,out,yes,323063,,
Nonsense,2784,N/A,out,yes,323177,,
Nonsense,2785,N/A,out,yes,323324,,
Nonsense,2786,N/A,out,yes,323453,,
Nonsense,2787,N/A,out,yes,323639,,
Nonsense,2788,N/A,out,yes,323726,,
Nonsense,2789,N/A,out,yes,323855,,
Nonsense,2790,N/A,out,yes,323968,,
Nonsense,2791,N/A,out,yes,324124,,
Nonsense,2792,N/A,out,yes,324252,,
Nonsense,2793,N/A,out,yes,324381,,
Nonsense,2794,N/A,out,yes,324468,,
Nonsense,2795,N/A,out,yes,324581,,
Nonsense,2796,N/A,out,yes,324695,,
Nonsense,2797,N/A,out,yes,324808,,
Nonsense,2798,N/A,out,yes,324964,,
Nonsense,2799,N/A,out,yes,325051,,
Nonsense,2800,N/A,out,yes,325189,,
Nonsense,2801,N/A,out,yes,325302,,
Nonsense,2802,N/A,out,yes,325431,,
Nonsense,2803,N/A,out,yes,325502,,
Nonsense,2804,N/A,out,yes,325589,,
Nonsense,2805,N/A,out,yes,325676,,
Nonsense,2806,N/A,out,yes,325791,,
Nonsense,2807,N/A,out,yes,325919,,
Nonsense,2808,N/A,out,yes,326106,,
Nonsense,2809,N/A,out,yes,326234,,
Nonsense,2810,N/A,out,yes,326390,,
Nonsense,2811,N/A,out,yes,326503,,
Nonsense,2812,N/A,out,yes,326640,,
Nonsense,2813,N/A,out,yes,326753,,
Nonsense,2814,N/A,out,yes,326841,,
Nonsense,2815,N/A,out,yes,326954,,
Nonsense,2816,N/A,out,yes,327082,,
Nonsense,2817,N/A,out,yes,327211,,
Nonsense,2818,N/A,out,yes,327324,,
Nonsense,2819,N/A,out,yes,327437,,
Nonsense,2820,N/A,out,yes,327536,,
Nonsense,2821,N/A,out,yes,327723,,
Nonsense,2822,N/A,out,yes,327836,,
Nonsense,2823,N/A,out,yes,327964,,
Nonsense,2824,N/A,out,yes,328077,,
Nonsense,2825,N/A,out,yes,328205,,
Nonsense,2826,N/A,out,yes,328320,,
Nonsense,2827,N/A,out,yes,328436,,
Nonsense,2828,N/A,out,yes,328565,,
Nonsense,2829,N/A,out,yes,328678,,
Nonsense,2830,N/A,out,yes,328765,,
Nonsense,2831,N/A,out,yes,328921,,
Nonsense,2832,N/A,out,yes,329049,,
Nonsense,2833,N/A,out,yes,329120,,
Nonsense,2834,N/A,out,yes,329217,,
Nonsense,2835,N/A,out,yes,329331,,
Nonsense,2836,N/A,out,yes,329388,,
Nonsense,2837,N/A,out,yes,329445,,
Nonsense,2838,N/A,out,yes,329560,,
Nonsense,2839,N/A,out,yes,329707,,
Nonsense,2840,N/A,out,yes,329804,,
Nonsense,2841,N/A,out,yes,329875,,
Nonsense,2842,N/A,out,yes,329974,,
Nonsense,2843,N/A,out,yes,330103,,
Nonsense,2844,N/A,out,yes,330231,,
Nonsense,2845,N/A,out,yes,330359,,
Nonsense,2846,N/A,out,yes,330473,,
Nonsense,2847,N/A,out,yes,330588,,
Nonsense,2848,N/A,out,yes,330687,,
Nonsense,2849,N/A,out,yes,330824,,
Nonsense,2850,N/A,out,yes,330981,,
Nonsense,2851,N/A,out,yes,331052,,
Nonsense,2852,N/A,out,yes,331199,,
Nonsense,2853,N/A,out,yes,331327,,
Nonsense,2854,N/A,out,yes,331483,,
Nonsense,2855,N/A,out,yes,331612,,
Nonsense,2856,N/A,out,yes,331725,,
Nonsense,2857,N/A,out,yes,331854,,
Nonsense,2858,N/A,out,yes,331955,,
Nonsense,2859,N/A,out,yes,332083,,
Nonsense,2860,N/A,out,yes,332212,,
Nonsense,2861,N/A,out,yes,332309,,
Nonsense,2862,N/A,out,yes,332408,,
Nonsense,2863,N/A,out,yes,332521,,
Nonsense,2864,N/A,out,yes,332653,,
Nonsense,2865,N/A,out,yes,332740,,
Nonsense,2866,N/A,out,yes,332841,,
Nonsense,2867,N/A,out,yes,332954,,
Nonsense,2868,N/A,out,yes,333083,,
Nonsense,2869,N/A,out,yes,333184,,
Nonsense,2870,N/A,out,yes,333283,,
Nonsense,2871,N/A,out,yes,333439,,
Nonsense,2872,N/A,out,yes,333552,,
Nonsense,2873,N/A,out,yes,333700,,
Nonsense,2874,N/A,out,yes,333813,,
Nonsense,2875,N/A,out,yes,333914,,
Nonsense,2876,N/A,out,yes,334043,,
Nonsense,2877,N/A,out,yes,334171,,
Nonsense,2878,N/A,out,yes,334268,,
Nonsense,2879,N/A,out,yes,334381,,
Nonsense,2880,N/A,out,yes,334511,,
Nonsense,2881,N/A,out,yes,334568,,
Nonsense,2882,N/A,out,yes,334681,,
Nonsense,2883,N/A,out,yes,334810,,
Nonsense,2884,N/A,out,yes,334938,,
Nonsense,2885,N/A,out,yes,335051,,
Nonsense,2886,N/A,out,yes,335214,,
Nonsense,2887,N/A,out,yes,335343,,
Nonsense,2888,N/A,out,yes,335472,,
Nonsense,2889,N/A,out,yes,335569,,
Nonsense,2890,N/A,out,yes,335725,,
Nonsense,2891,N/A,out,yes,335854,,
Nonsense,2892,N/A,out,yes,335967,,
Nonsense,2893,N/A,out,yes,336064,,
Nonsense,2894,N/A,out,yes,336161,,
Nonsense,2895,N/A,out,yes,336291,,
Nonsense,2896,N/A,out,yes,336420,,
Nonsense,2897,N/A,out,yes,336576,,
Nonsense,2898,N/A,out,yes,336647,,
Nonsense,2899,N/A,out,yes,336775,,
Nonsense,2900,N/A,out,yes,336889,,
Nonsense,2901,N/A,out,yes,336988,,
Nonsense,2902,N/A,out,yes,337089,,
Nonsense,2903,N/A,out,yes,337246,,
Nonsense,2904,N/A,out,yes,337359,,
Nonsense,2905,N/A,out,yes,337472,,
Nonsense,2906,N/A,out,yes,337628,,
Nonsense,2907,N/A,out,yes,337756,,
Nonsense,2908,N/A,out,yes,337884,,
Nonsense,2909,N/A,out,yes,337956,,
Nonsense,2910,N/A,out,yes,338085,,
Nonsense,2911,N/A,out,yes,338214,,
Nonsense,2912,N/A,out,yes,338313,,
Nonsense,2913,N/A,out,yes,338427,,
Nonsense,2914,N/A,out,yes,338528,,
Nonsense,2915,N/A,out,yes,338657,,
Nonsense,2916,N/A,out,yes,338843,,
Nonsense,2917,N/A,out,yes,338972,,
Nonsense,2918,N/A,out,yes,339100,,
Nonsense,2919,N/A,out,yes,339214,,
Nonsense,2920,N/A,out,yes,339328,,
Nonsense,2921,N/A,out,yes,339441,,
Nonsense,2922,N/A,out,yes,339578,,
Nonsense,2923,N/A,out,yes,339665,,
Nonsense,2924,N/A,out,yes,339736,,
Nonsense,2925,N/A,out,yes,339851,,
Nonsense,2926,N/A,out,yes,340038,,
Nonsense,2927,N/A,out,yes,340166,,
Nonsense,2928,N/A,out,yes,340322,,
Nonsense,2929,N/A,out,yes,340450,,
Nonsense,2930,N/A,out,yes,340563,,
Nonsense,2931,N/A,out,yes,340678,,
Nonsense,2932,N/A,out,yes,340807,,
Nonsense,2933,N/A,out,yes,340909,,
Nonsense,2934,N/A,out,yes,341022,,
Nonsense,2935,N/A,out,yes,341151,,
Nonsense,2936,N/A,out,yes,341307,,
Nonsense,2937,N/A,out,yes,341420,,
Nonsense,2938,N/A,out,yes,341576,,
Nonsense,2939,N/A,out,yes,341705,,
Nonsense,2940,N/A,out,yes,341819,,
Nonsense,2941,N/A,out,yes,341947,,
Nonsense,2942,N/A,out,yes,342076,,
Nonsense,2943,N/A,out,yes,342147,,
Nonsense,2944,N/A,out,yes,342248,,
Nonsense,2945,N/A,out,yes,342363,,
Nonsense,2946,N/A,out,yes,342492,,
Nonsense,2947,N/A,out,yes,342605,,
Nonsense,2948,N/A,out,yes,342721,,
Nonsense,2949,N/A,out,yes,342834,,
Nonsense,2950,N/A,out,yes,342962,,
Nonsense,2951,N/A,out,yes,343075,,
Nonsense,2952,N/A,out,yes,343231,,
Nonsense,2953,N/A,out,yes,343359,,
Nonsense,2954,N/A,out,yes,343431,,
Nonsense,2955,N/A,out,yes,343560,,
Nonsense,2956,N/A,out,yes,343659,,
Nonsense,2957,N/A,out,yes,343772,,
Nonsense,2958,N/A,out,yes,343900,,
Nonsense,2959,N/A,out,yes,343957,,
Nonsense,2960,N/A,out,yes,344044,,
Nonsense,2961,N/A,out,yes,344230,,
Nonsense,2962,N/A,out,yes,344359,,
Nonsense,2963,N/A,out,yes,344456,,
Nonsense,2964,N/A,out,yes,344555,,
Nonsense,2965,N/A,out,yes,344612,,
Nonsense,2966,N/A,out,yes,344727,,
Nonsense,2967,N/A,out,yes,344840,,
Nonsense,2968,N/A,out,yes,344953,,
Nonsense,2969,N/A,out,yes,345067,,
Nonsense,2970,N/A,out,yes,345182,,
Nonsense,2971,N/A,out,yes,345269,,
Nonsense,2972,N/A,out,yes,345382,,
Nonsense,2973,N/A,out,yes,345510,,
Nonsense,2974,N/A,out,yes,345625,,
Nonsense,2975,N/A,out,yes,345762,,
Nonsense,2976,N/A,out,yes,345875,,
Nonsense,2977,N/A,out,yes,346005,,
Nonsense,2978,N/A,out,yes,346133,,
Nonsense,2979,N/A,out,yes,346232,,
Nonsense,2980,N/A,out,yes,346360,,
Nonsense,2981,N/A,out,yes,346431,,
Nonsense,2982,N/A,out,yes,346544,,
Nonsense,2983,N/A,out,yes,346700,,
Nonsense,2984,N/A,out,yes,346758,,
Nonsense,2985,N/A,out,yes,346887,,
Nonsense,2986,N/A,out,yes,347000,,
Nonsense,2987,N/A,out,yes,347071,,
Nonsense,2988,N/A,out,yes,347168,,
Nonsense,2989,N/A,out,yes,347281,,
Nonsense,2990,N/A,out,yes,347409,,
Nonsense,2991,N/A,out,yes,347538,,
Nonsense,2992,N/A,out,yes,347653,,
Nonsense,2993,N/A,out,yes,347752,,
Nonsense,2994,N/A,out,yes,347839,,
Nonsense,2995,N/A,out,yes,347976,,
Nonsense,2996,N/A,out,yes,348075,,
Nonsense,2997,N/A,out,yes,348189,,
Nonsense,2998,N/A,out,yes,348304,,
Nonsense,2999,N/A,out,yes,348417,,
Nonsense,3000,N/A,out,yes,348488,,
Nonsense,3001,N/A,out,yes,348645,,
Nonsense,3002,N/A,out,yes,348773,,
Nonsense,3003,N/A,out,yes,348886,,
Nonsense,3004,N/A,out,yes,348987,,
Nonsense,3005,N/A,out,yes,349088,,
Nonsense,3006,N/A,out,yes,349201,,
Nonsense,3007,N/A,out,yes,349258,,
Nonsense,3008,N/A,out,yes,349372,,
Nonsense,3009,N/A,out,yes,349500,,
Nonsense,3010,N/A,out,yes,349613,,
Nonsense,3011,N/A,out,yes,349700,,
Nonsense,3012,N/A,out,yes,349797,,
Nonsense,3013,N/A,out,yes,349960,,
Nonsense,3014,N/A,out,yes,350074,,
Nonsense,3015,N/A,out,yes,350188,,
Nonsense,3016,N/A,out,yes,350275,,
Nonsense,3017,N/A,out,yes,350376,,
Nonsense,3018,N/A,out,yes,350489,,
Nonsense,3019,N/A,out,yes,350618,,
Nonsense,3020,N/A,out,yes,350733,,
Nonsense,3021,N/A,out,yes,350846,,
Nonsense,3022,N/A,out,yes,350960,,
Nonsense,3023,N/A,out,yes,351061,,
Nonsense,3024,N/A,out,yes,351218,,
Nonsense,3025,N/A,out,yes,351404,,
Nonsense,3026,N/A,out,yes,351532,,
Nonsense,3027,N/A,out,yes,351645,,
Nonsense,3028,N/A,out,yes,351758,,
Nonsense,3029,N/A,out,yes,351887,,
Nonsense,3030,N/A,out,yes,351986,,
Nonsense,3031,N/A,out,yes,352057,,
Nonsense,3032,N/A,out,yes,352156,,
Nonsense,3033,N/A,out,yes,352285,,
Nonsense,3034,N/A,out,yes,352400,,
Nonsense,3035,N/A,out,yes,352556,,
Nonsense,3036,N/A,out,yes,352655,,
Nonsense,3037,N/A,out,yes,352811,,
Nonsense,3038,N/A,out,yes,352940,,
Nonsense,3039,N/A,out,yes,353053,,
Nonsense,3040,N/A,out,yes,353190,,
Nonsense,3041,N/A,out,yes,353319,,
Nonsense,3042,N/A,out,yes,353390,,
Nonsense,3043,N/A,out,yes,353527,,
Nonsense,3044,N/A,out,yes,353684,,
Nonsense,3045,N/A,out,yes,353799,,
Nonsense,3046,N/A,out,yes,353946,,
Nonsense,3047,N/A,out,yes,354003,,
Nonsense,3048,N/A,out,yes,354100,,
Nonsense,3049,N/A,out,yes,354171,,
Nonsense,3050,N/A,out,yes,354258,,
Nonsense,3051,N/A,out,yes,354386,,
Nonsense,3052,N/A,out,yes,354524,,
Nonsense,3053,N/A,out,yes,354671,,
Nonsense,3054,N/A,out,yes,354784,,
Nonsense,3055,N/A,out,yes,354871,,
Nonsense,3056,N/A,out,yes,354972,,
Nonsense,3057,N/A,out,yes,355059,,
Nonsense,3058,N/A,out,yes,355158,,
Nonsense,3059,N/A,out,yes,355286,,
Nonsense,3060,N/A,out,yes,355344,,
Nonsense,3061,N/A,out,yes,355441,,
Nonsense,3062,N/A,out,yes,355627,,
Nonsense,3063,N/A,out,yes,355756,,
Nonsense,3064,N/A,out,yes,355912,,
Nonsense,3065,N/A,out,yes,355983,,
Nonsense,3066,N/A,out,yes,356096,,
Nonsense,3067,N/A,out,yes,356183,,
Nonsense,3068,N/A,out,yes,356280,,
Nonsense,3069,N/A,out,yes,356395,,
Nonsense,3070,N/A,out,yes,356523,,
Nonsense,3071,N/A,out,yes,356622,,
Nonsense,3072,N/A,out,yes,356719,,
Nonsense,3073,N/A,out,yes,356882,,
Nonsense,3074,N/A,out,yes,357045,,
Nonsense,3075,N/A,out,yes,357158,,
Nonsense,3076,N/A,out,yes,357273,,
Nonsense,3077,N/A,out,yes,357410,,
Nonsense,3078,N/A,out,yes,357539,,
Nonsense,3079,N/A,out,yes,357640,,
Nonsense,3080,N/A,out,yes,357768,,
Nonsense,3081,N/A,out,yes,357869,,
Nonsense,3082,N/A,out,yes,357970,,
Nonsense,3083,N/A,out,yes,358073,,
Nonsense,3084,N/A,out,yes,358260,,
Nonsense,3085,N/A,out,yes,358375,,
Nonsense,3086,N/A,out,yes,358512,,
Nonsense,3087,N/A,out,yes,358609,,
Nonsense,3088,N/A,out,yes,358737,,
Nonsense,3089,N/A,out,yes,358868,,
Nonsense,3090,N/A,out,yes,358969,,
Nonsense,3091,N/A,out,yes,359099,,
Nonsense,3092,N/A,out,yes,359212,,
Nonsense,3093,N/A,out,yes,359375,,
Nonsense,3094,N/A,out,yes,359503,,
Nonsense,3095,N/A,out,yes,359590,,
Nonsense,3096,N/A,out,yes,359703,,
Nonsense,3097,N/A,out,yes,359774,,
Nonsense,3098,N/A,out,yes,359890,,
Nonsense,3099,N/A,out,yes,360003,,
Nonsense,3100,N/A,out,yes,360117,,
Nonsense,3101,N/A,out,yes,360231,,
Nonsense,3102,N/A,out,yes,360330,,
Nonsense,3103,N/A,out,yes,360486,,
Nonsense,3104,N/A,out,yes,360633,,
Nonsense,3105,N/A,out,yes,360720,,
Nonsense,3106,N/A,out,yes,360792,,
Nonsense,3107,N/A,out,yes,360955,,
Nonsense,3108,N/A,out,yes,361111,,
Nonsense,3109,N/A,out,yes,361212,,
Nonsense,3110,N/A,out,yes,361283,,
Nonsense,3111,N/A,out,yes,361414,,
Nonsense,3112,N/A,out,yes,361542,,
Nonsense,3113,N/A,out,yes,361656,,
Nonsense,3114,N/A,out,yes,361812,,
Nonsense,3115,N/A,out,yes,361968,,
Nonsense,3116,N/A,out,yes,362081,,
Nonsense,3117,N/A,out,yes,362209,,
Nonsense,3118,N/A,out,yes,362338,,
Nonsense,3119,N/A,out,yes,362409,,
Nonsense,3120,N/A,out,yes,362522,,
Nonsense,3121,N/A,out,yes,362625,,
Nonsense,3122,N/A,out,yes,362738,,
Nonsense,3123,N/A,out,yes,362853,,
Nonsense,3124,N/A,out,yes,362966,,
Nonsense,3125,N/A,out,yes,363080,,
Nonsense,3126,N/A,out,yes,363167,,
Nonsense,3127,N/A,out,yes,363280,,
Nonsense,3128,N/A,out,yes,363367,,
Nonsense,3129,N/A,out,yes,363438,,
Nonsense,3130,N/A,out,yes,363509,,
Nonsense,3131,N/A,out,yes,363612,,
Nonsense,3132,N/A,out,yes,363727,,
Nonsense,3133,N/A,out,yes,363798,,
Nonsense,3134,N/A,out,yes,363912,,
Nonsense,3135,N/A,out,yes,364027,,
Nonsense,3136,N/A,out,yes,364155,,
Nonsense,3137,N/A,out,yes,364292,,
Nonsense,3138,N/A,out,yes,364406,,
Nonsense,3139,N/A,out,yes,364519,,
Nonsense,3140,N/A,out,yes,364648,,
Nonsense,3141,N/A,out,yes,364776,,
Nonsense,3142,N/A,out,yes,364890,,
Nonsense,3143,N/A,out,yes,365005,,
Nonsense,3144,N/A,out,yes,365133,,
Nonsense,3145,N/A,out,yes,365230,,
Nonsense,3146,N/A,out,yes,365361,,
Nonsense,3147,N/A,out,yes,365476,,
Nonsense,3148,N/A,out,yes,365590,,
Nonsense,3149,N/A,out,yes,365703,,
Nonsense,3150,N/A,out,yes,365831,,
Nonsense,3151,N/A,out,yes,365944,,
Nonsense,3152,N/A,out,yes,366057,,
Nonsense,3153,N/A,out,yes,366171,,
Nonsense,3154,N/A,out,yes,366275,,
Nonsense,3155,N/A,out,yes,366388,,
Nonsense,3156,N/A,out,yes,366489,,
Nonsense,3157,N/A,out,yes,366590,,
Nonsense,3158,N/A,out,yes,366703,,
Nonsense,3159,N/A,out,yes,366866,,
Nonsense,3160,N/A,out,yes,366981,,
Nonsense,3161,N/A,out,yes,367138,,
Nonsense,3162,N/A,out,yes,367251,,
Nonsense,3163,N/A,out,yes,367380,,
Nonsense,3164,N/A,out,yes,367508,,
Nonsense,3165,N/A,out,yes,367637,,
Nonsense,3166,N/A,out,yes,367774,,
Nonsense,3167,N/A,out,yes,367888,,
Nonsense,3168,N/A,out,yes,368003,,
Nonsense,3169,N/A,out,yes,368116,,
Nonsense,3170,N/A,out,yes,368215,,
Nonsense,3171,N/A,out,yes,368329,,
Nonsense,3172,N/A,out,yes,368428,,
Nonsense,3173,N/A,out,yes,368525,,
Nonsense,3174,N/A,out,yes,368638,,
Nonsense,3175,N/A,out,yes,368741,,
Nonsense,3176,N/A,out,yes,368841,,
Nonsense,3177,N/A,out,yes,368956,,
Nonsense,3178,N/A,out,yes,369087,,
Nonsense,3179,N/A,out,yes,369190,,
Nonsense,3180,N/A,out,yes,369303,,
Nonsense,3181,N/A,out,yes,369417,,
Nonsense,3182,N/A,out,yes,369603,,
Nonsense,3183,N/A,out,yes,369717,,
Nonsense,3184,N/A,out,yes,369830,,
Nonsense,3185,N/A,out,yes,369944,,
Nonsense,3186,N/A,out,yes,370043,,
Nonsense,3187,N/A,out,yes,370206,,
Nonsense,3188,N/A,out,yes,370321,,
Nonsense,3189,N/A,out,yes,370422,,
Nonsense,3190,N/A,out,yes,370479,,
Nonsense,3191,N/A,out,yes,370636,,
Nonsense,3192,N/A,out,yes,370737,,
Nonsense,3193,N/A,out,yes,370794,,
Nonsense,3194,N/A,out,yes,370950,,
Nonsense,3195,N/A,out,yes,371063,,
Nonsense,3196,N/A,out,yes,371219,,
Nonsense,3197,N/A,out,yes,371318,,
Nonsense,3198,N/A,out,yes,371432,,
Nonsense,3199,N/A,out,yes,371519,,
Nonsense,3200,N/A,out,yes,371666,,
Nonsense,3201,N/A,out,yes,371794,,
Nonsense,3202,N/A,out,yes,371895,,
Nonsense,3203,N/A,out,yes,371952,,
Nonsense,3204,N/A,out,yes,372065,,
Nonsense,3205,N/A,out,yes,372179,,
Nonsense,3206,N/A,out,yes,372266,,
Nonsense,3207,N/A,out,yes,372379,,
Nonsense,3208,N/A,out,yes,372482,,
Nonsense,3209,N/A,out,yes,372610,,
Nonsense,3210,N/A,out,yes,372681,,
Nonsense,3211,N/A,out,yes,372819,,
Nonsense,3212,N/A,out,yes,372932,,
Nonsense,3213,N/A,out,yes,373061,,
Nonsense,3214,N/A,out,yes,373176,,
Nonsense,3215,N/A,out,yes,373304,,
Nonsense,3216,N/A,out,yes,373467,,
Nonsense,3217,N/A,out,yes,373623,,
Nonsense,3218,N/A,out,yes,373787,,
Nonsense,3219,N/A,out,yes,373900,,
Nonsense,3220,N/A,out,yes,374047,,
Nonsense,3221,N/A,out,yes,374175,,
Nonsense,3222,N/A,out,yes,374303,,
Nonsense,3223,N/A,out,yes,374402,,
Nonsense,3224,N/A,out,yes,374474,,
Nonsense,3225,N/A,out,yes,374561,,
Nonsense,3226,N/A,out,yes,374648,,
Nonsense,3227,N/A,out,yes,374749,,
Nonsense,3228,N/A,out,yes,374806,,
Nonsense,3229,N/A,out,yes,374953,,
Nonsense,3230,N/A,out,yes,375056,,
Nonsense,3231,N/A,out,yes,375171,,
Nonsense,3232,N/A,out,yes,375299,,
Nonsense,3233,N/A,out,yes,375456,,
Nonsense,3234,N/A,out,yes,375612,,
Nonsense,3235,N/A,out,yes,375725,,
Nonsense,3236,N/A,out,yes,375782,,
Nonsense,3237,N/A,out,yes,375895,,
Nonsense,3238,N/A,out,yes,376008,,
Nonsense,3239,N/A,out,yes,376122,,
Nonsense,3240,N/A,out,yes,376259,,
Nonsense,3241,N/A,out,yes,376374,,
Nonsense,3242,N/A,out,yes,376461,,
Nonsense,3243,N/A,out,yes,376574,,
Nonsense,3244,N/A,out,yes,376702,,
Nonsense,3245,N/A,out,yes,376816,,
Nonsense,3246,N/A,out,yes,376913,,
Nonsense,3247,N/A,out,yes,377069,,
Nonsense,3248,N/A,out,yes,377197,,
Nonsense,3249,N/A,out,yes,377310,,
Nonsense,3250,N/A,out,yes,377367,,
Nonsense,3251,N/A,out,yes,377496,,
Nonsense,3252,N/A,out,yes,377595,,
Nonsense,3253,N/A,out,yes,377667,,
Nonsense,3254,N/A,out,yes,377754,,
Nonsense,3255,N/A,out,yes,377901,,
Nonsense,3256,N/A,out,yes,377958,,
Nonsense,3257,N/A,out,yes,378015,,
Nonsense,3258,N/A,out,yes,378102,,
Nonsense,3259,N/A,out,yes,378216,,
Nonsense,3260,N/A,out,yes,378329,,
Nonsense,3261,N/A,out,yes,378458,,
Nonsense,3262,N/A,out,yes,378556,,
Nonsense,3263,N/A,out,yes,378643,,
Nonsense,3264,N/A,out,yes,378742,,
Nonsense,3265,N/A,out,yes,378898,,
Nonsense,3266,N/A,out,yes,378985,,
Nonsense,3267,N/A,out,yes,379088,,
Nonsense,3268,N/A,out,yes,379235,,
Nonsense,3269,N/A,out,yes,379364,,
Nonsense,3270,N/A,out,yes,379511,,
Nonsense,3271,N/A,out,yes,379582,,
Nonsense,3272,N/A,out,yes,379696,,
Nonsense,3273,N/A,out,yes,379810,,
Nonsense,3274,N/A,out,yes,379938,,
Nonsense,3275,N/A,out,yes,380035,,
Nonsense,3276,N/A,out,yes,380164,,
Nonsense,3277,N/A,out,yes,380277,,
Nonsense,3278,N/A,out,yes,380407,,
Nonsense,3279,N/A,out,yes,380478,,
Nonsense,3280,N/A,out,yes,380549,,
Nonsense,3281,N/A,out,yes,380662,,
Nonsense,3282,N/A,out,yes,380809,,
Nonsense,3283,N/A,out,yes,380922,,
Nonsense,3284,N/A,out,yes,381037,,
Nonsense,3285,N/A,out,yes,381224,,
Nonsense,3286,N/A,out,yes,381355,,
Nonsense,3287,N/A,out,yes,381511,,
Nonsense,3288,N/A,out,yes,381624,,
Nonsense,3289,N/A,out,yes,381753,,
Nonsense,3290,N/A,out,yes,381850,,
Nonsense,3291,N/A,out,yes,381978,,
Nonsense,3292,N/A,out,yes,382066,,
Nonsense,3293,N/A,out,yes,382197,,
Nonsense,3294,N/A,out,yes,382296,,
Nonsense,3295,N/A,out,yes,382482,,
Nonsense,3296,N/A,out,yes,382595,,
Nonsense,3297,N/A,out,yes,382692,,
Nonsense,3298,N/A,out,yes,382791,,
Nonsense,3299,N/A,out,yes,382905,,
Nonsense,3300,N/A,out,yes,383042,,
Nonsense,3301,N/A,out,yes,383198,,
Nonsense,3302,N/A,out,yes,383297,,
Nonsense,3303,N/A,out,yes,383368,,
Nonsense,3304,N/A,out,yes,383439,,
Nonsense,3305,N/A,out,yes,383510,,
Nonsense,3306,N/A,out,yes,383639,,
Nonsense,3307,N/A,out,yes,383740,,
Nonsense,3308,N/A,out,yes,383812,,
Nonsense,3309,N/A,out,yes,383940,,
Nonsense,3310,N/A,out,yes,384077,,
Nonsense,3311,N/A,out,yes,384205,,
Nonsense,3312,N/A,out,yes,384276,,
Nonsense,3313,N/A,out,yes,384404,,
Nonsense,3314,N/A,out,yes,384508,,
Nonsense,3315,N/A,out,yes,384622,,
Nonsense,3316,N/A,out,yes,384735,,
Nonsense,3317,N/A,out,yes,384838,,
Nonsense,3318,N/A,out,yes,384966,,
Nonsense,3319,N/A,out,yes,385095,,
Nonsense,3320,N/A,out,yes,385198,,
Nonsense,3321,N/A,out,yes,385296,,
Nonsense,3322,N/A,out,yes,385409,,
Nonsense,3323,N/A,out,yes,385522,,
Nonsense,3324,N/A,out,yes,385579,,
Nonsense,3325,N/A,out,yes,385726,,
Nonsense,3326,N/A,out,yes,385882,,
Nonsense,3327,N/A,out,yes,386046,,
Nonsense,3328,N/A,out,yes,386202,,
Nonsense,3329,N/A,out,yes,386289,,
Nonsense,3330,N/A,out,yes,386402,,
Nonsense,3331,N/A,out,yes,386530,,
Nonsense,3332,N/A,out,yes,386667,,
Nonsense,3333,N/A,out,yes,386815,,
Nonsense,3334,N/A,out,yes,386929,,
Nonsense,3335,N/A,out,yes,387092,,
Nonsense,3336,N/A,out,yes,387207,,
Nonsense,3337,N/A,out,yes,387320,,
Nonsense,3338,N/A,out,yes,387423,,
Nonsense,3339,N/A,out,yes,387551,,
Nonsense,3340,N/A,out,yes,387639,,
Nonsense,3341,N/A,out,yes,387742,,
Nonsense,3342,N/A,out,yes,387889,,
Nonsense,3343,N/A,out,yes,388036,,
Nonsense,3344,N/A,out,yes,388123,,
Nonsense,3345,N/A,out,yes,388180,,
Nonsense,3346,N/A,out,yes,388336,,
Nonsense,3347,N/A,out,yes,388436,,
Nonsense,3348,N/A,out,yes,388507,,
Nonsense,3349,N/A,out,yes,388635,,
Nonsense,3350,N/A,out,yes,388692,,
Nonsense,3351,N/A,out,yes,388829,,
Nonsense,3352,N/A,out,yes,388957,,
Nonsense,3353,N/A,out,yes,389088,,
Nonsense,3354,N/A,out,yes,389226,,
Nonsense,3355,N/A,out,yes,389389,,
Nonsense,3356,N/A,out,yes,389486,,
Nonsense,3357,N/A,out,yes,389617,,
Nonsense,3358,N/A,out,yes,389716,,
Nonsense,3359,N/A,out,yes,389845,,
Nonsense,3360,N/A,out,yes,390008,,
Nonsense,3361,N/A,out,yes,390112,,
Nonsense,3362,N/A,out,yes,390213,,
Nonsense,3363,N/A,out,yes,390310,,
Nonsense,3364,N/A,out,yes,390411,,
Nonsense,3365,N/A,out,yes,390512,,
Nonsense,3366,N/A,out,yes,390599,,
Nonsense,3367,N/A,out,yes,390656,,
Nonsense,3368,N/A,out,yes,390785,,
Nonsense,3369,N/A,out,yes,390900,,
Nonsense,3370,N/A,out,yes,390999,,
Nonsense,3371,N/A,out,yes,391156,,
Nonsense,3372,N/A,out,yes,391271,,
Nonsense,3373,N/A,out,yes,391418,,
Nonsense,3374,N/A,out,yes,391489,,
Nonsense,3375,N/A,out,yes,391617,,
Nonsense,3376,N/A,out,yes,391716,,
Nonsense,3377,N/A,out,yes,391829,,
Nonsense,3378,N/A,out,yes,391958,,
Nonsense,3379,N/A,out,yes,392072,,
Nonsense,3380,N/A,out,yes,392200,,
Nonsense,3381,N/A,out,yes,392347,,
Nonsense,3382,N/A,out,yes,392503,,
Nonsense,3383,N/A,out,yes,392604,,
Nonsense,3384,N/A,out,yes,392732,,
Nonsense,3385,N/A,out,yes,392889,,
Nonsense,3386,N/A,out,yes,393052,,
Nonsense,3387,N/A,out,yes,393199,,
Nonsense,3388,N/A,out,yes,393270,,
Nonsense,3389,N/A,out,yes,393398,,
Nonsense,3390,N/A,out,yes,393535,,
Nonsense,3391,N/A,out,yes,393633,,
Nonsense,3392,N/A,out,yes,393789,,
Nonsense,3393,N/A,out,yes,393920,,
Nonsense,3394,N/A,out,yes,393977,,
Nonsense,3395,N/A,out,yes,394140,,
Nonsense,3396,N/A,out,yes,394253,,
Nonsense,3397,N/A,out,yes,394350,,
Nonsense,3398,N/A,out,yes,394450,,
Nonsense,3399,N/A,out,yes,394578,,
Nonsense,3400,N/A,out,yes,394679,,
Nonsense,3401,N/A,out,yes,394778,,
Nonsense,3402,N/A,out,yes,394891,,
Nonsense,3403,N/A,out,yes,395020,,
Nonsense,3404,N/A,out,yes,395077,,
Nonsense,3405,N/A,out,yes,395192,,
Nonsense,3406,N/A,out,yes,395306,,
Nonsense,3407,N/A,out,yes,395438,,
Nonsense,3408,N/A,out,yes,395567,,
Nonsense,3409,N/A,out,yes,395668,,
Nonsense,3410,N/A,out,yes,395765,,
Nonsense,3411,N/A,out,yes,395864,,
Nonsense,3412,N/A,out,yes,395965,,
Nonsense,3413,N/A,out,yes,396078,,
Nonsense,3414,N/A,out,yes,396191,,
Nonsense,3415,N/A,out,yes,396305,,
Nonsense,3416,N/A,out,yes,396453,,
Nonsense,3417,N/A,out,yes,396639,,
Nonsense,3418,N/A,out,yes,396736,,
Nonsense,3419,N/A,out,yes,396835,,
Nonsense,3420,N/A,out,yes,396950,,
Nonsense,3421,N/A,out,yes,397037,,
Nonsense,3422,N/A,out,yes,397108,,
Nonsense,3423,N/A,out,yes,397205,,
Nonsense,3424,N/A,out,yes,397276,,
Nonsense,3425,N/A,out,yes,397364,,
Nonsense,3426,N/A,out,yes,397451,,
Nonsense,3427,N/A,out,yes,397548,,
Nonsense,3428,N/A,out,yes,397676,,
Nonsense,3429,N/A,out,yes,397789,,
Nonsense,3430,N/A,out,yes,397876,,
Nonsense,3431,N/A,out,yes,398013,,
Nonsense,3432,N/A,out,yes,398128,,
Nonsense,3433,N/A,out,yes,398244,,
Nonsense,3434,N/A,out,yes,398345,,
Nonsense,3435,N/A,out,yes,398482,,
Nonsense,3436,N/A,out,yes,398569,,
Nonsense,3437,N/A,out,yes,398725,,
Nonsense,3438,N/A,out,yes,398838,,
Nonsense,3439,N/A,out,yes,398967,,
Nonsense,3440,N/A,out,yes,399104,,
Nonsense,3441,N/A,out,yes,399268,,
Nonsense,3442,N/A,out,yes,399339,,
Nonsense,3443,N/A,out,yes,399426,,
Nonsense,3444,N/A,out,yes,399582,,
Nonsense,3445,N/A,out,yes,399695,,
Nonsense,3446,N/A,out,yes,399766,,
Nonsense,3447,N/A,out,yes,399895,,
Nonsense,3448,N/A,out,yes,400027,,
Nonsense,3449,N/A,out,yes,400156,,
Nonsense,3450,N/A,out,yes,400270,,
Nonsense,3451,N/A,out,yes,400357,,
Nonsense,3452,N/A,out,yes,400471,,
Nonsense,3453,N/A,out,yes,400528,,
Nonsense,3454,N/A,out,yes,400615,,
Nonsense,3455,N/A,out,yes,400778,,
Nonsense,3456,N/A,out,yes,400891,,
Nonsense,3457,N/A,out,yes,401006,,
Nonsense,3458,N/A,out,yes,401121,,
Nonsense,3459,N/A,out,yes,401208,,
Nonsense,3460,N/A,out,yes,401321,,
Nonsense,3461,N/A,out,yes,401408,,
Nonsense,3462,N/A,out,yes,401505,,
Nonsense,3463,N/A,out,yes,401619,,
Nonsense,3464,N/A,out,yes,401748,,
Nonsense,3465,N/A,out,yes,401835,,
Nonsense,3466,N/A,out,yes,401949,,
Nonsense,3467,N/A,out,yes,402064,,
Nonsense,3468,N/A,out,yes,402179,,
Nonsense,3469,N/A,out,yes,402308,,
Nonsense,3470,N/A,out,yes,402445,,
Nonsense,3471,N/A,out,yes,402558,,
Nonsense,3472,N/A,out,yes,402671,,
Nonsense,3473,N/A,out,yes,402784,,
Nonsense,3474,N/A,out,yes,402913,,
Nonsense,3475,N/A,out,yes,403050,,
Nonsense,3476,N/A,out,yes,403213,,
Nonsense,3477,N/A,out,yes,403316,,
Nonsense,3478,N/A,out,yes,403444,,
Nonsense,3479,N/A,out,yes,403532,,
Nonsense,3480,N/A,out,yes,403645,,
Nonsense,3481,N/A,out,yes,403759,,
Nonsense,3482,N/A,out,yes,403887,,
Nonsense,3483,N/A,out,yes,404002,,
Nonsense,3484,N/A,out,yes,404089,,
Nonsense,3485,N/A,out,yes,404186,,
Nonsense,3486,N/A,out,yes,404299,,
Nonsense,3487,N/A,out,yes,404386,,
Nonsense,3488,N/A,out,yes,404515,,
Nonsense,3489,N/A,out,yes,404612,,
Nonsense,3490,N/A,out,yes,404768,,
Nonsense,3491,N/A,out,yes,404855,,
Nonsense,3492,N/A,out,yes,404952,,
Nonsense,3493,N/A,out,yes,405023,,
Nonsense,3494,N/A,out,yes,405151,,
Nonsense,3495,N/A,out,yes,405265,,
Nonsense,3496,N/A,out,yes,405378,,
Nonsense,3497,N/A,out,yes,405491,,
Nonsense,3498,N/A,out,yes,405578,,
Nonsense,3499,N/A,out,yes,405691,,
Nonsense,3500,N/A,out,yes,405820,,
Nonsense,3501,N/A,out,yes,405907,,
Nonsense,3502,N/A,out,yes,406036,,
Nonsense,3503,N/A,out,yes,406166,,
Nonsense,3504,N/A,out,yes,406322,,
Nonsense,3505,N/A,out,yes,406379,,
Nonsense,3506,N/A,out,yes,406508,,
Nonsense,3507,N/A,out,yes,406621,,
Nonsense,3508,N/A,out,yes,406750,,
Nonsense,3509,N/A,out,yes,406906,,
Nonsense,3510,N/A,out,yes,407020,,
Nonsense,3511,N/A,out,yes,407133,,
Nonsense,3512,N/A,out,yes,407204,,
Nonsense,3513,N/A,out,yes,407319,,
Nonsense,3514,N/A,out,yes,407432,,
Nonsense,3515,N/A,out,yes,407561,,
Nonsense,3516,N/A,out,yes,407690,,
Nonsense,3517,N/A,out,yes,407819,,
Nonsense,3518,N/A,out,yes,407933,,
Nonsense,3519,N/A,out,yes,408090,,
Nonsense,3520,N/A,out,yes,408204,,
Nonsense,3521,N/A,out,yes,408317,,
Nonsense,3522,N/A,out,yes,408445,,
Nonsense,3523,N/A,out,yes,408516,,
Nonsense,3524,N/A,out,yes,408645,,
Nonsense,3525,N/A,out,yes,408808,,
Nonsense,3526,N/A,out,yes,408923,,
Nonsense,3527,N/A,out,yes,409080,,
Nonsense,3528,N/A,out,yes,409193,,
Nonsense,3529,N/A,out,yes,409321,,
Nonsense,3530,N/A,out,yes,409449,,
Nonsense,3531,N/A,out,yes,409577,,
Nonsense,3532,N/A,out,yes,409715,,
Nonsense,3533,N/A,out,yes,409844,,
Nonsense,3534,N/A,out,yes,409981,,
Nonsense,3535,N/A,out,yes,410109,,
Nonsense,3536,N/A,out,yes,410166,,
Nonsense,3537,N/A,out,yes,410279,,
Nonsense,3538,N/A,out,yes,410366,,
Nonsense,3539,N/A,out,yes,410463,,
Nonsense,3540,N/A,out,yes,410577,,
Nonsense,3541,N/A,out,yes,410674,,
Nonsense,3542,N/A,out,yes,410761,,
Nonsense,3543,N/A,out,yes,410858,,
Nonsense,3544,N/A,out,yes,410955,,
Nonsense,3545,N/A,out,yes,411084,,
Nonsense,3546,N/A,out,yes,411215,,
Nonsense,3547,N/A,out,yes,411346,,
Nonsense,3548,N/A,out,yes,411444,,
Nonsense,3549,N/A,out,yes,411545,,
Nonsense,3550,N/A,out,yes,411632,,
Nonsense,3551,N/A,out,yes,411729,,
Nonsense,3552,N/A,out,yes,411857,,
Nonsense,3553,N/A,out,yes,411944,,
Nonsense,3554,N/A,out,yes,412041,,
Nonsense,3555,N/A,out,yes,412197,,
Nonsense,3556,N/A,out,yes,412312,,
Nonsense,3557,N/A,out,yes,412384,,
Nonsense,3558,N/A,out,yes,412513,,
Nonsense,3559,N/A,out,yes,412626,,
Nonsense,3560,N/A,out,yes,412739,,
Nonsense,3561,N/A,out,yes,412810,,
Nonsense,3562,N/A,out,yes,412939,,
Nonsense,3563,N/A,out,yes,413010,,
Nonsense,3564,N/A,out,yes,413138,,
Nonsense,3565,N/A,out,yes,413252,,
Nonsense,3566,N/A,out,yes,413365,,
Nonsense,3567,N/A,out,yes,413521,,
Nonsense,3568,N/A,out,yes,413649,,
Nonsense,3569,N/A,out,yes,413786,,
Nonsense,3570,N/A,out,yes,413915,,
Nonsense,3571,N/A,out,yes,413972,,
Nonsense,3572,N/A,out,yes,414128,,
Nonsense,3573,N/A,out,yes,414241,,
Nonsense,3574,N/A,out,yes,414370,,
Nonsense,3575,N/A,out,yes,414441,,
Nonsense,3576,N/A,out,yes,414597,,
Nonsense,3577,N/A,out,yes,414729,,
Nonsense,3578,N/A,out,yes,414857,,
Nonsense,3579,N/A,out,yes,414970,,
Nonsense,3580,N/A,out,yes,415083,,
Nonsense,3581,N/A,out,yes,415212,,
Nonsense,3582,N/A,out,yes,415327,,
Nonsense,3583,N/A,out,yes,415464,,
Nonsense,3584,N/A,out,yes,415578,,
Nonsense,3585,N/A,out,yes,415707,,
Nonsense,3586,N/A,out,yes,415835,,
Nonsense,3587,N/A,out,yes,415948,,
Nonsense,3588,N/A,out,yes,416077,,
Nonsense,3589,N/A,out,yes,416164,,
Nonsense,3590,N/A,out,yes,416292,,
Nonsense,3591,N/A,out,yes,416406,,
Nonsense,3592,N/A,out,yes,416543,,
Nonsense,3593,N/A,out,yes,416699,,
Nonsense,3594,N/A,out,yes,416812,,
Nonsense,3595,N/A,out,yes,416968,,
Nonsense,3596,N/A,out,yes,417097,,
Nonsense,3597,N/A,out,yes,417210,,
Nonsense,3598,N/A,out,yes,417323,,
Nonsense,3599,N/A,out,yes,417452,,
Nonsense,3600,N/A,out,yes,417580,,
Nonsense,3601,N/A,out,yes,417677,,
Nonsense,3602,N/A,out,yes,417805,,
Nonsense,3603,N/A,out,yes,417877,,
Nonsense,3604,N/A,out,yes,418006,,
Nonsense,3605,N/A,out,yes,418077,,
Nonsense,3606,N/A,out,yes,418205,,
Nonsense,3607,N/A,out,yes,418304,,
Nonsense,3608,N/A,out,yes,418418,,
Nonsense,3609,N/A,out,yes,418475,,
Nonsense,3610,N/A,out,yes,418576,,
Nonsense,3611,N/A,out,yes,418677,,
Nonsense,3612,N/A,out,yes,418776,,
Nonsense,3613,N/A,out,yes,418863,,
Nonsense,3614,N/A,out,yes,418951,,
Nonsense,3615,N/A,out,yes,419048,,
Nonsense,3616,N/A,out,yes,419135,,
Nonsense,3617,N/A,out,yes,419236,,
Nonsense,3618,N/A,out,yes,419323,,
Nonsense,3619,N/A,out,yes,419436,,
Nonsense,3620,N/A,out,yes,419564,,
Nonsense,3621,N/A,out,yes,419720,,
Nonsense,3622,N/A,out,yes,419808,,
Nonsense,3623,N/A,out,yes,419923,,
Nonsense,3624,N/A,out,yes,420010,,
Nonsense,3625,N/A,out,yes,420097,,
Nonsense,3626,N/A,out,yes,420225,,
Nonsense,3627,N/A,out,yes,420322,,
Nonsense,3628,N/A,out,yes,420453,,
Nonsense,3629,N/A,out,yes,420566,,
Nonsense,3630,N/A,out,yes,420680,,
Nonsense,3631,N/A,out,yes,420836,,
Nonsense,3632,N/A,out,yes,420935,,
Nonsense,3633,N/A,out,yes,421034,,
Nonsense,3634,N/A,out,yes,421091,,
Nonsense,3635,N/A,out,yes,421178,,
Nonsense,3636,N/A,out,yes,421306,,
Nonsense,3637,N/A,out,yes,421407,,
Nonsense,3638,N/A,out,yes,421494,,
Nonsense,3639,N/A,out,yes,421610,,
Nonsense,3640,N/A,out,yes,421697,,
Nonsense,3641,N/A,out,yes,421828,,
Nonsense,3642,N/A,out,yes,421885,,
Nonsense,3643,N/A,out,yes,422014,,
Nonsense,3644,N/A,out,yes,422143,,
Nonsense,3645,N/A,out,yes,422258,,
Nonsense,3646,N/A,out,yes,422371,,
Nonsense,3647,N/A,out,yes,422485,,
Nonsense,3648,N/A,out,yes,422572,,
Nonsense,3649,N/A,out,yes,422669,,
Nonsense,3650,N/A,out,yes,422766,,
Nonsense,3651,N/A,out,yes,422894,,
Nonsense,3652,N/A,out,yes,423009,,
Nonsense,3653,N/A,out,yes,423110,,
Nonsense,3654,N/A,out,yes,423197,,
Nonsense,3655,N/A,out,yes,423298,,
Nonsense,3656,N/A,out,yes,423355,,
Nonsense,3657,N/A,out,yes,423469,,
Nonsense,3658,N/A,out,yes,423598,,
Nonsense,3659,N/A,out,yes,423727,,
Nonsense,3660,N/A,out,yes,423826,,
Nonsense,3661,N/A,out,yes,423957,,
Nonsense,3662,N/A,out,yes,424086,,
Nonsense,3663,N/A,out,yes,424214,,
Nonsense,3664,N/A,out,yes,424327,,
Nonsense,3665,N/A,out,yes,424442,,
Nonsense,3666,N/A,out,yes,424556,,
Nonsense,3667,N/A,out,yes,424643,,
Nonsense,3668,N/A,out,yes,424790,,
Nonsense,3669,N/A,out,yes,424887,,
Nonsense,3670,N/A,out,yes,424974,,
Nonsense,3671,N/A,out,yes,425061,,
Nonsense,3672,N/A,out,yes,425217,,
Nonsense,3673,N/A,out,yes,425274,,
Nonsense,3674,N/A,out,yes,425431,,
Nonsense,3675,N/A,out,yes,425545,,
Nonsense,3676,N/A,out,yes,425646,,
Nonsense,3677,N/A,out,yes,425743,,
Nonsense,3678,N/A,out,yes,425800,,
Nonsense,3679,N/A,out,yes,425928,,
Nonsense,3680,N/A,out,yes,426025,,
Nonsense,3681,N/A,out,yes,426156,,
Nonsense,3682,N/A,out,yes,426313,,
Nonsense,3683,N/A,out,yes,426442,,
Nonsense,3684,N/A,out,yes,426557,,
Nonsense,3685,N/A,out,yes,426658,,
